id,Bring Inside/Cover,Precip Range,Condition,6AM Moisture,60-65°F,66-70°F,71-75°F,76-80°F,81-85°F,86-90°F,90+°F
basil_001,< 45°F,0-25%,Sunny,Dry (0-3),Use Fogg-It 0.5 GPM for 5 sec OR Fogg-It 2 GPM for 5 sec. slowly around base,Use Fogg-It 0.5 GPM for 5 sec OR Fogg-It 2 GPM for 5 sec. slowly around base,Use Fogg-It 0.5 GPM for 5 sec OR Fogg-It 2 GPM for 5 sec. slowly around base,Use Fogg-It 0.5 GPM for 10 sec OR Fogg-It 2 GPM for 5 sec. slowly around base,Use Fogg-It 0.5 GPM for 10 sec OR Fogg-It 2 GPM for 5 sec. slowly around base,Use Fogg-It 0.5 GPM for 10 sec OR Fogg-It 2 GPM for 5 sec. s slowly around base,Use Fogg-It 0.5 GPM for 15 sec OR Fogg-It 2 GPM for 5 sec. slowly around base
basil_001,< 45°F,0-25%,Sunny,Normal (3-7),Use Fogg-It 0.5 GPM for 5 sec OR Fogg-It 2 GPM for 5 sec. slowly around base,Use Fogg-It 0.5 GPM for 5 sec OR Fogg-It 2 GPM for 5 sec. slowly around base,Use Fogg-It 0.5 GPM for 5 sec OR Fogg-It 2 GPM for 5 sec. slowly around base,Use Fogg-It 0.5 GPM for 5 sec OR Fogg-It 2 GPM for 5 sec. slowly around base,Use Fogg-It 0.5 GPM for 5 sec OR Fogg-It 2 GPM for 5 sec. slowly around base,Use Fogg-It 0.5 GPM for 5 sec OR Fogg-It 2 GPM for 5 sec. slowly around base,Use Fogg-It 0.5 GPM for 10 sec OR Fogg-It 2 GPM for 5 sec. slowly around base
basil_001,< 45°F,0-25%,Sunny,Wet (7-10),Don't water,Don't water,Don't water,Don't water,Don't water,Don't water,Don't water
basil_001,< 45°F,0-25%,Partly Cloudy,Dry (0-3),Use Fogg-It 0.5 GPM for 5 sec OR Fogg-It 2 GPM for 5 sec. slowly around base,Use Fogg-It 0.5 GPM for 5 sec OR Fogg-It 2 GPM for 5 sec. slowly around base,Use Fogg-It 0.5 GPM for 5 sec OR Fogg-It 2 GPM for 5 sec. slowly around base,Use Fogg-It 0.5 GPM for 5 sec OR Fogg-It 2 GPM for 5 sec. slowly around base,Use Fogg-It 0.5 GPM for 10 sec OR Fogg-It 2 GPM for 5 sec. slowly around base,Use Fogg-It 0.5 GPM for 10 sec OR Fogg-It 2 GPM for 5 sec. slowly around base,Use Fogg-It 0.5 GPM for 10 sec OR Fogg-It 2 GPM for 5 sec. s slowly around base
basil_001,< 45°F,0-25%,Partly Cloudy,Normal (3-7),Use Fogg-It 0.5 GPM for 5 sec OR Fogg-It 2 GPM for 5 sec. slowly around base,Use Fogg-It 0.5 GPM for 5 sec OR Fogg-It 2 GPM for 5 sec. slowly around base,Use Fogg-It 0.5 GPM for 5 sec OR Fogg-It 2 GPM for 5 sec. slowly around base,Use Fogg-It 0.5 GPM for 5 sec OR Fogg-It 2 GPM for 5 sec. slowly around base,Use Fogg-It 0.5 GPM for 5 sec OR Fogg-It 2 GPM for 5 sec. slowly around base,Use Fogg-It 0.5 GPM for 5 sec OR Fogg-It 2 GPM for 5 sec. slowly around base,Use Fogg-It 0.5 GPM for 5 sec OR Fogg-It 2 GPM for 5 sec. slowly around base
basil_001,< 45°F,0-25%,Partly Cloudy,Wet (7-10),Don't water,Don't water,Don't water,Don't water,Don't water,Don't water,Don't water
basil_001,< 45°F,0-25%,Cloudy,Dry (0-3),Use Fogg-It 0.5 GPM for 5 sec OR Fogg-It 2 GPM for 5 sec. slowly around base,Use Fogg-It 0.5 GPM for 5 sec OR Fogg-It 2 GPM for 5 sec. slowly around base,Use Fogg-It 0.5 GPM for 5 sec OR Fogg-It 2 GPM for 5 sec. slowly around base,Use Fogg-It 0.5 GPM for 5 sec OR Fogg-It 2 GPM for 5 sec. slowly around base,Use Fogg-It 0.5 GPM for 5 sec OR Fogg-It 2 GPM for 5 sec. slowly around base,Use Fogg-It 0.5 GPM for 10 sec OR Fogg-It 2 GPM for 5 sec. slowly around base,Use Fogg-It 0.5 GPM for 10 sec OR Fogg-It 2 GPM for 5 sec. slowly around base
basil_001,< 45°F,0-25%,Cloudy,Normal (3-7),Don't water,Use Fogg-It 0.5 GPM for 5 sec OR Fogg-It 2 GPM for 5 sec. slowly around base,Use Fogg-It 0.5 GPM for 5 sec OR Fogg-It 2 GPM for 5 sec. slowly around base,Use Fogg-It 0.5 GPM for 5 sec OR Fogg-It 2 GPM for 5 sec. slowly around base,Use Fogg-It 0.5 GPM for 5 sec OR Fogg-It 2 GPM for 5 sec. slowly around base,Use Fogg-It 0.5 GPM for 5 sec OR Fogg-It 2 GPM for 5 sec. slowly around base,Use Fogg-It 0.5 GPM for 5 sec OR Fogg-It 2 GPM for 5 sec. slowly around base
basil_001,< 45°F,0-25%,Cloudy,Wet (7-10),Don't water,Don't water,Don't water,Don't water,Don't water,Don't water,Don't water
basil_001,< 45°F,26-50%,Sunny,Dry (0-3),Use Fogg-It 0.5 GPM for 5 sec OR Fogg-It 2 GPM for 5 sec. slowly around base,Use Fogg-It 0.5 GPM for 5 sec OR Fogg-It 2 GPM for 5 sec. slowly around base,Use Fogg-It 0.5 GPM for 5 sec OR Fogg-It 2 GPM for 5 sec. slowly around base,Use Fogg-It 0.5 GPM for 5 sec OR Fogg-It 2 GPM for 5 sec. slowly around base,Use Fogg-It 0.5 GPM for 10 sec OR Fogg-It 2 GPM for 5 sec. slowly around base,Use Fogg-It 0.5 GPM for 10 sec OR Fogg-It 2 GPM for 5 sec. slowly around base,Use Fogg-It 0.5 GPM for 10 sec OR Fogg-It 2 GPM for 5 sec. s slowly around base
basil_001,< 45°F,26-50%,Sunny,Normal (3-7),Use Fogg-It 0.5 GPM for 5 sec OR Fogg-It 2 GPM for 5 sec. slowly around base,Use Fogg-It 0.5 GPM for 5 sec OR Fogg-It 2 GPM for 5 sec. slowly around base,Use Fogg-It 0.5 GPM for 5 sec OR Fogg-It 2 GPM for 5 sec. slowly around base,Use Fogg-It 0.5 GPM for 5 sec OR Fogg-It 2 GPM for 5 sec. slowly around base,Use Fogg-It 0.5 GPM for 5 sec OR Fogg-It 2 GPM for 5 sec. slowly around base,Use Fogg-It 0.5 GPM for 5 sec OR Fogg-It 2 GPM for 5 sec. slowly around base,Use Fogg-It 0.5 GPM for 5 sec OR Fogg-It 2 GPM for 5 sec. slowly around base
basil_001,< 45°F,26-50%,Sunny,Wet (7-10),Don't water,Don't water,Don't water,Don't water,Don't water,Don't water,Don't water
basil_001,< 45°F,26-50%,Partly Cloudy,Dry (0-3),Use Fogg-It 0.5 GPM for 5 sec OR Fogg-It 2 GPM for 5 sec. slowly around base,Use Fogg-It 0.5 GPM for 5 sec OR Fogg-It 2 GPM for 5 sec. slowly around base,Use Fogg-It 0.5 GPM for 5 sec OR Fogg-It 2 GPM for 5 sec. slowly around base,Use Fogg-It 0.5 GPM for 5 sec OR Fogg-It 2 GPM for 5 sec. slowly around base,Use Fogg-It 0.5 GPM for 5 sec OR Fogg-It 2 GPM for 5 sec. slowly around base,Use Fogg-It 0.5 GPM for 10 sec OR Fogg-It 2 GPM for 5 sec. slowly around base,Use Fogg-It 0.5 GPM for 10 sec OR Fogg-It 2 GPM for 5 sec. slowly around base
basil_001,< 45°F,26-50%,Partly Cloudy,Normal (3-7),Don't water,Use Fogg-It 0.5 GPM for 5 sec OR Fogg-It 2 GPM for 5 sec. slowly around base,Use Fogg-It 0.5 GPM for 5 sec OR Fogg-It 2 GPM for 5 sec. slowly around base,Use Fogg-It 0.5 GPM for 5 sec OR Fogg-It 2 GPM for 5 sec. slowly around base,Use Fogg-It 0.5 GPM for 5 sec OR Fogg-It 2 GPM for 5 sec. slowly around base,Use Fogg-It 0.5 GPM for 5 sec OR Fogg-It 2 GPM for 5 sec. slowly around base,Use Fogg-It 0.5 GPM for 5 sec OR Fogg-It 2 GPM for 5 sec. slowly around base
basil_001,< 45°F,26-50%,Partly Cloudy,Wet (7-10),Don't water,Don't water,Don't water,Don't water,Don't water,Don't water,Don't water
basil_001,< 45°F,26-50%,Cloudy,Dry (0-3),Use Fogg-It 0.5 GPM for 5 sec OR Fogg-It 2 GPM for 5 sec. slowly around base,Use Fogg-It 0.5 GPM for 5 sec OR Fogg-It 2 GPM for 5 sec. slowly around base,Use Fogg-It 0.5 GPM for 5 sec OR Fogg-It 2 GPM for 5 sec. slowly around base,Use Fogg-It 0.5 GPM for 5 sec OR Fogg-It 2 GPM for 5 sec. slowly around base,Use Fogg-It 0.5 GPM for 5 sec OR Fogg-It 2 GPM for 5 sec. slowly around base,Use Fogg-It 0.5 GPM for 5 sec OR Fogg-It 2 GPM for 5 sec. slowly around base,Use Fogg-It 0.5 GPM for 10 sec OR Fogg-It 2 GPM for 5 sec. slowly around base
basil_001,< 45°F,26-50%,Cloudy,Normal (3-7),Don't water,Don't water,Use Fogg-It 0.5 GPM for 5 sec OR Fogg-It 2 GPM for 5 sec. slowly around base,Use Fogg-It 0.5 GPM for 5 sec OR Fogg-It 2 GPM for 5 sec. slowly around base,Use Fogg-It 0.5 GPM for 5 sec OR Fogg-It 2 GPM for 5 sec. slowly around base,Use Fogg-It 0.5 GPM for 5 sec OR Fogg-It 2 GPM for 5 sec. slowly around base,Use Fogg-It 0.5 GPM for 5 sec OR Fogg-It 2 GPM for 5 sec. slowly around base
basil_001,< 45°F,26-50%,Cloudy,Wet (7-10),Don't water,Don't water,Don't water,Don't water,Don't water,Don't water,Don't water
basil_001,< 45°F,51-75%,Sunny,Dry (0-3),Use Fogg-It 0.5 GPM for 5 sec OR Fogg-It 2 GPM for 5 sec. slowly around base,Use Fogg-It 0.5 GPM for 5 sec OR Fogg-It 2 GPM for 5 sec. slowly around base,Use Fogg-It 0.5 GPM for 5 sec OR Fogg-It 2 GPM for 5 sec. slowly around base,Use Fogg-It 0.5 GPM for 5 sec OR Fogg-It 2 GPM for 5 sec. slowly around base,Use Fogg-It 0.5 GPM for 5 sec OR Fogg-It 2 GPM for 5 sec. slowly around base,Use Fogg-It 0.5 GPM for 10 sec OR Fogg-It 2 GPM for 5 sec. slowly around base,Use Fogg-It 0.5 GPM for 10 sec OR Fogg-It 2 GPM for 5 sec. slowly around base
basil_001,< 45°F,51-75%,Sunny,Normal (3-7),Don't water,Use Fogg-It 0.5 GPM for 5 sec OR Fogg-It 2 GPM for 5 sec. slowly around base,Use Fogg-It 0.5 GPM for 5 sec OR Fogg-It 2 GPM for 5 sec. slowly around base,Use Fogg-It 0.5 GPM for 5 sec OR Fogg-It 2 GPM for 5 sec. slowly around base,Use Fogg-It 0.5 GPM for 5 sec OR Fogg-It 2 GPM for 5 sec. slowly around base,Use Fogg-It 0.5 GPM for 5 sec OR Fogg-It 2 GPM for 5 sec. slowly around base,Use Fogg-It 0.5 GPM for 5 sec OR Fogg-It 2 GPM for 5 sec. slowly around base
basil_001,< 45°F,51-75%,Sunny,Wet (7-10),Don't water,Don't water,Don't water,Don't water,Don't water,Don't water,Don't water
basil_001,< 45°F,51-75%,Partly Cloudy,Dry (0-3),Use Fogg-It 0.5 GPM for 5 sec OR Fogg-It 2 GPM for 5 sec. slowly around base,Use Fogg-It 0.5 GPM for 5 sec OR Fogg-It 2 GPM for 5 sec. slowly around base,Use Fogg-It 0.5 GPM for 5 sec OR Fogg-It 2 GPM for 5 sec. slowly around base,Use Fogg-It 0.5 GPM for 5 sec OR Fogg-It 2 GPM for 5 sec. slowly around base,Use Fogg-It 0.5 GPM for 5 sec OR Fogg-It 2 GPM for 5 sec. slowly around base,Use Fogg-It 0.5 GPM for 5 sec OR Fogg-It 2 GPM for 5 sec. slowly around base,Use Fogg-It 0.5 GPM for 10 sec OR Fogg-It 2 GPM for 5 sec. slowly around base
basil_001,< 45°F,51-75%,Partly Cloudy,Normal (3-7),Don't water,Don't water,Use Fogg-It 0.5 GPM for 5 sec OR Fogg-It 2 GPM for 5 sec. slowly around base,Use Fogg-It 0.5 GPM for 5 sec OR Fogg-It 2 GPM for 5 sec. slowly around base,Use Fogg-It 0.5 GPM for 5 sec OR Fogg-It 2 GPM for 5 sec. slowly around base,Use Fogg-It 0.5 GPM for 5 sec OR Fogg-It 2 GPM for 5 sec. slowly around base,Use Fogg-It 0.5 GPM for 5 sec OR Fogg-It 2 GPM for 5 sec. slowly around base
basil_001,< 45°F,51-75%,Partly Cloudy,Wet (7-10),Don't water,Don't water,Don't water,Don't water,Don't water,Don't water,Don't water
basil_001,< 45°F,51-75%,Cloudy,Dry (0-3),Don't water,Use Fogg-It 0.5 GPM for 5 sec OR Fogg-It 2 GPM for 5 sec. slowly around base,Use Fogg-It 0.5 GPM for 5 sec OR Fogg-It 2 GPM for 5 sec. slowly around base,Use Fogg-It 0.5 GPM for 5 sec OR Fogg-It 2 GPM for 5 sec. slowly around base,Use Fogg-It 0.5 GPM for 5 sec OR Fogg-It 2 GPM for 5 sec. slowly around base,Use Fogg-It 0.5 GPM for 5 sec OR Fogg-It 2 GPM for 5 sec. slowly around base,Use Fogg-It 0.5 GPM for 5 sec OR Fogg-It 2 GPM for 5 sec. slowly around base
basil_001,< 45°F,51-75%,Cloudy,Normal (3-7),Don't water,Don't water,Don't water,Use Fogg-It 0.5 GPM for 5 sec OR Fogg-It 2 GPM for 5 sec. slowly around base,Use Fogg-It 0.5 GPM for 5 sec OR Fogg-It 2 GPM for 5 sec. slowly around base,Use Fogg-It 0.5 GPM for 5 sec OR Fogg-It 2 GPM for 5 sec. slowly around base,Use Fogg-It 0.5 GPM for 5 sec OR Fogg-It 2 GPM for 5 sec. slowly around base
basil_001,< 45°F,51-75%,Cloudy,Wet (7-10),Don't water,Don't water,Don't water,Don't water,Don't water,Don't water,Don't water
basil_001,< 45°F,76-100%,Sunny,Dry (0-3),Don't water,Use Fogg-It 0.5 GPM for 5 sec OR Fogg-It 2 GPM for 5 sec. slowly around base,Use Fogg-It 0.5 GPM for 5 sec OR Fogg-It 2 GPM for 5 sec. slowly around base,Use Fogg-It 0.5 GPM for 5 sec OR Fogg-It 2 GPM for 5 sec. slowly around base,Use Fogg-It 0.5 GPM for 5 sec OR Fogg-It 2 GPM for 5 sec. slowly around base,Use Fogg-It 0.5 GPM for 5 sec OR Fogg-It 2 GPM for 5 sec. slowly around base,Use Fogg-It 0.5 GPM for 10 sec OR Fogg-It 2 GPM for 5 sec. slowly around base
basil_001,< 45°F,76-100%,Sunny,Normal (3-7),Don't water,Don't water,Use Fogg-It 0.5 GPM for 5 sec OR Fogg-It 2 GPM for 5 sec. slowly around base,Use Fogg-It 0.5 GPM for 5 sec OR Fogg-It 2 GPM for 5 sec. slowly around base,Use Fogg-It 0.5 GPM for 5 sec OR Fogg-It 2 GPM for 5 sec. slowly around base,Use Fogg-It 0.5 GPM for 5 sec OR Fogg-It 2 GPM for 5 sec. slowly around base,Use Fogg-It 0.5 GPM for 5 sec OR Fogg-It 2 GPM for 5 sec. slowly around base
basil_001,< 45°F,76-100%,Sunny,Wet (7-10),Don't water,Don't water,Don't water,Don't water,Don't water,Don't water,Don't water
basil_001,< 45°F,76-100%,Partly Cloudy,Dry (0-3),Don't water,Use Fogg-It 0.5 GPM for 5 sec OR Fogg-It 2 GPM for 5 sec. slowly around base,Use Fogg-It 0.5 GPM for 5 sec OR Fogg-It 2 GPM for 5 sec. slowly around base,Use Fogg-It 0.5 GPM for 5 sec OR Fogg-It 2 GPM for 5 sec. slowly around base,Use Fogg-It 0.5 GPM for 5 sec OR Fogg-It 2 GPM for 5 sec. slowly around base,Use Fogg-It 0.5 GPM for 5 sec OR Fogg-It 2 GPM for 5 sec. slowly around base,Use Fogg-It 0.5 GPM for 5 sec OR Fogg-It 2 GPM for 5 sec. slowly around base
basil_001,< 45°F,76-100%,Partly Cloudy,Normal (3-7),Don't water,Don't water,Don't water,Use Fogg-It 0.5 GPM for 5 sec OR Fogg-It 2 GPM for 5 sec. slowly around base,Use Fogg-It 0.5 GPM for 5 sec OR Fogg-It 2 GPM for 5 sec. slowly around base,Use Fogg-It 0.5 GPM for 5 sec OR Fogg-It 2 GPM for 5 sec. slowly around base,Use Fogg-It 0.5 GPM for 5 sec OR Fogg-It 2 GPM for 5 sec. slowly around base
basil_001,< 45°F,76-100%,Partly Cloudy,Wet (7-10),Don't water,Don't water,Don't water,Don't water,Don't water,Don't water,Don't water
basil_001,< 45°F,76-100%,Cloudy,Dry (0-3),Don't water,Don't water,Use Fogg-It 0.5 GPM for 5 sec OR Fogg-It 2 GPM for 5 sec. slowly around base,Use Fogg-It 0.5 GPM for 5 sec OR Fogg-It 2 GPM for 5 sec. slowly around base,Use Fogg-It 0.5 GPM for 5 sec OR Fogg-It 2 GPM for 5 sec. slowly around base,Use Fogg-It 0.5 GPM for 5 sec OR Fogg-It 2 GPM for 5 sec. slowly around base,Use Fogg-It 0.5 GPM for 5 sec OR Fogg-It 2 GPM for 5 sec. slowly around base
basil_001,< 45°F,76-100%,Cloudy,Normal (3-7),Don't water,Don't water,Don't water,Don't water,Use Fogg-It 0.5 GPM for 5 sec OR Fogg-It 2 GPM for 5 sec. slowly around base,Use Fogg-It 0.5 GPM for 5 sec OR Fogg-It 2 GPM for 5 sec. slowly around base,Use Fogg-It 0.5 GPM for 5 sec OR Fogg-It 2 GPM for 5 sec. slowly around base
basil_001,< 45°F,76-100%,Cloudy,Wet (7-10),Don't water,Don't water,Don't water,Don't water,Don't water,Don't water,Don't water
basil_002,< 50°F,0-25%,Sunny,Dry (0-3),Use Fogg-It 0.5 GPM for 5 sec OR Fogg-It 2 GPM for 5 sec. slowly around base,Use Fogg-It 0.5 GPM for 5 sec OR Fogg-It 2 GPM for 5 sec. slowly around base,Use Fogg-It 0.5 GPM for 10 sec OR Fogg-It 2 GPM for 5 sec. slowly around base,Use Fogg-It 0.5 GPM for 15 sec OR Fogg-It 2 GPM for 5 sec. slowly around base,Use Fogg-It 0.5 GPM for 30 sec OR Fogg-It 2 GPM for 10 sec. slowly around base,Use Fogg-It 0.5 GPM for 30 sec OR Fogg-It 2 GPM for 10 sec. slowly around base,Use Fogg-It 0.5 GPM for 45 sec OR Fogg-It 2 GPM for 10 sec. s slowly around base
basil_002,< 50°F,0-25%,Sunny,Normal (3-7),Use Fogg-It 0.5 GPM for 5 sec OR Fogg-It 2 GPM for 5 sec. slowly around base,Use Fogg-It 0.5 GPM for 5 sec OR Fogg-It 2 GPM for 5 sec. slowly around base,Use Fogg-It 0.5 GPM for 5 sec OR Fogg-It 2 GPM for 5 sec. slowly around base,Use Fogg-It 0.5 GPM for 10 sec OR Fogg-It 2 GPM for 5 sec. slowly around base,Use Fogg-It 0.5 GPM for 15 sec OR Fogg-It 2 GPM for 5 sec. slowly around base,Use Fogg-It 0.5 GPM for 15 sec OR Fogg-It 2 GPM for 5 sec. slowly around base,Use Fogg-It 0.5 GPM for 30 sec OR Fogg-It 2 GPM for 10 sec. slowly around base
basil_002,< 50°F,0-25%,Sunny,Wet (7-10),Don't water,Don't water,Don't water,Don't water,Don't water,Don't water,Don't water
basil_002,< 50°F,0-25%,Partly Cloudy,Dry (0-3),Use Fogg-It 0.5 GPM for 5 sec OR Fogg-It 2 GPM for 5 sec. slowly around base,Use Fogg-It 0.5 GPM for 5 sec OR Fogg-It 2 GPM for 5 sec. slowly around base,Use Fogg-It 0.5 GPM for 5 sec OR Fogg-It 2 GPM for 5 sec. slowly around base,Use Fogg-It 0.5 GPM for 10 sec OR Fogg-It 2 GPM for 5 sec. slowly around base,Use Fogg-It 0.5 GPM for 15 sec OR Fogg-It 2 GPM for 5 sec. slowly around base,Use Fogg-It 0.5 GPM for 15 sec OR Fogg-It 2 GPM for 5 sec. slowly around base,Use Fogg-It 0.5 GPM for 30 sec OR Fogg-It 2 GPM for 10 sec. slowly around base
basil_002,< 50°F,0-25%,Partly Cloudy,Normal (3-7),Use Fogg-It 0.5 GPM for 5 sec OR Fogg-It 2 GPM for 5 sec. slowly around base,Use Fogg-It 0.5 GPM for 5 sec OR Fogg-It 2 GPM for 5 sec. slowly around base,Use Fogg-It 0.5 GPM for 5 sec OR Fogg-It 2 GPM for 5 sec. slowly around base,Use Fogg-It 0.5 GPM for 5 sec OR Fogg-It 2 GPM for 5 sec. slowly around base,Use Fogg-It 0.5 GPM for 10 sec OR Fogg-It 2 GPM for 5 sec. slowly around base,Use Fogg-It 0.5 GPM for 10 sec OR Fogg-It 2 GPM for 5 sec. slowly around base,Use Fogg-It 0.5 GPM for 15 sec OR Fogg-It 2 GPM for 5 sec. slowly around base
basil_002,< 50°F,0-25%,Partly Cloudy,Wet (7-10),Don't water,Don't water,Don't water,Don't water,Don't water,Don't water,Don't water
basil_002,< 50°F,0-25%,Cloudy,Dry (0-3),Use Fogg-It 0.5 GPM for 5 sec OR Fogg-It 2 GPM for 5 sec. slowly around base,Use Fogg-It 0.5 GPM for 5 sec OR Fogg-It 2 GPM for 5 sec. slowly around base,Use Fogg-It 0.5 GPM for 5 sec OR Fogg-It 2 GPM for 5 sec. slowly around base,Use Fogg-It 0.5 GPM for 5 sec OR Fogg-It 2 GPM for 5 sec. slowly around base,Use Fogg-It 0.5 GPM for 10 sec OR Fogg-It 2 GPM for 5 sec. slowly around base,Use Fogg-It 0.5 GPM for 10 sec OR Fogg-It 2 GPM for 5 sec. slowly around base,Use Fogg-It 0.5 GPM for 15 sec OR Fogg-It 2 GPM for 5 sec. slowly around base
basil_002,< 50°F,0-25%,Cloudy,Normal (3-7),Don't water,Use Fogg-It 0.5 GPM for 5 sec OR Fogg-It 2 GPM for 5 sec. slowly around base,Use Fogg-It 0.5 GPM for 5 sec OR Fogg-It 2 GPM for 5 sec. slowly around base,Use Fogg-It 0.5 GPM for 5 sec OR Fogg-It 2 GPM for 5 sec. slowly around base,Use Fogg-It 0.5 GPM for 5 sec OR Fogg-It 2 GPM for 5 sec. slowly around base,Use Fogg-It 0.5 GPM for 5 sec OR Fogg-It 2 GPM for 5 sec. slowly around base,Use Fogg-It 0.5 GPM for 10 sec OR Fogg-It 2 GPM for 5 sec. slowly around base
basil_002,< 50°F,0-25%,Cloudy,Wet (7-10),Don't water,Don't water,Don't water,Don't water,Don't water,Don't water,Don't water
basil_002,< 50°F,26-50%,Sunny,Dry (0-3),Use Fogg-It 0.5 GPM for 5 sec OR Fogg-It 2 GPM for 5 sec. slowly around base,Use Fogg-It 0.5 GPM for 5 sec OR Fogg-It 2 GPM for 5 sec. slowly around base,Use Fogg-It 0.5 GPM for 10 sec OR Fogg-It 2 GPM for 5 sec. slowly around base,Use Fogg-It 0.5 GPM for 15 sec OR Fogg-It 2 GPM for 5 sec. slowly around base,Use Fogg-It 0.5 GPM for 15 sec OR Fogg-It 2 GPM for 5 sec. slowly around base,Use Fogg-It 0.5 GPM for 30 sec OR Fogg-It 2 GPM for 10 sec. slowly around base,Use Fogg-It 0.5 GPM for 30 sec OR Fogg-It 2 GPM for 10 sec. slowly around base
basil_002,< 50°F,26-50%,Sunny,Normal (3-7),Use Fogg-It 0.5 GPM for 5 sec OR Fogg-It 2 GPM for 5 sec. slowly around base,Use Fogg-It 0.5 GPM for 5 sec OR Fogg-It 2 GPM for 5 sec. slowly around base,Use Fogg-It 0.5 GPM for 5 sec OR Fogg-It 2 GPM for 5 sec. slowly around base,Use Fogg-It 0.5 GPM for 5 sec OR Fogg-It 2 GPM for 5 sec. slowly around base,Use Fogg-It 0.5 GPM for 10 sec OR Fogg-It 2 GPM for 5 sec. slowly around base,Use Fogg-It 0.5 GPM for 15 sec OR Fogg-It 2 GPM for 5 sec. slowly around base,Use Fogg-It 0.5 GPM for 15 sec OR Fogg-It 2 GPM for 5 sec. slowly around base
basil_002,< 50°F,26-50%,Sunny,Wet (7-10),Don't water,Don't water,Don't water,Don't water,Don't water,Don't water,Don't water
basil_002,< 50°F,26-50%,Partly Cloudy,Dry (0-3),Use Fogg-It 0.5 GPM for 5 sec OR Fogg-It 2 GPM for 5 sec. slowly around base,Use Fogg-It 0.5 GPM for 5 sec OR Fogg-It 2 GPM for 5 sec. slowly around base,Use Fogg-It 0.5 GPM for 5 sec OR Fogg-It 2 GPM for 5 sec. slowly around base,Use Fogg-It 0.5 GPM for 10 sec OR Fogg-It 2 GPM for 5 sec. slowly around base,Use Fogg-It 0.5 GPM for 15 sec OR Fogg-It 2 GPM for 5 sec. slowly around base,Use Fogg-It 0.5 GPM for 15 sec OR Fogg-It 2 GPM for 5 sec. slowly around base,Use Fogg-It 0.5 GPM for 30 sec OR Fogg-It 2 GPM for 10 sec. slowly around base
basil_002,< 50°F,26-50%,Partly Cloudy,Normal (3-7),Use Fogg-It 0.5 GPM for 5 sec OR Fogg-It 2 GPM for 5 sec. slowly around base,Use Fogg-It 0.5 GPM for 5 sec OR Fogg-It 2 GPM for 5 sec. slowly around base,Use Fogg-It 0.5 GPM for 5 sec OR Fogg-It 2 GPM for 5 sec. slowly around base,Use Fogg-It 0.5 GPM for 5 sec OR Fogg-It 2 GPM for 5 sec. slowly around base,Use Fogg-It 0.5 GPM for 10 sec OR Fogg-It 2 GPM for 5 sec. slowly around base,Use Fogg-It 0.5 GPM for 10 sec OR Fogg-It 2 GPM for 5 sec. slowly around base,Use Fogg-It 0.5 GPM for 15 sec OR Fogg-It 2 GPM for 5 sec. slowly around base
basil_002,< 50°F,26-50%,Partly Cloudy,Wet (7-10),Don't water,Don't water,Don't water,Don't water,Don't water,Don't water,Don't water
basil_002,< 50°F,26-50%,Cloudy,Dry (0-3),Use Fogg-It 0.5 GPM for 5 sec OR Fogg-It 2 GPM for 5 sec. slowly around base,Use Fogg-It 0.5 GPM for 5 sec OR Fogg-It 2 GPM for 5 sec. slowly around base,Use Fogg-It 0.5 GPM for 5 sec OR Fogg-It 2 GPM for 5 sec. slowly around base,Use Fogg-It 0.5 GPM for 5 sec OR Fogg-It 2 GPM for 5 sec. slowly around base,Use Fogg-It 0.5 GPM for 5 sec OR Fogg-It 2 GPM for 5 sec. slowly around base,Use Fogg-It 0.5 GPM for 10 sec OR Fogg-It 2 GPM for 5 sec. slowly around base,Use Fogg-It 0.5 GPM for 15 sec OR Fogg-It 2 GPM for 5 sec. slowly around base
basil_002,< 50°F,26-50%,Cloudy,Normal (3-7),Don't water,Don't water,Use Fogg-It 0.5 GPM for 5 sec OR Fogg-It 2 GPM for 5 sec. slowly around base,Use Fogg-It 0.5 GPM for 5 sec OR Fogg-It 2 GPM for 5 sec. slowly around base,Use Fogg-It 0.5 GPM for 5 sec OR Fogg-It 2 GPM for 5 sec. slowly around base,Use Fogg-It 0.5 GPM for 5 sec OR Fogg-It 2 GPM for 5 sec. slowly around base,Use Fogg-It 0.5 GPM for 5 sec OR Fogg-It 2 GPM for 5 sec. slowly around base
basil_002,< 50°F,26-50%,Cloudy,Wet (7-10),Don't water,Don't water,Don't water,Don't water,Don't water,Don't water,Don't water
basil_002,< 50°F,51-75%,Sunny,Dry (0-3),Use Fogg-It 0.5 GPM for 5 sec OR Fogg-It 2 GPM for 5 sec. slowly around base,Use Fogg-It 0.5 GPM for 5 sec OR Fogg-It 2 GPM for 5 sec. slowly around base,Use Fogg-It 0.5 GPM for 5 sec OR Fogg-It 2 GPM for 5 sec. slowly around base,Use Fogg-It 0.5 GPM for 10 sec OR Fogg-It 2 GPM for 5 sec. slowly around base,Use Fogg-It 0.5 GPM for 15 sec OR Fogg-It 2 GPM for 5 sec. slowly around base,Use Fogg-It 0.5 GPM for 15 sec OR Fogg-It 2 GPM for 5 sec. slowly around base,Use Fogg-It 0.5 GPM for 30 sec OR Fogg-It 2 GPM for 10 sec. slowly around base
basil_002,< 50°F,51-75%,Sunny,Normal (3-7),Use Fogg-It 0.5 GPM for 5 sec OR Fogg-It 2 GPM for 5 sec. slowly around base,Use Fogg-It 0.5 GPM for 5 sec OR Fogg-It 2 GPM for 5 sec. slowly around base,Use Fogg-It 0.5 GPM for 5 sec OR Fogg-It 2 GPM for 5 sec. slowly around base,Use Fogg-It 0.5 GPM for 5 sec OR Fogg-It 2 GPM for 5 sec. slowly around base,Use Fogg-It 0.5 GPM for 10 sec OR Fogg-It 2 GPM for 5 sec. slowly around base,Use Fogg-It 0.5 GPM for 10 sec OR Fogg-It 2 GPM for 5 sec. slowly around base,Use Fogg-It 0.5 GPM for 15 sec OR Fogg-It 2 GPM for 5 sec. slowly around base
basil_002,< 50°F,51-75%,Sunny,Wet (7-10),Don't water,Don't water,Don't water,Don't water,Don't water,Don't water,Don't water
basil_002,< 50°F,51-75%,Partly Cloudy,Dry (0-3),Use Fogg-It 0.5 GPM for 5 sec OR Fogg-It 2 GPM for 5 sec. slowly around base,Use Fogg-It 0.5 GPM for 5 sec OR Fogg-It 2 GPM for 5 sec. slowly around base,Use Fogg-It 0.5 GPM for 5 sec OR Fogg-It 2 GPM for 5 sec. slowly around base,Use Fogg-It 0.5 GPM for 5 sec OR Fogg-It 2 GPM for 5 sec. slowly around base,Use Fogg-It 0.5 GPM for 10 sec OR Fogg-It 2 GPM for 5 sec. slowly around base,Use Fogg-It 0.5 GPM for 15 sec OR Fogg-It 2 GPM for 5 sec. slowly around base,Use Fogg-It 0.5 GPM for 15 sec OR Fogg-It 2 GPM for 5 sec. slowly around base
basil_002,< 50°F,51-75%,Partly Cloudy,Normal (3-7),Don't water,Use Fogg-It 0.5 GPM for 5 sec OR Fogg-It 2 GPM for 5 sec. slowly around base,Use Fogg-It 0.5 GPM for 5 sec OR Fogg-It 2 GPM for 5 sec. slowly around base,Use Fogg-It 0.5 GPM for 5 sec OR Fogg-It 2 GPM for 5 sec. slowly around base,Use Fogg-It 0.5 GPM for 5 sec OR Fogg-It 2 GPM for 5 sec. slowly around base,Use Fogg-It 0.5 GPM for 10 sec OR Fogg-It 2 GPM for 5 sec. slowly around base,Use Fogg-It 0.5 GPM for 10 sec OR Fogg-It 2 GPM for 5 sec. slowly around base
basil_002,< 50°F,51-75%,Partly Cloudy,Wet (7-10),Don't water,Don't water,Don't water,Don't water,Don't water,Don't water,Don't water
basil_002,< 50°F,51-75%,Cloudy,Dry (0-3),Use Fogg-It 0.5 GPM for 5 sec OR Fogg-It 2 GPM for 5 sec. slowly around base,Use Fogg-It 0.5 GPM for 5 sec OR Fogg-It 2 GPM for 5 sec. slowly around base,Use Fogg-It 0.5 GPM for 5 sec OR Fogg-It 2 GPM for 5 sec. slowly around base,Use Fogg-It 0.5 GPM for 5 sec OR Fogg-It 2 GPM for 5 sec. slowly around base,Use Fogg-It 0.5 GPM for 5 sec OR Fogg-It 2 GPM for 5 sec. slowly around base,Use Fogg-It 0.5 GPM for 10 sec OR Fogg-It 2 GPM for 5 sec. slowly around base,Use Fogg-It 0.5 GPM for 10 sec OR Fogg-It 2 GPM for 5 sec. slowly around base
basil_002,< 50°F,51-75%,Cloudy,Normal (3-7),Don't water,Don't water,Don't water,Use Fogg-It 0.5 GPM for 5 sec OR Fogg-It 2 GPM for 5 sec. slowly around base,Use Fogg-It 0.5 GPM for 5 sec OR Fogg-It 2 GPM for 5 sec. slowly around base,Use Fogg-It 0.5 GPM for 5 sec OR Fogg-It 2 GPM for 5 sec. slowly around base,Use Fogg-It 0.5 GPM for 5 sec OR Fogg-It 2 GPM for 5 sec. slowly around base
basil_002,< 50°F,51-75%,Cloudy,Wet (7-10),Don't water,Don't water,Don't water,Don't water,Don't water,Don't water,Don't water
basil_002,< 50°F,76-100%,Sunny,Dry (0-3),Use Fogg-It 0.5 GPM for 5 sec OR Fogg-It 2 GPM for 5 sec. slowly around base,Use Fogg-It 0.5 GPM for 5 sec OR Fogg-It 2 GPM for 5 sec. slowly around base,Use Fogg-It 0.5 GPM for 5 sec OR Fogg-It 2 GPM for 5 sec. slowly around base,Use Fogg-It 0.5 GPM for 5 sec OR Fogg-It 2 GPM for 5 sec. slowly around base,Use Fogg-It 0.5 GPM for 10 sec OR Fogg-It 2 GPM for 5 sec. slowly around base,Use Fogg-It 0.5 GPM for 15 sec OR Fogg-It 2 GPM for 5 sec. slowly around base,Use Fogg-It 0.5 GPM for 15 sec OR Fogg-It 2 GPM for 5 sec. slowly around base
basil_002,< 50°F,76-100%,Sunny,Normal (3-7),Don't water,Use Fogg-It 0.5 GPM for 5 sec OR Fogg-It 2 GPM for 5 sec. slowly around base,Use Fogg-It 0.5 GPM for 5 sec OR Fogg-It 2 GPM for 5 sec. slowly around base,Use Fogg-It 0.5 GPM for 5 sec OR Fogg-It 2 GPM for 5 sec. slowly around base,Use Fogg-It 0.5 GPM for 5 sec OR Fogg-It 2 GPM for 5 sec. slowly around base,Use Fogg-It 0.5 GPM for 10 sec OR Fogg-It 2 GPM for 5 sec. slowly around base,Use Fogg-It 0.5 GPM for 10 sec OR Fogg-It 2 GPM for 5 sec. slowly around base
basil_002,< 50°F,76-100%,Sunny,Wet (7-10),Don't water,Don't water,Don't water,Don't water,Don't water,Don't water,Don't water
basil_002,< 50°F,76-100%,Partly Cloudy,Dry (0-3),Use Fogg-It 0.5 GPM for 5 sec OR Fogg-It 2 GPM for 5 sec. slowly around base,Use Fogg-It 0.5 GPM for 5 sec OR Fogg-It 2 GPM for 5 sec. slowly around base,Use Fogg-It 0.5 GPM for 5 sec OR Fogg-It 2 GPM for 5 sec. slowly around base,Use Fogg-It 0.5 GPM for 5 sec OR Fogg-It 2 GPM for 5 sec. slowly around base,Use Fogg-It 0.5 GPM for 5 sec OR Fogg-It 2 GPM for 5 sec. slowly around base,Use Fogg-It 0.5 GPM for 10 sec OR Fogg-It 2 GPM for 5 sec. slowly around base,Use Fogg-It 0.5 GPM for 15 sec OR Fogg-It 2 GPM for 5 sec. slowly around base
basil_002,< 50°F,76-100%,Partly Cloudy,Normal (3-7),Don't water,Don't water,Use Fogg-It 0.5 GPM for 5 sec OR Fogg-It 2 GPM for 5 sec. slowly around base,Use Fogg-It 0.5 GPM for 5 sec OR Fogg-It 2 GPM for 5 sec. slowly around base,Use Fogg-It 0.5 GPM for 5 sec OR Fogg-It 2 GPM for 5 sec. slowly around base,Use Fogg-It 0.5 GPM for 5 sec OR Fogg-It 2 GPM for 5 sec. slowly around base,Use Fogg-It 0.5 GPM for 10 sec OR Fogg-It 2 GPM for 5 sec. slowly around base
basil_002,< 50°F,76-100%,Partly Cloudy,Wet (7-10),Don't water,Don't water,Don't water,Don't water,Don't water,Don't water,Don't water
basil_002,< 50°F,76-100%,Cloudy,Dry (0-3),Don't water,Use Fogg-It 0.5 GPM for 5 sec OR Fogg-It 2 GPM for 5 sec. slowly around base,Use Fogg-It 0.5 GPM for 5 sec OR Fogg-It 2 GPM for 5 sec. slowly around base,Use Fogg-It 0.5 GPM for 5 sec OR Fogg-It 2 GPM for 5 sec. slowly around base,Use Fogg-It 0.5 GPM for 5 sec OR Fogg-It 2 GPM for 5 sec. slowly around base,Use Fogg-It 0.5 GPM for 5 sec OR Fogg-It 2 GPM for 5 sec. slowly around base,Use Fogg-It 0.5 GPM for 10 sec OR Fogg-It 2 GPM for 5 sec. slowly around base
basil_002,< 50°F,76-100%,Cloudy,Normal (3-7),Don't water,Don't water,Don't water,Don't water,Use Fogg-It 0.5 GPM for 5 sec OR Fogg-It 2 GPM for 5 sec. slowly around base,Use Fogg-It 0.5 GPM for 5 sec OR Fogg-It 2 GPM for 5 sec. slowly around base,Use Fogg-It 0.5 GPM for 5 sec OR Fogg-It 2 GPM for 5 sec. slowly around base
basil_002,< 50°F,76-100%,Cloudy,Wet (7-10),Don't water,Don't water,Don't water,Don't water,Don't water,Don't water,Don't water
basil_003,< 50°F,0-25%,Sunny,Dry (0-3),Use Fogg-It 0.5 GPM for 5 sec OR Fogg-It 2 GPM for 5 sec. slowly around base,Use Fogg-It 0.5 GPM for 10 sec OR Fogg-It 2 GPM for 5 sec. slowly around base,Use Fogg-It 0.5 GPM for 10 sec OR Fogg-It 2 GPM for 5 sec. s slowly around base,Use Fogg-It 0.5 GPM for 15 sec OR Fogg-It 2 GPM for 5 sec. slowly around base,Use Fogg-It 0.5 GPM for 30 sec OR Fogg-It 2 GPM for 10 sec. slowly around base,Use Fogg-It 0.5 GPM for 45 sec OR Fogg-It 2 GPM for 10 sec. s slowly around base,Use Fogg-It 0.5 GPM for 1 min OR Fogg-It 2 GPM for 15 sec. s slowly around base
basil_003,< 50°F,0-25%,Sunny,Normal (3-7),Use Fogg-It 0.5 GPM for 5 sec OR Fogg-It 2 GPM for 5 sec. slowly around base,Use Fogg-It 0.5 GPM for 5 sec OR Fogg-It 2 GPM for 5 sec. slowly around base,Use Fogg-It 0.5 GPM for 5 sec OR Fogg-It 2 GPM for 5 sec. slowly around base,Use Fogg-It 0.5 GPM for 10 sec OR Fogg-It 2 GPM for 5 sec. slowly around base,Use Fogg-It 0.5 GPM for 15 sec OR Fogg-It 2 GPM for 5 sec. slowly around base,Use Fogg-It 0.5 GPM for 30 sec OR Fogg-It 2 GPM for 10 sec. slowly around base,Use Fogg-It 0.5 GPM for 45 sec OR Fogg-It 2 GPM for 10 sec. s slowly around base
basil_003,< 50°F,0-25%,Sunny,Wet (7-10),Don't water,Don't water,Don't water,Don't water,Don't water,Don't water,Don't water
basil_003,< 50°F,0-25%,Partly Cloudy,Dry (0-3),Use Fogg-It 0.5 GPM for 5 sec OR Fogg-It 2 GPM for 5 sec. slowly around base,Use Fogg-It 0.5 GPM for 5 sec OR Fogg-It 2 GPM for 5 sec. slowly around base,Use Fogg-It 0.5 GPM for 10 sec OR Fogg-It 2 GPM for 5 sec. slowly around base,Use Fogg-It 0.5 GPM for 10 sec OR Fogg-It 2 GPM for 5 sec. s slowly around base,Use Fogg-It 0.5 GPM for 15 sec OR Fogg-It 2 GPM for 5 sec. slowly around base,Use Fogg-It 0.5 GPM for 30 sec OR Fogg-It 2 GPM for 10 sec. slowly around base,Use Fogg-It 0.5 GPM for 30 sec OR Fogg-It 2 GPM for 10 sec. slowly around base
basil_003,< 50°F,0-25%,Partly Cloudy,Normal (3-7),Don't water,Use Fogg-It 0.5 GPM for 5 sec OR Fogg-It 2 GPM for 5 sec. slowly around base,Use Fogg-It 0.5 GPM for 5 sec OR Fogg-It 2 GPM for 5 sec. slowly around base,Use Fogg-It 0.5 GPM for 5 sec OR Fogg-It 2 GPM for 5 sec. slowly around base,Use Fogg-It 0.5 GPM for 10 sec OR Fogg-It 2 GPM for 5 sec. slowly around base,Use Fogg-It 0.5 GPM for 15 sec OR Fogg-It 2 GPM for 5 sec. slowly around base,Use Fogg-It 0.5 GPM for 30 sec OR Fogg-It 2 GPM for 10 sec. slowly around base
basil_003,< 50°F,0-25%,Partly Cloudy,Wet (7-10),Don't water,Don't water,Don't water,Don't water,Don't water,Don't water,Don't water
basil_003,< 50°F,0-25%,Cloudy,Dry (0-3),Use Fogg-It 0.5 GPM for 5 sec OR Fogg-It 2 GPM for 5 sec. slowly around base,Use Fogg-It 0.5 GPM for 5 sec OR Fogg-It 2 GPM for 5 sec. slowly around base,Use Fogg-It 0.5 GPM for 5 sec OR Fogg-It 2 GPM for 5 sec. slowly around base,Use Fogg-It 0.5 GPM for 10 sec OR Fogg-It 2 GPM for 5 sec. slowly around base,Use Fogg-It 0.5 GPM for 10 sec OR Fogg-It 2 GPM for 5 sec. s slowly around base,Use Fogg-It 0.5 GPM for 15 sec OR Fogg-It 2 GPM for 5 sec. slowly around base,Use Fogg-It 0.5 GPM for 30 sec OR Fogg-It 2 GPM for 10 sec. slowly around base
basil_003,< 50°F,0-25%,Cloudy,Normal (3-7),Don't water,Don't water,Use Fogg-It 0.5 GPM for 5 sec OR Fogg-It 2 GPM for 5 sec. slowly around base,Use Fogg-It 0.5 GPM for 5 sec OR Fogg-It 2 GPM for 5 sec. slowly around base,Use Fogg-It 0.5 GPM for 5 sec OR Fogg-It 2 GPM for 5 sec. slowly around base,Use Fogg-It 0.5 GPM for 10 sec OR Fogg-It 2 GPM for 5 sec. slowly around base,Use Fogg-It 0.5 GPM for 15 sec OR Fogg-It 2 GPM for 5 sec. slowly around base
basil_003,< 50°F,0-25%,Cloudy,Wet (7-10),Don't water,Don't water,Don't water,Don't water,Don't water,Don't water,Don't water
basil_003,< 50°F,26-50%,Sunny,Dry (0-3),Use Fogg-It 0.5 GPM for 5 sec OR Fogg-It 2 GPM for 5 sec. slowly around base,Use Fogg-It 0.5 GPM for 5 sec OR Fogg-It 2 GPM for 5 sec. slowly around base,Use Fogg-It 0.5 GPM for 10 sec OR Fogg-It 2 GPM for 5 sec. slowly around base,Use Fogg-It 0.5 GPM for 10 sec OR Fogg-It 2 GPM for 5 sec. s slowly around base,Use Fogg-It 0.5 GPM for 15 sec OR Fogg-It 2 GPM for 5 sec. slowly around base,Use Fogg-It 0.5 GPM for 30 sec OR Fogg-It 2 GPM for 10 sec. slowly around base,Use Fogg-It 0.5 GPM for 45 sec OR Fogg-It 2 GPM for 10 sec. s slowly around base
basil_003,< 50°F,26-50%,Sunny,Normal (3-7),Don't water,Use Fogg-It 0.5 GPM for 5 sec OR Fogg-It 2 GPM for 5 sec. slowly around base,Use Fogg-It 0.5 GPM for 5 sec OR Fogg-It 2 GPM for 5 sec. slowly around base,Use Fogg-It 0.5 GPM for 5 sec OR Fogg-It 2 GPM for 5 sec. slowly around base,Use Fogg-It 0.5 GPM for 10 sec OR Fogg-It 2 GPM for 5 sec. slowly around base,Use Fogg-It 0.5 GPM for 15 sec OR Fogg-It 2 GPM for 5 sec. slowly around base,Use Fogg-It 0.5 GPM for 30 sec OR Fogg-It 2 GPM for 10 sec. slowly around base
basil_003,< 50°F,26-50%,Sunny,Wet (7-10),Don't water,Don't water,Don't water,Don't water,Don't water,Don't water,Don't water
basil_003,< 50°F,26-50%,Partly Cloudy,Dry (0-3),Use Fogg-It 0.5 GPM for 5 sec OR Fogg-It 2 GPM for 5 sec. slowly around base,Use Fogg-It 0.5 GPM for 5 sec OR Fogg-It 2 GPM for 5 sec. slowly around base,Use Fogg-It 0.5 GPM for 5 sec OR Fogg-It 2 GPM for 5 sec. slowly around base,Use Fogg-It 0.5 GPM for 10 sec OR Fogg-It 2 GPM for 5 sec. slowly around base,Use Fogg-It 0.5 GPM for 10 sec OR Fogg-It 2 GPM for 5 sec. s slowly around base,Use Fogg-It 0.5 GPM for 15 sec OR Fogg-It 2 GPM for 5 sec. slowly around base,Use Fogg-It 0.5 GPM for 30 sec OR Fogg-It 2 GPM for 10 sec. slowly around base
basil_003,< 50°F,26-50%,Partly Cloudy,Normal (3-7),Don't water,Don't water,Use Fogg-It 0.5 GPM for 5 sec OR Fogg-It 2 GPM for 5 sec. slowly around base,Use Fogg-It 0.5 GPM for 5 sec OR Fogg-It 2 GPM for 5 sec. slowly around base,Use Fogg-It 0.5 GPM for 5 sec OR Fogg-It 2 GPM for 5 sec. slowly around base,Use Fogg-It 0.5 GPM for 10 sec OR Fogg-It 2 GPM for 5 sec. slowly around base,Use Fogg-It 0.5 GPM for 15 sec OR Fogg-It 2 GPM for 5 sec. slowly around base
basil_003,< 50°F,26-50%,Partly Cloudy,Wet (7-10),Don't water,Don't water,Don't water,Don't water,Don't water,Don't water,Don't water
basil_003,< 50°F,26-50%,Cloudy,Dry (0-3),Don't water,Use Fogg-It 0.5 GPM for 5 sec OR Fogg-It 2 GPM for 5 sec. slowly around base,Use Fogg-It 0.5 GPM for 5 sec OR Fogg-It 2 GPM for 5 sec. slowly around base,Use Fogg-It 0.5 GPM for 5 sec OR Fogg-It 2 GPM for 5 sec. slowly around base,Use Fogg-It 0.5 GPM for 10 sec OR Fogg-It 2 GPM for 5 sec. slowly around base,Use Fogg-It 0.5 GPM for 10 sec OR Fogg-It 2 GPM for 5 sec. s slowly around base,Use Fogg-It 0.5 GPM for 15 sec OR Fogg-It 2 GPM for 5 sec. slowly around base
basil_003,< 50°F,26-50%,Cloudy,Normal (3-7),Don't water,Don't water,Don't water,Use Fogg-It 0.5 GPM for 5 sec OR Fogg-It 2 GPM for 5 sec. slowly around base,Use Fogg-It 0.5 GPM for 5 sec OR Fogg-It 2 GPM for 5 sec. slowly around base,Use Fogg-It 0.5 GPM for 5 sec OR Fogg-It 2 GPM for 5 sec. slowly around base,Use Fogg-It 0.5 GPM for 10 sec OR Fogg-It 2 GPM for 5 sec. slowly around base
basil_003,< 50°F,26-50%,Cloudy,Wet (7-10),Don't water,Don't water,Don't water,Don't water,Don't water,Don't water,Don't water
basil_003,< 50°F,51-75%,Sunny,Dry (0-3),Use Fogg-It 0.5 GPM for 5 sec OR Fogg-It 2 GPM for 5 sec. slowly around base,Use Fogg-It 0.5 GPM for 5 sec OR Fogg-It 2 GPM for 5 sec. slowly around base,Use Fogg-It 0.5 GPM for 5 sec OR Fogg-It 2 GPM for 5 sec. slowly around base,Use Fogg-It 0.5 GPM for 10 sec OR Fogg-It 2 GPM for 5 sec. slowly around base,Use Fogg-It 0.5 GPM for 10 sec OR Fogg-It 2 GPM for 5 sec. s slowly around base,Use Fogg-It 0.5 GPM for 15 sec OR Fogg-It 2 GPM for 5 sec. slowly around base,Use Fogg-It 0.5 GPM for 30 sec OR Fogg-It 2 GPM for 10 sec. slowly around base
basil_003,< 50°F,51-75%,Sunny,Normal (3-7),Don't water,Don't water,Use Fogg-It 0.5 GPM for 5 sec OR Fogg-It 2 GPM for 5 sec. slowly around base,Use Fogg-It 0.5 GPM for 5 sec OR Fogg-It 2 GPM for 5 sec. slowly around base,Use Fogg-It 0.5 GPM for 5 sec OR Fogg-It 2 GPM for 5 sec. slowly around base,Use Fogg-It 0.5 GPM for 10 sec OR Fogg-It 2 GPM for 5 sec. slowly around base,Use Fogg-It 0.5 GPM for 15 sec OR Fogg-It 2 GPM for 5 sec. slowly around base
basil_003,< 50°F,51-75%,Sunny,Wet (7-10),Don't water,Don't water,Don't water,Don't water,Don't water,Don't water,Don't water
basil_003,< 50°F,51-75%,Partly Cloudy,Dry (0-3),Don't water,Use Fogg-It 0.5 GPM for 5 sec OR Fogg-It 2 GPM for 5 sec. slowly around base,Use Fogg-It 0.5 GPM for 5 sec OR Fogg-It 2 GPM for 5 sec. slowly around base,Use Fogg-It 0.5 GPM for 5 sec OR Fogg-It 2 GPM for 5 sec. slowly around base,Use Fogg-It 0.5 GPM for 10 sec OR Fogg-It 2 GPM for 5 sec. slowly around base,Use Fogg-It 0.5 GPM for 10 sec OR Fogg-It 2 GPM for 5 sec. s slowly around base,Use Fogg-It 0.5 GPM for 15 sec OR Fogg-It 2 GPM for 5 sec. slowly around base
basil_003,< 50°F,51-75%,Partly Cloudy,Normal (3-7),Don't water,Don't water,Don't water,Use Fogg-It 0.5 GPM for 5 sec OR Fogg-It 2 GPM for 5 sec. slowly around base,Use Fogg-It 0.5 GPM for 5 sec OR Fogg-It 2 GPM for 5 sec. slowly around base,Use Fogg-It 0.5 GPM for 5 sec OR Fogg-It 2 GPM for 5 sec. slowly around base,Use Fogg-It 0.5 GPM for 10 sec OR Fogg-It 2 GPM for 5 sec. slowly around base
basil_003,< 50°F,51-75%,Partly Cloudy,Wet (7-10),Don't water,Don't water,Don't water,Don't water,Don't water,Don't water,Don't water
basil_003,< 50°F,51-75%,Cloudy,Dry (0-3),Don't water,Don't water,Use Fogg-It 0.5 GPM for 5 sec OR Fogg-It 2 GPM for 5 sec. slowly around base,Use Fogg-It 0.5 GPM for 5 sec OR Fogg-It 2 GPM for 5 sec. slowly around base,Use Fogg-It 0.5 GPM for 5 sec OR Fogg-It 2 GPM for 5 sec. slowly around base,Use Fogg-It 0.5 GPM for 10 sec OR Fogg-It 2 GPM for 5 sec. slowly around base,Use Fogg-It 0.5 GPM for 10 sec OR Fogg-It 2 GPM for 5 sec. s slowly around base
basil_003,< 50°F,51-75%,Cloudy,Normal (3-7),Don't water,Don't water,Don't water,Don't water,Use Fogg-It 0.5 GPM for 5 sec OR Fogg-It 2 GPM for 5 sec. slowly around base,Use Fogg-It 0.5 GPM for 5 sec OR Fogg-It 2 GPM for 5 sec. slowly around base,Use Fogg-It 0.5 GPM for 5 sec OR Fogg-It 2 GPM for 5 sec. slowly around base
basil_003,< 50°F,51-75%,Cloudy,Wet (7-10),Don't water,Don't water,Don't water,Don't water,Don't water,Don't water,Don't water
basil_003,< 50°F,76-100%,Sunny,Dry (0-3),Don't water,Use Fogg-It 0.5 GPM for 5 sec OR Fogg-It 2 GPM for 5 sec. slowly around base,Use Fogg-It 0.5 GPM for 5 sec OR Fogg-It 2 GPM for 5 sec. slowly around base,Use Fogg-It 0.5 GPM for 5 sec OR Fogg-It 2 GPM for 5 sec. slowly around base,Use Fogg-It 0.5 GPM for 10 sec OR Fogg-It 2 GPM for 5 sec. slowly around base,Use Fogg-It 0.5 GPM for 10 sec OR Fogg-It 2 GPM for 5 sec. s slowly around base,Use Fogg-It 0.5 GPM for 15 sec OR Fogg-It 2 GPM for 5 sec. slowly around base
basil_003,< 50°F,76-100%,Sunny,Normal (3-7),Don't water,Don't water,Don't water,Use Fogg-It 0.5 GPM for 5 sec OR Fogg-It 2 GPM for 5 sec. slowly around base,Use Fogg-It 0.5 GPM for 5 sec OR Fogg-It 2 GPM for 5 sec. slowly around base,Use Fogg-It 0.5 GPM for 5 sec OR Fogg-It 2 GPM for 5 sec. slowly around base,Use Fogg-It 0.5 GPM for 10 sec OR Fogg-It 2 GPM for 5 sec. slowly around base
basil_003,< 50°F,76-100%,Sunny,Wet (7-10),Don't water,Don't water,Don't water,Don't water,Don't water,Don't water,Don't water
basil_003,< 50°F,76-100%,Partly Cloudy,Dry (0-3),Don't water,Don't water,Use Fogg-It 0.5 GPM for 5 sec OR Fogg-It 2 GPM for 5 sec. slowly around base,Use Fogg-It 0.5 GPM for 5 sec OR Fogg-It 2 GPM for 5 sec. slowly around base,Use Fogg-It 0.5 GPM for 5 sec OR Fogg-It 2 GPM for 5 sec. slowly around base,Use Fogg-It 0.5 GPM for 10 sec OR Fogg-It 2 GPM for 5 sec. slowly around base,Use Fogg-It 0.5 GPM for 10 sec OR Fogg-It 2 GPM for 5 sec. s slowly around base
basil_003,< 50°F,76-100%,Partly Cloudy,Normal (3-7),Don't water,Don't water,Don't water,Don't water,Use Fogg-It 0.5 GPM for 5 sec OR Fogg-It 2 GPM for 5 sec. slowly around base,Use Fogg-It 0.5 GPM for 5 sec OR Fogg-It 2 GPM for 5 sec. slowly around base,Use Fogg-It 0.5 GPM for 5 sec OR Fogg-It 2 GPM for 5 sec. slowly around base
basil_003,< 50°F,76-100%,Partly Cloudy,Wet (7-10),Don't water,Don't water,Don't water,Don't water,Don't water,Don't water,Don't water
basil_003,< 50°F,76-100%,Cloudy,Dry (0-3),Don't water,Don't water,Don't water,Use Fogg-It 0.5 GPM for 5 sec OR Fogg-It 2 GPM for 5 sec. slowly around base,Use Fogg-It 0.5 GPM for 5 sec OR Fogg-It 2 GPM for 5 sec. slowly around base,Use Fogg-It 0.5 GPM for 5 sec OR Fogg-It 2 GPM for 5 sec. slowly around base,Use Fogg-It 0.5 GPM for 10 sec OR Fogg-It 2 GPM for 5 sec. slowly around base
basil_003,< 50°F,76-100%,Cloudy,Normal (3-7),Don't water,Don't water,Don't water,Don't water,Don't water,Use Fogg-It 0.5 GPM for 5 sec OR Fogg-It 2 GPM for 5 sec. slowly around base,Use Fogg-It 0.5 GPM for 5 sec OR Fogg-It 2 GPM for 5 sec. slowly around base
basil_003,< 50°F,76-100%,Cloudy,Wet (7-10),Don't water,Don't water,Don't water,Don't water,Don't water,Don't water,Don't water
chives_001,< 45°F,0-25%,Sunny,Dry (0-3),Use Fogg-It 0.5 GPM for 5 sec OR Fogg-It 2 GPM for 5 sec. slowly around seedlings,Use Fogg-It 0.5 GPM for 5 sec OR Fogg-It 2 GPM for 5 sec. slowly around seedlings,Use Fogg-It 0.5 GPM for 5 sec OR Fogg-It 2 GPM for 5 sec. slowly around seedlings,Use Fogg-It 0.5 GPM for 5 sec OR Fogg-It 2 GPM for 5 sec. slowly around seedlings,Use Fogg-It 0.5 GPM for 5 sec OR Fogg-It 2 GPM for 5 sec. slowly around seedlings,Use Fogg-It 0.5 GPM for 10 sec OR Fogg-It 2 GPM for 5 sec. slowly around seedlings,Use Fogg-It 0.5 GPM for 10 sec OR Fogg-It 2 GPM for 5 sec. slowly around seedlings
chives_001,< 45°F,0-25%,Sunny,Normal (3-7),Don't water,Don't water,Use Fogg-It 0.5 GPM for 5 sec OR Fogg-It 2 GPM for 5 sec. slowly around seedlings,Use Fogg-It 0.5 GPM for 5 sec OR Fogg-It 2 GPM for 5 sec. slowly around seedlings,Use Fogg-It 0.5 GPM for 5 sec OR Fogg-It 2 GPM for 5 sec. slowly around seedlings,Use Fogg-It 0.5 GPM for 5 sec OR Fogg-It 2 GPM for 5 sec. slowly around seedlings,Use Fogg-It 0.5 GPM for 5 sec OR Fogg-It 2 GPM for 5 sec. slowly around seedlings
chives_001,< 45°F,0-25%,Sunny,Wet (7-10),Don't water,Don't water,Don't water,Don't water,Don't water,Don't water,Don't water
chives_001,< 45°F,0-25%,Partly Cloudy,Dry (0-3),Use Fogg-It 0.5 GPM for 5 sec OR Fogg-It 2 GPM for 5 sec. slowly around seedlings,Use Fogg-It 0.5 GPM for 5 sec OR Fogg-It 2 GPM for 5 sec. slowly around seedlings,Use Fogg-It 0.5 GPM for 5 sec OR Fogg-It 2 GPM for 5 sec. slowly around seedlings,Use Fogg-It 0.5 GPM for 5 sec OR Fogg-It 2 GPM for 5 sec. slowly around seedlings,Use Fogg-It 0.5 GPM for 5 sec OR Fogg-It 2 GPM for 5 sec. slowly around seedlings,Use Fogg-It 0.5 GPM for 5 sec OR Fogg-It 2 GPM for 5 sec. slowly around seedlings,Use Fogg-It 0.5 GPM for 5 sec OR Fogg-It 2 GPM for 5 sec. slowly around seedlings
chives_001,< 45°F,0-25%,Partly Cloudy,Normal (3-7),Don't water,Don't water,Don't water,Use Fogg-It 0.5 GPM for 5 sec OR Fogg-It 2 GPM for 5 sec. slowly around seedlings,Use Fogg-It 0.5 GPM for 5 sec OR Fogg-It 2 GPM for 5 sec. slowly around seedlings,Use Fogg-It 0.5 GPM for 5 sec OR Fogg-It 2 GPM for 5 sec. slowly around seedlings,Use Fogg-It 0.5 GPM for 5 sec OR Fogg-It 2 GPM for 5 sec. slowly around seedlings
chives_001,< 45°F,0-25%,Partly Cloudy,Wet (7-10),Don't water,Don't water,Don't water,Don't water,Don't water,Don't water,Don't water
chives_001,< 45°F,0-25%,Cloudy,Dry (0-3),Use Fogg-It 0.5 GPM for 5 sec OR Fogg-It 2 GPM for 5 sec. slowly around seedlings,Use Fogg-It 0.5 GPM for 5 sec OR Fogg-It 2 GPM for 5 sec. slowly around seedlings,Use Fogg-It 0.5 GPM for 5 sec OR Fogg-It 2 GPM for 5 sec. slowly around seedlings,Use Fogg-It 0.5 GPM for 5 sec OR Fogg-It 2 GPM for 5 sec. slowly around seedlings,Use Fogg-It 0.5 GPM for 5 sec OR Fogg-It 2 GPM for 5 sec. slowly around seedlings,Use Fogg-It 0.5 GPM for 5 sec OR Fogg-It 2 GPM for 5 sec. slowly around seedlings,Use Fogg-It 0.5 GPM for 5 sec OR Fogg-It 2 GPM for 5 sec. slowly around seedlings
chives_001,< 45°F,0-25%,Cloudy,Normal (3-7),Don't water,Don't water,Don't water,Don't water,Use Fogg-It 0.5 GPM for 5 sec OR Fogg-It 2 GPM for 5 sec. slowly around seedlings,Use Fogg-It 0.5 GPM for 5 sec OR Fogg-It 2 GPM for 5 sec. slowly around seedlings,Use Fogg-It 0.5 GPM for 5 sec OR Fogg-It 2 GPM for 5 sec. slowly around seedlings
chives_001,< 45°F,0-25%,Cloudy,Wet (7-10),Don't water,Don't water,Don't water,Don't water,Don't water,Don't water,Don't water
chives_001,< 45°F,26-50%,Sunny,Dry (0-3),Use Fogg-It 0.5 GPM for 5 sec OR Fogg-It 2 GPM for 5 sec. slowly around seedlings,Use Fogg-It 0.5 GPM for 5 sec OR Fogg-It 2 GPM for 5 sec. slowly around seedlings,Use Fogg-It 0.5 GPM for 5 sec OR Fogg-It 2 GPM for 5 sec. slowly around seedlings,Use Fogg-It 0.5 GPM for 5 sec OR Fogg-It 2 GPM for 5 sec. slowly around seedlings,Use Fogg-It 0.5 GPM for 5 sec OR Fogg-It 2 GPM for 5 sec. slowly around seedlings,Use Fogg-It 0.5 GPM for 5 sec OR Fogg-It 2 GPM for 5 sec. slowly around seedlings,Use Fogg-It 0.5 GPM for 5 sec OR Fogg-It 2 GPM for 5 sec. slowly around seedlings
chives_001,< 45°F,26-50%,Sunny,Normal (3-7),Don't water,Don't water,Don't water,Use Fogg-It 0.5 GPM for 5 sec OR Fogg-It 2 GPM for 5 sec. slowly around seedlings,Use Fogg-It 0.5 GPM for 5 sec OR Fogg-It 2 GPM for 5 sec. slowly around seedlings,Use Fogg-It 0.5 GPM for 5 sec OR Fogg-It 2 GPM for 5 sec. slowly around seedlings,Use Fogg-It 0.5 GPM for 5 sec OR Fogg-It 2 GPM for 5 sec. slowly around seedlings
chives_001,< 45°F,26-50%,Sunny,Wet (7-10),Don't water,Don't water,Don't water,Don't water,Don't water,Don't water,Don't water
chives_001,< 45°F,26-50%,Partly Cloudy,Dry (0-3),Use Fogg-It 0.5 GPM for 5 sec OR Fogg-It 2 GPM for 5 sec. slowly around seedlings,Use Fogg-It 0.5 GPM for 5 sec OR Fogg-It 2 GPM for 5 sec. slowly around seedlings,Use Fogg-It 0.5 GPM for 5 sec OR Fogg-It 2 GPM for 5 sec. slowly around seedlings,Use Fogg-It 0.5 GPM for 5 sec OR Fogg-It 2 GPM for 5 sec. slowly around seedlings,Use Fogg-It 0.5 GPM for 5 sec OR Fogg-It 2 GPM for 5 sec. slowly around seedlings,Use Fogg-It 0.5 GPM for 5 sec OR Fogg-It 2 GPM for 5 sec. slowly around seedlings,Use Fogg-It 0.5 GPM for 5 sec OR Fogg-It 2 GPM for 5 sec. slowly around seedlings
chives_001,< 45°F,26-50%,Partly Cloudy,Normal (3-7),Don't water,Don't water,Don't water,Don't water,Use Fogg-It 0.5 GPM for 5 sec OR Fogg-It 2 GPM for 5 sec. slowly around seedlings,Use Fogg-It 0.5 GPM for 5 sec OR Fogg-It 2 GPM for 5 sec. slowly around seedlings,Use Fogg-It 0.5 GPM for 5 sec OR Fogg-It 2 GPM for 5 sec. slowly around seedlings
chives_001,< 45°F,26-50%,Partly Cloudy,Wet (7-10),Don't water,Don't water,Don't water,Don't water,Don't water,Don't water,Don't water
chives_001,< 45°F,26-50%,Cloudy,Dry (0-3),Use Fogg-It 0.5 GPM for 5 sec OR Fogg-It 2 GPM for 5 sec. slowly around seedlings,Use Fogg-It 0.5 GPM for 5 sec OR Fogg-It 2 GPM for 5 sec. slowly around seedlings,Use Fogg-It 0.5 GPM for 5 sec OR Fogg-It 2 GPM for 5 sec. slowly around seedlings,Use Fogg-It 0.5 GPM for 5 sec OR Fogg-It 2 GPM for 5 sec. slowly around seedlings,Use Fogg-It 0.5 GPM for 5 sec OR Fogg-It 2 GPM for 5 sec. slowly around seedlings,Use Fogg-It 0.5 GPM for 5 sec OR Fogg-It 2 GPM for 5 sec. slowly around seedlings,Use Fogg-It 0.5 GPM for 5 sec OR Fogg-It 2 GPM for 5 sec. slowly around seedlings
chives_001,< 45°F,26-50%,Cloudy,Normal (3-7),Don't water,Don't water,Don't water,Don't water,Don't water,Use Fogg-It 0.5 GPM for 5 sec OR Fogg-It 2 GPM for 5 sec. slowly around seedlings,Use Fogg-It 0.5 GPM for 5 sec OR Fogg-It 2 GPM for 5 sec. slowly around seedlings
chives_001,< 45°F,26-50%,Cloudy,Wet (7-10),Don't water,Don't water,Don't water,Don't water,Don't water,Don't water,Don't water
chives_001,< 45°F,51-75%,Sunny,Dry (0-3),Use Fogg-It 0.5 GPM for 5 sec OR Fogg-It 2 GPM for 5 sec. slowly around seedlings,Use Fogg-It 0.5 GPM for 5 sec OR Fogg-It 2 GPM for 5 sec. slowly around seedlings,Use Fogg-It 0.5 GPM for 5 sec OR Fogg-It 2 GPM for 5 sec. slowly around seedlings,Use Fogg-It 0.5 GPM for 5 sec OR Fogg-It 2 GPM for 5 sec. slowly around seedlings,Use Fogg-It 0.5 GPM for 5 sec OR Fogg-It 2 GPM for 5 sec. slowly around seedlings,Use Fogg-It 0.5 GPM for 5 sec OR Fogg-It 2 GPM for 5 sec. slowly around seedlings,Use Fogg-It 0.5 GPM for 5 sec OR Fogg-It 2 GPM for 5 sec. slowly around seedlings
chives_001,< 45°F,51-75%,Sunny,Normal (3-7),Don't water,Don't water,Don't water,Don't water,Use Fogg-It 0.5 GPM for 5 sec OR Fogg-It 2 GPM for 5 sec. slowly around seedlings,Use Fogg-It 0.5 GPM for 5 sec OR Fogg-It 2 GPM for 5 sec. slowly around seedlings,Use Fogg-It 0.5 GPM for 5 sec OR Fogg-It 2 GPM for 5 sec. slowly around seedlings
chives_001,< 45°F,51-75%,Sunny,Wet (7-10),Don't water,Don't water,Don't water,Don't water,Don't water,Don't water,Don't water
chives_001,< 45°F,51-75%,Partly Cloudy,Dry (0-3),Use Fogg-It 0.5 GPM for 5 sec OR Fogg-It 2 GPM for 5 sec. slowly around seedlings,Use Fogg-It 0.5 GPM for 5 sec OR Fogg-It 2 GPM for 5 sec. slowly around seedlings,Use Fogg-It 0.5 GPM for 5 sec OR Fogg-It 2 GPM for 5 sec. slowly around seedlings,Use Fogg-It 0.5 GPM for 5 sec OR Fogg-It 2 GPM for 5 sec. slowly around seedlings,Use Fogg-It 0.5 GPM for 5 sec OR Fogg-It 2 GPM for 5 sec. slowly around seedlings,Use Fogg-It 0.5 GPM for 5 sec OR Fogg-It 2 GPM for 5 sec. slowly around seedlings,Use Fogg-It 0.5 GPM for 5 sec OR Fogg-It 2 GPM for 5 sec. slowly around seedlings
chives_001,< 45°F,51-75%,Partly Cloudy,Normal (3-7),Don't water,Don't water,Don't water,Don't water,Don't water,Use Fogg-It 0.5 GPM for 5 sec OR Fogg-It 2 GPM for 5 sec. slowly around seedlings,Use Fogg-It 0.5 GPM for 5 sec OR Fogg-It 2 GPM for 5 sec. slowly around seedlings
chives_001,< 45°F,51-75%,Partly Cloudy,Wet (7-10),Don't water,Don't water,Don't water,Don't water,Don't water,Don't water,Don't water
chives_001,< 45°F,51-75%,Cloudy,Dry (0-3),Use Fogg-It 0.5 GPM for 5 sec OR Fogg-It 2 GPM for 5 sec. slowly around seedlings,Use Fogg-It 0.5 GPM for 5 sec OR Fogg-It 2 GPM for 5 sec. slowly around seedlings,Use Fogg-It 0.5 GPM for 5 sec OR Fogg-It 2 GPM for 5 sec. slowly around seedlings,Use Fogg-It 0.5 GPM for 5 sec OR Fogg-It 2 GPM for 5 sec. slowly around seedlings,Use Fogg-It 0.5 GPM for 5 sec OR Fogg-It 2 GPM for 5 sec. slowly around seedlings,Use Fogg-It 0.5 GPM for 5 sec OR Fogg-It 2 GPM for 5 sec. slowly around seedlings,Use Fogg-It 0.5 GPM for 5 sec OR Fogg-It 2 GPM for 5 sec. slowly around seedlings
chives_001,< 45°F,51-75%,Cloudy,Normal (3-7),Don't water,Don't water,Don't water,Don't water,Don't water,Don't water,Use Fogg-It 0.5 GPM for 5 sec OR Fogg-It 2 GPM for 5 sec. slowly around seedlings
chives_001,< 45°F,51-75%,Cloudy,Wet (7-10),Don't water,Don't water,Don't water,Don't water,Don't water,Don't water,Don't water
chives_001,< 45°F,76-100%,Sunny,Dry (0-3),Use Fogg-It 0.5 GPM for 5 sec OR Fogg-It 2 GPM for 5 sec. slowly around seedlings,Use Fogg-It 0.5 GPM for 5 sec OR Fogg-It 2 GPM for 5 sec. slowly around seedlings,Use Fogg-It 0.5 GPM for 5 sec OR Fogg-It 2 GPM for 5 sec. slowly around seedlings,Use Fogg-It 0.5 GPM for 5 sec OR Fogg-It 2 GPM for 5 sec. slowly around seedlings,Use Fogg-It 0.5 GPM for 5 sec OR Fogg-It 2 GPM for 5 sec. slowly around seedlings,Use Fogg-It 0.5 GPM for 5 sec OR Fogg-It 2 GPM for 5 sec. slowly around seedlings,Use Fogg-It 0.5 GPM for 5 sec OR Fogg-It 2 GPM for 5 sec. slowly around seedlings
chives_001,< 45°F,76-100%,Sunny,Normal (3-7),Don't water,Don't water,Don't water,Don't water,Don't water,Use Fogg-It 0.5 GPM for 5 sec OR Fogg-It 2 GPM for 5 sec. slowly around seedlings,Use Fogg-It 0.5 GPM for 5 sec OR Fogg-It 2 GPM for 5 sec. slowly around seedlings
chives_001,< 45°F,76-100%,Sunny,Wet (7-10),Don't water,Don't water,Don't water,Don't water,Don't water,Don't water,Don't water
chives_001,< 45°F,76-100%,Partly Cloudy,Dry (0-3),Use Fogg-It 0.5 GPM for 5 sec OR Fogg-It 2 GPM for 5 sec. slowly around seedlings,Use Fogg-It 0.5 GPM for 5 sec OR Fogg-It 2 GPM for 5 sec. slowly around seedlings,Use Fogg-It 0.5 GPM for 5 sec OR Fogg-It 2 GPM for 5 sec. slowly around seedlings,Use Fogg-It 0.5 GPM for 5 sec OR Fogg-It 2 GPM for 5 sec. slowly around seedlings,Use Fogg-It 0.5 GPM for 5 sec OR Fogg-It 2 GPM for 5 sec. slowly around seedlings,Use Fogg-It 0.5 GPM for 5 sec OR Fogg-It 2 GPM for 5 sec. slowly around seedlings,Use Fogg-It 0.5 GPM for 5 sec OR Fogg-It 2 GPM for 5 sec. slowly around seedlings
chives_001,< 45°F,76-100%,Partly Cloudy,Normal (3-7),Don't water,Don't water,Don't water,Don't water,Don't water,Don't water,Use Fogg-It 0.5 GPM for 5 sec OR Fogg-It 2 GPM for 5 sec. slowly around seedlings
chives_001,< 45°F,76-100%,Partly Cloudy,Wet (7-10),Don't water,Don't water,Don't water,Don't water,Don't water,Don't water,Don't water
chives_001,< 45°F,76-100%,Cloudy,Dry (0-3),Use Fogg-It 0.5 GPM for 5 sec OR Fogg-It 2 GPM for 5 sec. slowly around seedlings,Use Fogg-It 0.5 GPM for 5 sec OR Fogg-It 2 GPM for 5 sec. slowly around seedlings,Use Fogg-It 0.5 GPM for 5 sec OR Fogg-It 2 GPM for 5 sec. slowly around seedlings,Use Fogg-It 0.5 GPM for 5 sec OR Fogg-It 2 GPM for 5 sec. slowly around seedlings,Use Fogg-It 0.5 GPM for 5 sec OR Fogg-It 2 GPM for 5 sec. slowly around seedlings,Use Fogg-It 0.5 GPM for 5 sec OR Fogg-It 2 GPM for 5 sec. slowly around seedlings,Use Fogg-It 0.5 GPM for 5 sec OR Fogg-It 2 GPM for 5 sec. slowly around seedlings
chives_001,< 45°F,76-100%,Cloudy,Normal (3-7),Don't water,Don't water,Don't water,Don't water,Don't water,Don't water,Don't water
chives_001,< 45°F,76-100%,Cloudy,Wet (7-10),Don't water,Don't water,Don't water,Don't water,Don't water,Don't water,Don't water
chives_002,< 40°F,0-25%,Sunny,Dry (0-3),Use Fogg-It 0.5 GPM for 5 sec OR Fogg-It 2 GPM for 5 sec. slowly around seedlings,Use Fogg-It 0.5 GPM for 5 sec OR Fogg-It 2 GPM for 5 sec. slowly around seedlings,Use Fogg-It 0.5 GPM for 5 sec OR Fogg-It 2 GPM for 5 sec. slowly around seedlings,Use Fogg-It 0.5 GPM for 5 sec OR Fogg-It 2 GPM for 5 sec. slowly around seedlings,Use Fogg-It 0.5 GPM for 5 sec OR Fogg-It 2 GPM for 5 sec. slowly around seedlings,Use Fogg-It 0.5 GPM for 10 sec OR Fogg-It 2 GPM for 5 sec. slowly around seedlings,Use Fogg-It 0.5 GPM for 10 sec OR Fogg-It 2 GPM for 5 sec. slowly around seedlings
chives_002,< 40°F,0-25%,Sunny,Normal (3-7),Don't water,Don't water,Use Fogg-It 0.5 GPM for 5 sec OR Fogg-It 2 GPM for 5 sec. slowly around seedlings,Use Fogg-It 0.5 GPM for 5 sec OR Fogg-It 2 GPM for 5 sec. slowly around seedlings,Use Fogg-It 0.5 GPM for 5 sec OR Fogg-It 2 GPM for 5 sec. slowly around seedlings,Use Fogg-It 0.5 GPM for 5 sec OR Fogg-It 2 GPM for 5 sec. slowly around seedlings,Use Fogg-It 0.5 GPM for 5 sec OR Fogg-It 2 GPM for 5 sec. slowly around seedlings
chives_002,< 40°F,0-25%,Sunny,Wet (7-10),Don't water,Don't water,Don't water,Don't water,Don't water,Don't water,Don't water
chives_002,< 40°F,0-25%,Partly Cloudy,Dry (0-3),Use Fogg-It 0.5 GPM for 5 sec OR Fogg-It 2 GPM for 5 sec. slowly around seedlings,Use Fogg-It 0.5 GPM for 5 sec OR Fogg-It 2 GPM for 5 sec. slowly around seedlings,Use Fogg-It 0.5 GPM for 5 sec OR Fogg-It 2 GPM for 5 sec. slowly around seedlings,Use Fogg-It 0.5 GPM for 5 sec OR Fogg-It 2 GPM for 5 sec. slowly around seedlings,Use Fogg-It 0.5 GPM for 5 sec OR Fogg-It 2 GPM for 5 sec. slowly around seedlings,Use Fogg-It 0.5 GPM for 5 sec OR Fogg-It 2 GPM for 5 sec. slowly around seedlings,Use Fogg-It 0.5 GPM for 5 sec OR Fogg-It 2 GPM for 5 sec. slowly around seedlings
chives_002,< 40°F,0-25%,Partly Cloudy,Normal (3-7),Don't water,Don't water,Don't water,Use Fogg-It 0.5 GPM for 5 sec OR Fogg-It 2 GPM for 5 sec. slowly around seedlings,Use Fogg-It 0.5 GPM for 5 sec OR Fogg-It 2 GPM for 5 sec. slowly around seedlings,Use Fogg-It 0.5 GPM for 5 sec OR Fogg-It 2 GPM for 5 sec. slowly around seedlings,Use Fogg-It 0.5 GPM for 5 sec OR Fogg-It 2 GPM for 5 sec. slowly around seedlings
chives_002,< 40°F,0-25%,Partly Cloudy,Wet (7-10),Don't water,Don't water,Don't water,Don't water,Don't water,Don't water,Don't water
chives_002,< 40°F,0-25%,Cloudy,Dry (0-3),Use Fogg-It 0.5 GPM for 5 sec OR Fogg-It 2 GPM for 5 sec. slowly around seedlings,Use Fogg-It 0.5 GPM for 5 sec OR Fogg-It 2 GPM for 5 sec. slowly around seedlings,Use Fogg-It 0.5 GPM for 5 sec OR Fogg-It 2 GPM for 5 sec. slowly around seedlings,Use Fogg-It 0.5 GPM for 5 sec OR Fogg-It 2 GPM for 5 sec. slowly around seedlings,Use Fogg-It 0.5 GPM for 5 sec OR Fogg-It 2 GPM for 5 sec. slowly around seedlings,Use Fogg-It 0.5 GPM for 5 sec OR Fogg-It 2 GPM for 5 sec. slowly around seedlings,Use Fogg-It 0.5 GPM for 5 sec OR Fogg-It 2 GPM for 5 sec. slowly around seedlings
chives_002,< 40°F,0-25%,Cloudy,Normal (3-7),Don't water,Don't water,Don't water,Don't water,Use Fogg-It 0.5 GPM for 5 sec OR Fogg-It 2 GPM for 5 sec. slowly around seedlings,Use Fogg-It 0.5 GPM for 5 sec OR Fogg-It 2 GPM for 5 sec. slowly around seedlings,Use Fogg-It 0.5 GPM for 5 sec OR Fogg-It 2 GPM for 5 sec. slowly around seedlings
chives_002,< 40°F,0-25%,Cloudy,Wet (7-10),Don't water,Don't water,Don't water,Don't water,Don't water,Don't water,Don't water
chives_002,< 40°F,26-50%,Sunny,Dry (0-3),Use Fogg-It 0.5 GPM for 5 sec OR Fogg-It 2 GPM for 5 sec. slowly around seedlings,Use Fogg-It 0.5 GPM for 5 sec OR Fogg-It 2 GPM for 5 sec. slowly around seedlings,Use Fogg-It 0.5 GPM for 5 sec OR Fogg-It 2 GPM for 5 sec. slowly around seedlings,Use Fogg-It 0.5 GPM for 5 sec OR Fogg-It 2 GPM for 5 sec. slowly around seedlings,Use Fogg-It 0.5 GPM for 5 sec OR Fogg-It 2 GPM for 5 sec. slowly around seedlings,Use Fogg-It 0.5 GPM for 5 sec OR Fogg-It 2 GPM for 5 sec. slowly around seedlings,Use Fogg-It 0.5 GPM for 5 sec OR Fogg-It 2 GPM for 5 sec. slowly around seedlings
chives_002,< 40°F,26-50%,Sunny,Normal (3-7),Don't water,Don't water,Don't water,Use Fogg-It 0.5 GPM for 5 sec OR Fogg-It 2 GPM for 5 sec. slowly around seedlings,Use Fogg-It 0.5 GPM for 5 sec OR Fogg-It 2 GPM for 5 sec. slowly around seedlings,Use Fogg-It 0.5 GPM for 5 sec OR Fogg-It 2 GPM for 5 sec. slowly around seedlings,Use Fogg-It 0.5 GPM for 5 sec OR Fogg-It 2 GPM for 5 sec. slowly around seedlings
chives_002,< 40°F,26-50%,Sunny,Wet (7-10),Don't water,Don't water,Don't water,Don't water,Don't water,Don't water,Don't water
chives_002,< 40°F,26-50%,Partly Cloudy,Dry (0-3),Use Fogg-It 0.5 GPM for 5 sec OR Fogg-It 2 GPM for 5 sec. slowly around seedlings,Use Fogg-It 0.5 GPM for 5 sec OR Fogg-It 2 GPM for 5 sec. slowly around seedlings,Use Fogg-It 0.5 GPM for 5 sec OR Fogg-It 2 GPM for 5 sec. slowly around seedlings,Use Fogg-It 0.5 GPM for 5 sec OR Fogg-It 2 GPM for 5 sec. slowly around seedlings,Use Fogg-It 0.5 GPM for 5 sec OR Fogg-It 2 GPM for 5 sec. slowly around seedlings,Use Fogg-It 0.5 GPM for 5 sec OR Fogg-It 2 GPM for 5 sec. slowly around seedlings,Use Fogg-It 0.5 GPM for 5 sec OR Fogg-It 2 GPM for 5 sec. slowly around seedlings
chives_002,< 40°F,26-50%,Partly Cloudy,Normal (3-7),Don't water,Don't water,Don't water,Don't water,Use Fogg-It 0.5 GPM for 5 sec OR Fogg-It 2 GPM for 5 sec. slowly around seedlings,Use Fogg-It 0.5 GPM for 5 sec OR Fogg-It 2 GPM for 5 sec. slowly around seedlings,Use Fogg-It 0.5 GPM for 5 sec OR Fogg-It 2 GPM for 5 sec. slowly around seedlings
chives_002,< 40°F,26-50%,Partly Cloudy,Wet (7-10),Don't water,Don't water,Don't water,Don't water,Don't water,Don't water,Don't water
chives_002,< 40°F,26-50%,Cloudy,Dry (0-3),Use Fogg-It 0.5 GPM for 5 sec OR Fogg-It 2 GPM for 5 sec. slowly around seedlings,Use Fogg-It 0.5 GPM for 5 sec OR Fogg-It 2 GPM for 5 sec. slowly around seedlings,Use Fogg-It 0.5 GPM for 5 sec OR Fogg-It 2 GPM for 5 sec. slowly around seedlings,Use Fogg-It 0.5 GPM for 5 sec OR Fogg-It 2 GPM for 5 sec. slowly around seedlings,Use Fogg-It 0.5 GPM for 5 sec OR Fogg-It 2 GPM for 5 sec. slowly around seedlings,Use Fogg-It 0.5 GPM for 5 sec OR Fogg-It 2 GPM for 5 sec. slowly around seedlings,Use Fogg-It 0.5 GPM for 5 sec OR Fogg-It 2 GPM for 5 sec. slowly around seedlings
chives_002,< 40°F,26-50%,Cloudy,Normal (3-7),Don't water,Don't water,Don't water,Don't water,Don't water,Use Fogg-It 0.5 GPM for 5 sec OR Fogg-It 2 GPM for 5 sec. slowly around seedlings,Use Fogg-It 0.5 GPM for 5 sec OR Fogg-It 2 GPM for 5 sec. slowly around seedlings
chives_002,< 40°F,26-50%,Cloudy,Wet (7-10),Don't water,Don't water,Don't water,Don't water,Don't water,Don't water,Don't water
chives_002,< 40°F,51-75%,Sunny,Dry (0-3),Use Fogg-It 0.5 GPM for 5 sec OR Fogg-It 2 GPM for 5 sec. slowly around seedlings,Use Fogg-It 0.5 GPM for 5 sec OR Fogg-It 2 GPM for 5 sec. slowly around seedlings,Use Fogg-It 0.5 GPM for 5 sec OR Fogg-It 2 GPM for 5 sec. slowly around seedlings,Use Fogg-It 0.5 GPM for 5 sec OR Fogg-It 2 GPM for 5 sec. slowly around seedlings,Use Fogg-It 0.5 GPM for 5 sec OR Fogg-It 2 GPM for 5 sec. slowly around seedlings,Use Fogg-It 0.5 GPM for 5 sec OR Fogg-It 2 GPM for 5 sec. slowly around seedlings,Use Fogg-It 0.5 GPM for 5 sec OR Fogg-It 2 GPM for 5 sec. slowly around seedlings
chives_002,< 40°F,51-75%,Sunny,Normal (3-7),Don't water,Don't water,Don't water,Don't water,Use Fogg-It 0.5 GPM for 5 sec OR Fogg-It 2 GPM for 5 sec. slowly around seedlings,Use Fogg-It 0.5 GPM for 5 sec OR Fogg-It 2 GPM for 5 sec. slowly around seedlings,Use Fogg-It 0.5 GPM for 5 sec OR Fogg-It 2 GPM for 5 sec. slowly around seedlings
chives_002,< 40°F,51-75%,Sunny,Wet (7-10),Don't water,Don't water,Don't water,Don't water,Don't water,Don't water,Don't water
chives_002,< 40°F,51-75%,Partly Cloudy,Dry (0-3),Use Fogg-It 0.5 GPM for 5 sec OR Fogg-It 2 GPM for 5 sec. slowly around seedlings,Use Fogg-It 0.5 GPM for 5 sec OR Fogg-It 2 GPM for 5 sec. slowly around seedlings,Use Fogg-It 0.5 GPM for 5 sec OR Fogg-It 2 GPM for 5 sec. slowly around seedlings,Use Fogg-It 0.5 GPM for 5 sec OR Fogg-It 2 GPM for 5 sec. slowly around seedlings,Use Fogg-It 0.5 GPM for 5 sec OR Fogg-It 2 GPM for 5 sec. slowly around seedlings,Use Fogg-It 0.5 GPM for 5 sec OR Fogg-It 2 GPM for 5 sec. slowly around seedlings,Use Fogg-It 0.5 GPM for 5 sec OR Fogg-It 2 GPM for 5 sec. slowly around seedlings
chives_002,< 40°F,51-75%,Partly Cloudy,Normal (3-7),Don't water,Don't water,Don't water,Don't water,Don't water,Use Fogg-It 0.5 GPM for 5 sec OR Fogg-It 2 GPM for 5 sec. slowly around seedlings,Use Fogg-It 0.5 GPM for 5 sec OR Fogg-It 2 GPM for 5 sec. slowly around seedlings
chives_002,< 40°F,51-75%,Partly Cloudy,Wet (7-10),Don't water,Don't water,Don't water,Don't water,Don't water,Don't water,Don't water
chives_002,< 40°F,51-75%,Cloudy,Dry (0-3),Use Fogg-It 0.5 GPM for 5 sec OR Fogg-It 2 GPM for 5 sec. slowly around seedlings,Use Fogg-It 0.5 GPM for 5 sec OR Fogg-It 2 GPM for 5 sec. slowly around seedlings,Use Fogg-It 0.5 GPM for 5 sec OR Fogg-It 2 GPM for 5 sec. slowly around seedlings,Use Fogg-It 0.5 GPM for 5 sec OR Fogg-It 2 GPM for 5 sec. slowly around seedlings,Use Fogg-It 0.5 GPM for 5 sec OR Fogg-It 2 GPM for 5 sec. slowly around seedlings,Use Fogg-It 0.5 GPM for 5 sec OR Fogg-It 2 GPM for 5 sec. slowly around seedlings,Use Fogg-It 0.5 GPM for 5 sec OR Fogg-It 2 GPM for 5 sec. slowly around seedlings
chives_002,< 40°F,51-75%,Cloudy,Normal (3-7),Don't water,Don't water,Don't water,Don't water,Don't water,Don't water,Use Fogg-It 0.5 GPM for 5 sec OR Fogg-It 2 GPM for 5 sec. slowly around seedlings
chives_002,< 40°F,51-75%,Cloudy,Wet (7-10),Don't water,Don't water,Don't water,Don't water,Don't water,Don't water,Don't water
chives_002,< 40°F,76-100%,Sunny,Dry (0-3),Use Fogg-It 0.5 GPM for 5 sec OR Fogg-It 2 GPM for 5 sec. slowly around seedlings,Use Fogg-It 0.5 GPM for 5 sec OR Fogg-It 2 GPM for 5 sec. slowly around seedlings,Use Fogg-It 0.5 GPM for 5 sec OR Fogg-It 2 GPM for 5 sec. slowly around seedlings,Use Fogg-It 0.5 GPM for 5 sec OR Fogg-It 2 GPM for 5 sec. slowly around seedlings,Use Fogg-It 0.5 GPM for 5 sec OR Fogg-It 2 GPM for 5 sec. slowly around seedlings,Use Fogg-It 0.5 GPM for 5 sec OR Fogg-It 2 GPM for 5 sec. slowly around seedlings,Use Fogg-It 0.5 GPM for 5 sec OR Fogg-It 2 GPM for 5 sec. slowly around seedlings
chives_002,< 40°F,76-100%,Sunny,Normal (3-7),Don't water,Don't water,Don't water,Don't water,Don't water,Use Fogg-It 0.5 GPM for 5 sec OR Fogg-It 2 GPM for 5 sec. slowly around seedlings,Use Fogg-It 0.5 GPM for 5 sec OR Fogg-It 2 GPM for 5 sec. slowly around seedlings
chives_002,< 40°F,76-100%,Sunny,Wet (7-10),Don't water,Don't water,Don't water,Don't water,Don't water,Don't water,Don't water
chives_002,< 40°F,76-100%,Partly Cloudy,Dry (0-3),Use Fogg-It 0.5 GPM for 5 sec OR Fogg-It 2 GPM for 5 sec. slowly around seedlings,Use Fogg-It 0.5 GPM for 5 sec OR Fogg-It 2 GPM for 5 sec. slowly around seedlings,Use Fogg-It 0.5 GPM for 5 sec OR Fogg-It 2 GPM for 5 sec. slowly around seedlings,Use Fogg-It 0.5 GPM for 5 sec OR Fogg-It 2 GPM for 5 sec. slowly around seedlings,Use Fogg-It 0.5 GPM for 5 sec OR Fogg-It 2 GPM for 5 sec. slowly around seedlings,Use Fogg-It 0.5 GPM for 5 sec OR Fogg-It 2 GPM for 5 sec. slowly around seedlings,Use Fogg-It 0.5 GPM for 5 sec OR Fogg-It 2 GPM for 5 sec. slowly around seedlings
chives_002,< 40°F,76-100%,Partly Cloudy,Normal (3-7),Don't water,Don't water,Don't water,Don't water,Don't water,Don't water,Use Fogg-It 0.5 GPM for 5 sec OR Fogg-It 2 GPM for 5 sec. slowly around seedlings
chives_002,< 40°F,76-100%,Partly Cloudy,Wet (7-10),Don't water,Don't water,Don't water,Don't water,Don't water,Don't water,Don't water
chives_002,< 40°F,76-100%,Cloudy,Dry (0-3),Use Fogg-It 0.5 GPM for 5 sec OR Fogg-It 2 GPM for 5 sec. slowly around seedlings,Use Fogg-It 0.5 GPM for 5 sec OR Fogg-It 2 GPM for 5 sec. slowly around seedlings,Use Fogg-It 0.5 GPM for 5 sec OR Fogg-It 2 GPM for 5 sec. slowly around seedlings,Use Fogg-It 0.5 GPM for 5 sec OR Fogg-It 2 GPM for 5 sec. slowly around seedlings,Use Fogg-It 0.5 GPM for 5 sec OR Fogg-It 2 GPM for 5 sec. slowly around seedlings,Use Fogg-It 0.5 GPM for 5 sec OR Fogg-It 2 GPM for 5 sec. slowly around seedlings,Use Fogg-It 0.5 GPM for 5 sec OR Fogg-It 2 GPM for 5 sec. slowly around seedlings
chives_002,< 40°F,76-100%,Cloudy,Normal (3-7),Don't water,Don't water,Don't water,Don't water,Don't water,Don't water,Don't water
chives_002,< 40°F,76-100%,Cloudy,Wet (7-10),Don't water,Don't water,Don't water,Don't water,Don't water,Don't water,Don't water
arugula_001,< 36°F,0-25%,Sunny,Dry (0-3),"Use Fogg-It 0.5 GPM for 5 sec OR Fogg-It 2 GPM for 5 sec. slowly and evenly across the arugula section, aiming at the soil (not the leaves),Water 1/2 cup slowly and evenly across the arugula section, aiming at the soil (not the leaves),Water 1/2 cup slowly and evenly across the arugula section, aiming at the soil (not the leaves),Water 3/4 cup slowly and evenly across the arugula section, aiming at the soil (not the leaves)",Use Fogg-It 0.5 GPM for 10 sec OR Fogg-It 2 GPM for 5 sec. slowly and evenly across the arugula section, aiming at the soil (not the leaves),Use Fogg-It 0.5 GPM for 10 sec OR Fogg-It 2 GPM for 5 sec. s slowly and evenly across the arugula section, aiming at the soil (not the leaves),Use Fogg-It 0.5 GPM for 15 sec OR Fogg-It 2 GPM for 5 sec. slowly and evenly across the arugula section, aiming at the soil (not the leaves)
arugula_001,< 36°F,0-25%,Sunny,Normal (3-7),"Use Fogg-It 0.5 GPM for 5 sec OR Fogg-It 2 GPM for 5 sec. slowly and evenly across the arugula section, aiming at the soil (not the leaves),Water 1/4 cup slowly and evenly across the arugula section, aiming at the soil (not the leaves),Water 1/2 cup slowly and evenly across the arugula section, aiming at the soil (not the leaves)",Use Fogg-It 0.5 GPM for 5 sec OR Fogg-It 2 GPM for 5 sec. slowly and evenly across the arugula section, aiming at the soil (not the leaves),Use Fogg-It 0.5 GPM for 5 sec OR Fogg-It 2 GPM for 5 sec. slowly and evenly across the arugula section, aiming at the soil (not the leaves),Use Fogg-It 0.5 GPM for 10 sec OR Fogg-It 2 GPM for 5 sec. slowly and evenly across the arugula section, aiming at the soil (not the leaves)
arugula_001,< 36°F,0-25%,Sunny,Wet (7-10),Don't water,Don't water,Don't water,Don't water,Don't water,Don't water,Don't water
arugula_001,< 36°F,0-25%,Partly Cloudy,Dry (0-3),"Use Fogg-It 0.5 GPM for 5 sec OR Fogg-It 2 GPM for 5 sec. slowly and evenly across the arugula section, aiming at the soil (not the leaves),Water 1/4 cup slowly and evenly across the arugula section, aiming at the soil (not the leaves),Water 1/2 cup slowly and evenly across the arugula section, aiming at the soil (not the leaves),Water 1/2 cup slowly and evenly across the arugula section, aiming at the soil (not the leaves)",Use Fogg-It 0.5 GPM for 5 sec OR Fogg-It 2 GPM for 5 sec. slowly and evenly across the arugula section, aiming at the soil (not the leaves),Use Fogg-It 0.5 GPM for 10 sec OR Fogg-It 2 GPM for 5 sec. slowly and evenly across the arugula section, aiming at the soil (not the leaves),Use Fogg-It 0.5 GPM for 10 sec OR Fogg-It 2 GPM for 5 sec. s slowly and evenly across the arugula section, aiming at the soil (not the leaves)
arugula_001,< 36°F,0-25%,Partly Cloudy,Normal (3-7),"Use Fogg-It 0.5 GPM for 5 sec OR Fogg-It 2 GPM for 5 sec. slowly and evenly across the arugula section, aiming at the soil (not the leaves),Water 1/4 cup slowly and evenly across the arugula section, aiming at the soil (not the leaves)",Use Fogg-It 0.5 GPM for 5 sec OR Fogg-It 2 GPM for 5 sec. slowly and evenly across the arugula section, aiming at the soil (not the leaves),Use Fogg-It 0.5 GPM for 5 sec OR Fogg-It 2 GPM for 5 sec. slowly and evenly across the arugula section, aiming at the soil (not the leaves),Use Fogg-It 0.5 GPM for 5 sec OR Fogg-It 2 GPM for 5 sec. slowly and evenly across the arugula section, aiming at the soil (not the leaves)
arugula_001,< 36°F,0-25%,Partly Cloudy,Wet (7-10),Don't water,Don't water,Don't water,Don't water,Don't water,Don't water,Don't water
arugula_001,< 36°F,0-25%,Cloudy,Dry (0-3),"Use Fogg-It 0.5 GPM for 5 sec OR Fogg-It 2 GPM for 5 sec. slowly and evenly across the arugula section, aiming at the soil (not the leaves),Water 1/4 cup slowly and evenly across the arugula section, aiming at the soil (not the leaves),Water 1/4 cup slowly and evenly across the arugula section, aiming at the soil (not the leaves),Water 1/2 cup slowly and evenly across the arugula section, aiming at the soil (not the leaves)",Use Fogg-It 0.5 GPM for 5 sec OR Fogg-It 2 GPM for 5 sec. slowly and evenly across the arugula section, aiming at the soil (not the leaves),Use Fogg-It 0.5 GPM for 5 sec OR Fogg-It 2 GPM for 5 sec. slowly and evenly across the arugula section, aiming at the soil (not the leaves),Use Fogg-It 0.5 GPM for 10 sec OR Fogg-It 2 GPM for 5 sec. slowly and evenly across the arugula section, aiming at the soil (not the leaves)
arugula_001,< 36°F,0-25%,Cloudy,Normal (3-7),"Use Fogg-It 0.5 GPM for 5 sec OR Fogg-It 2 GPM for 5 sec. slowly and evenly across the arugula section, aiming at the soil (not the leaves)",Use Fogg-It 0.5 GPM for 5 sec OR Fogg-It 2 GPM for 5 sec. slowly and evenly across the arugula section, aiming at the soil (not the leaves),Use Fogg-It 0.5 GPM for 5 sec OR Fogg-It 2 GPM for 5 sec. slowly and evenly across the arugula section, aiming at the soil (not the leaves),Use Fogg-It 0.5 GPM for 5 sec OR Fogg-It 2 GPM for 5 sec. slowly and evenly across the arugula section, aiming at the soil (not the leaves)
arugula_001,< 36°F,0-25%,Cloudy,Wet (7-10),Don't water,Don't water,Don't water,Don't water,Don't water,Don't water,Don't water
arugula_001,< 36°F,26-50%,Sunny,Dry (0-3),"Use Fogg-It 0.5 GPM for 5 sec OR Fogg-It 2 GPM for 5 sec. slowly and evenly across the arugula section, aiming at the soil (not the leaves),Water 1/4 cup slowly and evenly across the arugula section, aiming at the soil (not the leaves),Water 1/2 cup slowly and evenly across the arugula section, aiming at the soil (not the leaves),Water 1/2 cup slowly and evenly across the arugula section, aiming at the soil (not the leaves)",Use Fogg-It 0.5 GPM for 5 sec OR Fogg-It 2 GPM for 5 sec. slowly and evenly across the arugula section, aiming at the soil (not the leaves),Use Fogg-It 0.5 GPM for 10 sec OR Fogg-It 2 GPM for 5 sec. slowly and evenly across the arugula section, aiming at the soil (not the leaves),Use Fogg-It 0.5 GPM for 10 sec OR Fogg-It 2 GPM for 5 sec. s slowly and evenly across the arugula section, aiming at the soil (not the leaves)
arugula_001,< 36°F,26-50%,Sunny,Normal (3-7),"Use Fogg-It 0.5 GPM for 5 sec OR Fogg-It 2 GPM for 5 sec. slowly and evenly across the arugula section, aiming at the soil (not the leaves),Water 1/4 cup slowly and evenly across the arugula section, aiming at the soil (not the leaves)",Use Fogg-It 0.5 GPM for 5 sec OR Fogg-It 2 GPM for 5 sec. slowly and evenly across the arugula section, aiming at the soil (not the leaves),Use Fogg-It 0.5 GPM for 5 sec OR Fogg-It 2 GPM for 5 sec. slowly and evenly across the arugula section, aiming at the soil (not the leaves),Use Fogg-It 0.5 GPM for 5 sec OR Fogg-It 2 GPM for 5 sec. slowly and evenly across the arugula section, aiming at the soil (not the leaves)
arugula_001,< 36°F,26-50%,Sunny,Wet (7-10),Don't water,Don't water,Don't water,Don't water,Don't water,Don't water,Don't water
arugula_001,< 36°F,26-50%,Partly Cloudy,Dry (0-3),"Use Fogg-It 0.5 GPM for 5 sec OR Fogg-It 2 GPM for 5 sec. slowly and evenly across the arugula section, aiming at the soil (not the leaves),Water 1/4 cup slowly and evenly across the arugula section, aiming at the soil (not the leaves),Water 1/4 cup slowly and evenly across the arugula section, aiming at the soil (not the leaves),Water 1/2 cup slowly and evenly across the arugula section, aiming at the soil (not the leaves)",Use Fogg-It 0.5 GPM for 5 sec OR Fogg-It 2 GPM for 5 sec. slowly and evenly across the arugula section, aiming at the soil (not the leaves),Use Fogg-It 0.5 GPM for 5 sec OR Fogg-It 2 GPM for 5 sec. slowly and evenly across the arugula section, aiming at the soil (not the leaves),Use Fogg-It 0.5 GPM for 10 sec OR Fogg-It 2 GPM for 5 sec. slowly and evenly across the arugula section, aiming at the soil (not the leaves)
arugula_001,< 36°F,26-50%,Partly Cloudy,Normal (3-7),"Use Fogg-It 0.5 GPM for 5 sec OR Fogg-It 2 GPM for 5 sec. slowly and evenly across the arugula section, aiming at the soil (not the leaves)",Use Fogg-It 0.5 GPM for 5 sec OR Fogg-It 2 GPM for 5 sec. slowly and evenly across the arugula section, aiming at the soil (not the leaves),Use Fogg-It 0.5 GPM for 5 sec OR Fogg-It 2 GPM for 5 sec. slowly and evenly across the arugula section, aiming at the soil (not the leaves),Use Fogg-It 0.5 GPM for 5 sec OR Fogg-It 2 GPM for 5 sec. slowly and evenly across the arugula section, aiming at the soil (not the leaves)
arugula_001,< 36°F,26-50%,Partly Cloudy,Wet (7-10),Don't water,Don't water,Don't water,Don't water,Don't water,Don't water,Don't water
arugula_001,< 36°F,26-50%,Cloudy,Dry (0-3),"Use Fogg-It 0.5 GPM for 5 sec OR Fogg-It 2 GPM for 5 sec. slowly and evenly across the arugula section, aiming at the soil (not the leaves),Water 1/8 cup slowly and evenly across the arugula section, aiming at the soil (not the leaves),Water 1/4 cup slowly and evenly across the arugula section, aiming at the soil (not the leaves),Water 1/4 cup slowly and evenly across the arugula section, aiming at the soil (not the leaves)",Use Fogg-It 0.5 GPM for 5 sec OR Fogg-It 2 GPM for 5 sec. slowly and evenly across the arugula section, aiming at the soil (not the leaves),Use Fogg-It 0.5 GPM for 5 sec OR Fogg-It 2 GPM for 5 sec. slowly and evenly across the arugula section, aiming at the soil (not the leaves),Use Fogg-It 0.5 GPM for 5 sec OR Fogg-It 2 GPM for 5 sec. slowly and evenly across the arugula section, aiming at the soil (not the leaves)
arugula_001,< 36°F,26-50%,Cloudy,Normal (3-7),"Don't water,Don't water,Don't water,Don't water",Use Fogg-It 0.5 GPM for 5 sec OR Fogg-It 2 GPM for 5 sec. slowly and evenly across the arugula section, aiming at the soil (not the leaves),Use Fogg-It 0.5 GPM for 5 sec OR Fogg-It 2 GPM for 5 sec. slowly and evenly across the arugula section, aiming at the soil (not the leaves),Use Fogg-It 0.5 GPM for 5 sec OR Fogg-It 2 GPM for 5 sec. slowly and evenly across the arugula section, aiming at the soil (not the leaves)
arugula_001,< 36°F,26-50%,Cloudy,Wet (7-10),Don't water,Don't water,Don't water,Don't water,Don't water,Don't water,Don't water
arugula_001,< 36°F,51-75%,Sunny,Dry (0-3),"Use Fogg-It 0.5 GPM for 5 sec OR Fogg-It 2 GPM for 5 sec. slowly and evenly across the arugula section, aiming at the soil (not the leaves),Water 1/8 cup slowly and evenly across the arugula section, aiming at the soil (not the leaves),Water 1/4 cup slowly and evenly across the arugula section, aiming at the soil (not the leaves),Water 1/4 cup slowly and evenly across the arugula section, aiming at the soil (not the leaves)",Use Fogg-It 0.5 GPM for 5 sec OR Fogg-It 2 GPM for 5 sec. slowly and evenly across the arugula section, aiming at the soil (not the leaves),Use Fogg-It 0.5 GPM for 5 sec OR Fogg-It 2 GPM for 5 sec. slowly and evenly across the arugula section, aiming at the soil (not the leaves),Use Fogg-It 0.5 GPM for 5 sec OR Fogg-It 2 GPM for 5 sec. slowly and evenly across the arugula section, aiming at the soil (not the leaves)
arugula_001,< 36°F,51-75%,Sunny,Normal (3-7),"Don't water,Don't water,Don't water,Don't water",Use Fogg-It 0.5 GPM for 5 sec OR Fogg-It 2 GPM for 5 sec. slowly and evenly across the arugula section, aiming at the soil (not the leaves),Use Fogg-It 0.5 GPM for 5 sec OR Fogg-It 2 GPM for 5 sec. slowly and evenly across the arugula section, aiming at the soil (not the leaves),Use Fogg-It 0.5 GPM for 5 sec OR Fogg-It 2 GPM for 5 sec. slowly and evenly across the arugula section, aiming at the soil (not the leaves)
arugula_001,< 36°F,51-75%,Sunny,Wet (7-10),Don't water,Don't water,Don't water,Don't water,Don't water,Don't water,Don't water
arugula_001,< 36°F,51-75%,Partly Cloudy,Dry (0-3),"Use Fogg-It 0.5 GPM for 5 sec OR Fogg-It 2 GPM for 5 sec. slowly and evenly across the arugula section, aiming at the soil (not the leaves),Water 1/8 cup slowly and evenly across the arugula section, aiming at the soil (not the leaves),Water 1/8 cup slowly and evenly across the arugula section, aiming at the soil (not the leaves),Water 1/4 cup slowly and evenly across the arugula section, aiming at the soil (not the leaves)",Use Fogg-It 0.5 GPM for 5 sec OR Fogg-It 2 GPM for 5 sec. slowly and evenly across the arugula section, aiming at the soil (not the leaves),Use Fogg-It 0.5 GPM for 5 sec OR Fogg-It 2 GPM for 5 sec. slowly and evenly across the arugula section, aiming at the soil (not the leaves),Use Fogg-It 0.5 GPM for 5 sec OR Fogg-It 2 GPM for 5 sec. slowly and evenly across the arugula section, aiming at the soil (not the leaves)
arugula_001,< 36°F,51-75%,Partly Cloudy,Normal (3-7),"Don't water,Don't water,Don't water",Don't water,Don't water,Use Fogg-It 0.5 GPM for 5 sec OR Fogg-It 2 GPM for 5 sec. slowly and evenly across the arugula section, aiming at the soil (not the leaves),Use Fogg-It 0.5 GPM for 5 sec OR Fogg-It 2 GPM for 5 sec. slowly and evenly across the arugula section, aiming at the soil (not the leaves)
arugula_001,< 36°F,51-75%,Partly Cloudy,Wet (7-10),Don't water,Don't water,Don't water,Don't water,Don't water,Don't water,Don't water
arugula_001,< 36°F,51-75%,Cloudy,Dry (0-3),"Use Fogg-It 0.5 GPM for 5 sec OR Fogg-It 2 GPM for 5 sec. slowly and evenly across the arugula section, aiming at the soil (not the leaves),Water 1/8 cup slowly and evenly across the arugula section, aiming at the soil (not the leaves),Water 1/8 cup slowly and evenly across the arugula section, aiming at the soil (not the leaves)",Use Fogg-It 0.5 GPM for 5 sec OR Fogg-It 2 GPM for 5 sec. slowly and evenly across the arugula section, aiming at the soil (not the leaves),Use Fogg-It 0.5 GPM for 5 sec OR Fogg-It 2 GPM for 5 sec. slowly and evenly across the arugula section, aiming at the soil (not the leaves),Use Fogg-It 0.5 GPM for 5 sec OR Fogg-It 2 GPM for 5 sec. slowly and evenly across the arugula section, aiming at the soil (not the leaves)
arugula_001,< 36°F,51-75%,Cloudy,Normal (3-7),"Don't water,Don't water",Don't water,Don't water,Don't water,Don't water,Use Fogg-It 0.5 GPM for 5 sec OR Fogg-It 2 GPM for 5 sec. slowly and evenly across the arugula section, aiming at the soil (not the leaves)
arugula_001,< 36°F,51-75%,Cloudy,Wet (7-10),Don't water,Don't water,Don't water,Don't water,Don't water,Don't water,Don't water
arugula_001,< 36°F,76-100%,Sunny,Dry (0-3),"Use Fogg-It 0.5 GPM for 5 sec OR Fogg-It 2 GPM for 5 sec. slowly and evenly across the arugula section, aiming at the soil (not the leaves),Water 1/8 cup slowly and evenly across the arugula section, aiming at the soil (not the leaves),Water 1/8 cup slowly and evenly across the arugula section, aiming at the soil (not the leaves)",Use Fogg-It 0.5 GPM for 5 sec OR Fogg-It 2 GPM for 5 sec. slowly and evenly across the arugula section, aiming at the soil (not the leaves),Use Fogg-It 0.5 GPM for 5 sec OR Fogg-It 2 GPM for 5 sec. slowly and evenly across the arugula section, aiming at the soil (not the leaves),Use Fogg-It 0.5 GPM for 5 sec OR Fogg-It 2 GPM for 5 sec. slowly and evenly across the arugula section, aiming at the soil (not the leaves)
arugula_001,< 36°F,76-100%,Sunny,Normal (3-7),"Don't water,Don't water",Don't water,Don't water,Don't water,Don't water,Use Fogg-It 0.5 GPM for 5 sec OR Fogg-It 2 GPM for 5 sec. slowly and evenly across the arugula section, aiming at the soil (not the leaves)
arugula_001,< 36°F,76-100%,Sunny,Wet (7-10),Don't water,Don't water,Don't water,Don't water,Don't water,Don't water,Don't water
arugula_001,< 36°F,76-100%,Partly Cloudy,Dry (0-3),"Use Fogg-It 0.5 GPM for 5 sec OR Fogg-It 2 GPM for 5 sec. slowly and evenly across the arugula section, aiming at the soil (not the leaves),Water 1/8 cup slowly and evenly across the arugula section, aiming at the soil (not the leaves)",Use Fogg-It 0.5 GPM for 5 sec OR Fogg-It 2 GPM for 5 sec. slowly and evenly across the arugula section, aiming at the soil (not the leaves),Use Fogg-It 0.5 GPM for 5 sec OR Fogg-It 2 GPM for 5 sec. slowly and evenly across the arugula section, aiming at the soil (not the leaves),Use Fogg-It 0.5 GPM for 5 sec OR Fogg-It 2 GPM for 5 sec. slowly and evenly across the arugula section, aiming at the soil (not the leaves)
arugula_001,< 36°F,76-100%,Partly Cloudy,Normal (3-7),Don't water,Don't water,Don't water,Don't water,Don't water,Don't water,Don't water
arugula_001,< 36°F,76-100%,Partly Cloudy,Wet (7-10),Don't water,Don't water,Don't water,Don't water,Don't water,Don't water,Don't water
arugula_001,< 36°F,76-100%,Cloudy,Dry (0-3),"Use Fogg-It 0.5 GPM for 5 sec OR Fogg-It 2 GPM for 5 sec. slowly and evenly across the arugula section, aiming at the soil (not the leaves)",Use Fogg-It 0.5 GPM for 5 sec OR Fogg-It 2 GPM for 5 sec. slowly and evenly across the arugula section, aiming at the soil (not the leaves),Use Fogg-It 0.5 GPM for 5 sec OR Fogg-It 2 GPM for 5 sec. slowly and evenly across the arugula section, aiming at the soil (not the leaves),Use Fogg-It 0.5 GPM for 5 sec OR Fogg-It 2 GPM for 5 sec. slowly and evenly across the arugula section, aiming at the soil (not the leaves)
arugula_001,< 36°F,76-100%,Cloudy,Normal (3-7),Don't water,Don't water,Don't water,Don't water,Don't water,Don't water,Don't water
arugula_001,< 36°F,76-100%,Cloudy,Wet (7-10),Don't water,Don't water,Don't water,Don't water,Don't water,Don't water,Don't water
broccoli_001,< 38°F,0-25%,Sunny,Dry (0-3),Use Fogg-It 0.5 GPM for 5 sec OR Fogg-It 2 GPM for 5 sec. slowly in a ring 1–2 inches from the crown,Use Fogg-It 0.5 GPM for 5 sec OR Fogg-It 2 GPM for 5 sec. slowly in a ring 1–2 inches from the crown,Use Fogg-It 0.5 GPM for 10 sec OR Fogg-It 2 GPM for 5 sec. slowly in a ring 1–2 inches from the crown,Use Fogg-It 0.5 GPM for 15 sec OR Fogg-It 2 GPM for 5 sec. slowly in a ring 1–2 inches from the crown,Use Fogg-It 0.5 GPM for 15 sec OR Fogg-It 2 GPM for 5 sec. slowly in a ring 1–2 inches from the crown,Use Fogg-It 0.5 GPM for 30 sec OR Fogg-It 2 GPM for 10 sec. slowly in a ring 1–2 inches from the crown,Use Fogg-It 0.5 GPM for 30 sec OR Fogg-It 2 GPM for 10 sec. slowly in a ring 1–2 inches from the crown
broccoli_001,< 38°F,0-25%,Sunny,Normal (3-7),Don't water,Don't water,Use Fogg-It 0.5 GPM for 5 sec OR Fogg-It 2 GPM for 5 sec. slowly in a ring 1–2 inches from the crown,Use Fogg-It 0.5 GPM for 5 sec OR Fogg-It 2 GPM for 5 sec. slowly in a ring 1–2 inches from the crown,Use Fogg-It 0.5 GPM for 5 sec OR Fogg-It 2 GPM for 5 sec. slowly in a ring 1–2 inches from the crown,Use Fogg-It 0.5 GPM for 10 sec OR Fogg-It 2 GPM for 5 sec. slowly in a ring 1–2 inches from the crown,Use Fogg-It 0.5 GPM for 15 sec OR Fogg-It 2 GPM for 5 sec. slowly in a ring 1–2 inches from the crown
broccoli_001,< 38°F,0-25%,Sunny,Wet (7-10),Don't water,Don't water,Don't water,Don't water,Don't water,Don't water,Don't water
broccoli_001,< 38°F,0-25%,Partly Cloudy,Dry (0-3),Use Fogg-It 0.5 GPM for 5 sec OR Fogg-It 2 GPM for 5 sec. slowly in a ring 1–2 inches from the crown,Use Fogg-It 0.5 GPM for 5 sec OR Fogg-It 2 GPM for 5 sec. slowly in a ring 1–2 inches from the crown,Use Fogg-It 0.5 GPM for 5 sec OR Fogg-It 2 GPM for 5 sec. slowly in a ring 1–2 inches from the crown,Use Fogg-It 0.5 GPM for 10 sec OR Fogg-It 2 GPM for 5 sec. slowly in a ring 1–2 inches from the crown,Use Fogg-It 0.5 GPM for 15 sec OR Fogg-It 2 GPM for 5 sec. slowly in a ring 1–2 inches from the crown,Use Fogg-It 0.5 GPM for 15 sec OR Fogg-It 2 GPM for 5 sec. slowly in a ring 1–2 inches from the crown,Use Fogg-It 0.5 GPM for 30 sec OR Fogg-It 2 GPM for 10 sec. slowly in a ring 1–2 inches from the crown
broccoli_001,< 38°F,0-25%,Partly Cloudy,Normal (3-7),Don't water,Don't water,Don't water,Use Fogg-It 0.5 GPM for 5 sec OR Fogg-It 2 GPM for 5 sec. slowly in a ring 1–2 inches from the crown,Use Fogg-It 0.5 GPM for 5 sec OR Fogg-It 2 GPM for 5 sec. slowly in a ring 1–2 inches from the crown,Use Fogg-It 0.5 GPM for 5 sec OR Fogg-It 2 GPM for 5 sec. slowly in a ring 1–2 inches from the crown,Use Fogg-It 0.5 GPM for 10 sec OR Fogg-It 2 GPM for 5 sec. slowly in a ring 1–2 inches from the crown
broccoli_001,< 38°F,0-25%,Partly Cloudy,Wet (7-10),Don't water,Don't water,Don't water,Don't water,Don't water,Don't water,Don't water
broccoli_001,< 38°F,0-25%,Cloudy,Dry (0-3),Use Fogg-It 0.5 GPM for 5 sec OR Fogg-It 2 GPM for 5 sec. slowly in a ring 1–2 inches from the crown,Use Fogg-It 0.5 GPM for 5 sec OR Fogg-It 2 GPM for 5 sec. slowly in a ring 1–2 inches from the crown,Use Fogg-It 0.5 GPM for 5 sec OR Fogg-It 2 GPM for 5 sec. slowly in a ring 1–2 inches from the crown,Use Fogg-It 0.5 GPM for 5 sec OR Fogg-It 2 GPM for 5 sec. slowly in a ring 1–2 inches from the crown,Use Fogg-It 0.5 GPM for 10 sec OR Fogg-It 2 GPM for 5 sec. slowly in a ring 1–2 inches from the crown,Use Fogg-It 0.5 GPM for 15 sec OR Fogg-It 2 GPM for 5 sec. slowly in a ring 1–2 inches from the crown,Use Fogg-It 0.5 GPM for 15 sec OR Fogg-It 2 GPM for 5 sec. slowly in a ring 1–2 inches from the crown
broccoli_001,< 38°F,0-25%,Cloudy,Normal (3-7),Don't water,Don't water,Don't water,Don't water,Use Fogg-It 0.5 GPM for 5 sec OR Fogg-It 2 GPM for 5 sec. slowly in a ring 1–2 inches from the crown,Use Fogg-It 0.5 GPM for 5 sec OR Fogg-It 2 GPM for 5 sec. slowly in a ring 1–2 inches from the crown,Use Fogg-It 0.5 GPM for 5 sec OR Fogg-It 2 GPM for 5 sec. slowly in a ring 1–2 inches from the crown
broccoli_001,< 38°F,0-25%,Cloudy,Wet (7-10),Don't water,Don't water,Don't water,Don't water,Don't water,Don't water,Don't water
broccoli_001,< 38°F,26-50%,Sunny,Dry (0-3),Use Fogg-It 0.5 GPM for 5 sec OR Fogg-It 2 GPM for 5 sec. slowly in a ring 1–2 inches from the crown,Use Fogg-It 0.5 GPM for 5 sec OR Fogg-It 2 GPM for 5 sec. slowly in a ring 1–2 inches from the crown,Use Fogg-It 0.5 GPM for 5 sec OR Fogg-It 2 GPM for 5 sec. slowly in a ring 1–2 inches from the crown,Use Fogg-It 0.5 GPM for 10 sec OR Fogg-It 2 GPM for 5 sec. slowly in a ring 1–2 inches from the crown,Use Fogg-It 0.5 GPM for 15 sec OR Fogg-It 2 GPM for 5 sec. slowly in a ring 1–2 inches from the crown,Use Fogg-It 0.5 GPM for 15 sec OR Fogg-It 2 GPM for 5 sec. slowly in a ring 1–2 inches from the crown,Use Fogg-It 0.5 GPM for 30 sec OR Fogg-It 2 GPM for 10 sec. slowly in a ring 1–2 inches from the crown
broccoli_001,< 38°F,26-50%,Sunny,Normal (3-7),Don't water,Don't water,Don't water,Use Fogg-It 0.5 GPM for 5 sec OR Fogg-It 2 GPM for 5 sec. slowly in a ring 1–2 inches from the crown,Use Fogg-It 0.5 GPM for 5 sec OR Fogg-It 2 GPM for 5 sec. slowly in a ring 1–2 inches from the crown,Use Fogg-It 0.5 GPM for 5 sec OR Fogg-It 2 GPM for 5 sec. slowly in a ring 1–2 inches from the crown,Use Fogg-It 0.5 GPM for 10 sec OR Fogg-It 2 GPM for 5 sec. slowly in a ring 1–2 inches from the crown
broccoli_001,< 38°F,26-50%,Sunny,Wet (7-10),Don't water,Don't water,Don't water,Don't water,Don't water,Don't water,Don't water
broccoli_001,< 38°F,26-50%,Partly Cloudy,Dry (0-3),Use Fogg-It 0.5 GPM for 5 sec OR Fogg-It 2 GPM for 5 sec. slowly in a ring 1–2 inches from the crown,Use Fogg-It 0.5 GPM for 5 sec OR Fogg-It 2 GPM for 5 sec. slowly in a ring 1–2 inches from the crown,Use Fogg-It 0.5 GPM for 5 sec OR Fogg-It 2 GPM for 5 sec. slowly in a ring 1–2 inches from the crown,Use Fogg-It 0.5 GPM for 5 sec OR Fogg-It 2 GPM for 5 sec. slowly in a ring 1–2 inches from the crown,Use Fogg-It 0.5 GPM for 10 sec OR Fogg-It 2 GPM for 5 sec. slowly in a ring 1–2 inches from the crown,Use Fogg-It 0.5 GPM for 15 sec OR Fogg-It 2 GPM for 5 sec. slowly in a ring 1–2 inches from the crown,Use Fogg-It 0.5 GPM for 15 sec OR Fogg-It 2 GPM for 5 sec. slowly in a ring 1–2 inches from the crown
broccoli_001,< 38°F,26-50%,Partly Cloudy,Normal (3-7),Don't water,Don't water,Don't water,Don't water,Use Fogg-It 0.5 GPM for 5 sec OR Fogg-It 2 GPM for 5 sec. slowly in a ring 1–2 inches from the crown,Use Fogg-It 0.5 GPM for 5 sec OR Fogg-It 2 GPM for 5 sec. slowly in a ring 1–2 inches from the crown,Use Fogg-It 0.5 GPM for 5 sec OR Fogg-It 2 GPM for 5 sec. slowly in a ring 1–2 inches from the crown
broccoli_001,< 38°F,26-50%,Partly Cloudy,Wet (7-10),Don't water,Don't water,Don't water,Don't water,Don't water,Don't water,Don't water
broccoli_001,< 38°F,26-50%,Cloudy,Dry (0-3),Use Fogg-It 0.5 GPM for 5 sec OR Fogg-It 2 GPM for 5 sec. slowly in a ring 1–2 inches from the crown,Use Fogg-It 0.5 GPM for 5 sec OR Fogg-It 2 GPM for 5 sec. slowly in a ring 1–2 inches from the crown,Use Fogg-It 0.5 GPM for 5 sec OR Fogg-It 2 GPM for 5 sec. slowly in a ring 1–2 inches from the crown,Use Fogg-It 0.5 GPM for 5 sec OR Fogg-It 2 GPM for 5 sec. slowly in a ring 1–2 inches from the crown,Use Fogg-It 0.5 GPM for 5 sec OR Fogg-It 2 GPM for 5 sec. slowly in a ring 1–2 inches from the crown,Use Fogg-It 0.5 GPM for 10 sec OR Fogg-It 2 GPM for 5 sec. slowly in a ring 1–2 inches from the crown,Use Fogg-It 0.5 GPM for 15 sec OR Fogg-It 2 GPM for 5 sec. slowly in a ring 1–2 inches from the crown
broccoli_001,< 38°F,26-50%,Cloudy,Normal (3-7),Don't water,Don't water,Don't water,Don't water,Don't water,Use Fogg-It 0.5 GPM for 5 sec OR Fogg-It 2 GPM for 5 sec. slowly in a ring 1–2 inches from the crown,Use Fogg-It 0.5 GPM for 5 sec OR Fogg-It 2 GPM for 5 sec. slowly in a ring 1–2 inches from the crown
broccoli_001,< 38°F,26-50%,Cloudy,Wet (7-10),Don't water,Don't water,Don't water,Don't water,Don't water,Don't water,Don't water
broccoli_001,< 38°F,51-75%,Sunny,Dry (0-3),Use Fogg-It 0.5 GPM for 5 sec OR Fogg-It 2 GPM for 5 sec. slowly in a ring 1–2 inches from the crown,Use Fogg-It 0.5 GPM for 5 sec OR Fogg-It 2 GPM for 5 sec. slowly in a ring 1–2 inches from the crown,Use Fogg-It 0.5 GPM for 5 sec OR Fogg-It 2 GPM for 5 sec. slowly in a ring 1–2 inches from the crown,Use Fogg-It 0.5 GPM for 5 sec OR Fogg-It 2 GPM for 5 sec. slowly in a ring 1–2 inches from the crown,Use Fogg-It 0.5 GPM for 10 sec OR Fogg-It 2 GPM for 5 sec. slowly in a ring 1–2 inches from the crown,Use Fogg-It 0.5 GPM for 15 sec OR Fogg-It 2 GPM for 5 sec. slowly in a ring 1–2 inches from the crown,Use Fogg-It 0.5 GPM for 15 sec OR Fogg-It 2 GPM for 5 sec. slowly in a ring 1–2 inches from the crown
broccoli_001,< 38°F,51-75%,Sunny,Normal (3-7),Don't water,Don't water,Don't water,Don't water,Use Fogg-It 0.5 GPM for 5 sec OR Fogg-It 2 GPM for 5 sec. slowly in a ring 1–2 inches from the crown,Use Fogg-It 0.5 GPM for 5 sec OR Fogg-It 2 GPM for 5 sec. slowly in a ring 1–2 inches from the crown,Use Fogg-It 0.5 GPM for 5 sec OR Fogg-It 2 GPM for 5 sec. slowly in a ring 1–2 inches from the crown
broccoli_001,< 38°F,51-75%,Sunny,Wet (7-10),Don't water,Don't water,Don't water,Don't water,Don't water,Don't water,Don't water
broccoli_001,< 38°F,51-75%,Partly Cloudy,Dry (0-3),Use Fogg-It 0.5 GPM for 5 sec OR Fogg-It 2 GPM for 5 sec. slowly in a ring 1–2 inches from the crown,Use Fogg-It 0.5 GPM for 5 sec OR Fogg-It 2 GPM for 5 sec. slowly in a ring 1–2 inches from the crown,Use Fogg-It 0.5 GPM for 5 sec OR Fogg-It 2 GPM for 5 sec. slowly in a ring 1–2 inches from the crown,Use Fogg-It 0.5 GPM for 5 sec OR Fogg-It 2 GPM for 5 sec. slowly in a ring 1–2 inches from the crown,Use Fogg-It 0.5 GPM for 5 sec OR Fogg-It 2 GPM for 5 sec. slowly in a ring 1–2 inches from the crown,Use Fogg-It 0.5 GPM for 10 sec OR Fogg-It 2 GPM for 5 sec. slowly in a ring 1–2 inches from the crown,Use Fogg-It 0.5 GPM for 15 sec OR Fogg-It 2 GPM for 5 sec. slowly in a ring 1–2 inches from the crown
broccoli_001,< 38°F,51-75%,Partly Cloudy,Normal (3-7),Don't water,Don't water,Don't water,Don't water,Don't water,Use Fogg-It 0.5 GPM for 5 sec OR Fogg-It 2 GPM for 5 sec. slowly in a ring 1–2 inches from the crown,Use Fogg-It 0.5 GPM for 5 sec OR Fogg-It 2 GPM for 5 sec. slowly in a ring 1–2 inches from the crown
broccoli_001,< 38°F,51-75%,Partly Cloudy,Wet (7-10),Don't water,Don't water,Don't water,Don't water,Don't water,Don't water,Don't water
broccoli_001,< 38°F,51-75%,Cloudy,Dry (0-3),Use Fogg-It 0.5 GPM for 5 sec OR Fogg-It 2 GPM for 5 sec. slowly in a ring 1–2 inches from the crown,Use Fogg-It 0.5 GPM for 5 sec OR Fogg-It 2 GPM for 5 sec. slowly in a ring 1–2 inches from the crown,Use Fogg-It 0.5 GPM for 5 sec OR Fogg-It 2 GPM for 5 sec. slowly in a ring 1–2 inches from the crown,Use Fogg-It 0.5 GPM for 5 sec OR Fogg-It 2 GPM for 5 sec. slowly in a ring 1–2 inches from the crown,Use Fogg-It 0.5 GPM for 5 sec OR Fogg-It 2 GPM for 5 sec. slowly in a ring 1–2 inches from the crown,Use Fogg-It 0.5 GPM for 5 sec OR Fogg-It 2 GPM for 5 sec. slowly in a ring 1–2 inches from the crown,Use Fogg-It 0.5 GPM for 10 sec OR Fogg-It 2 GPM for 5 sec. slowly in a ring 1–2 inches from the crown
broccoli_001,< 38°F,51-75%,Cloudy,Normal (3-7),Don't water,Don't water,Don't water,Don't water,Don't water,Don't water,Use Fogg-It 0.5 GPM for 5 sec OR Fogg-It 2 GPM for 5 sec. slowly in a ring 1–2 inches from the crown
broccoli_001,< 38°F,51-75%,Cloudy,Wet (7-10),Don't water,Don't water,Don't water,Don't water,Don't water,Don't water,Don't water
broccoli_001,< 38°F,76-100%,Sunny,Dry (0-3),Use Fogg-It 0.5 GPM for 5 sec OR Fogg-It 2 GPM for 5 sec. slowly in a ring 1–2 inches from the crown,Use Fogg-It 0.5 GPM for 5 sec OR Fogg-It 2 GPM for 5 sec. slowly in a ring 1–2 inches from the crown,Use Fogg-It 0.5 GPM for 5 sec OR Fogg-It 2 GPM for 5 sec. slowly in a ring 1–2 inches from the crown,Use Fogg-It 0.5 GPM for 5 sec OR Fogg-It 2 GPM for 5 sec. slowly in a ring 1–2 inches from the crown,Use Fogg-It 0.5 GPM for 5 sec OR Fogg-It 2 GPM for 5 sec. slowly in a ring 1–2 inches from the crown,Use Fogg-It 0.5 GPM for 10 sec OR Fogg-It 2 GPM for 5 sec. slowly in a ring 1–2 inches from the crown,Use Fogg-It 0.5 GPM for 15 sec OR Fogg-It 2 GPM for 5 sec. slowly in a ring 1–2 inches from the crown
broccoli_001,< 38°F,76-100%,Sunny,Normal (3-7),Don't water,Don't water,Don't water,Don't water,Don't water,Use Fogg-It 0.5 GPM for 5 sec OR Fogg-It 2 GPM for 5 sec. slowly in a ring 1–2 inches from the crown,Use Fogg-It 0.5 GPM for 5 sec OR Fogg-It 2 GPM for 5 sec. slowly in a ring 1–2 inches from the crown
broccoli_001,< 38°F,76-100%,Sunny,Wet (7-10),Don't water,Don't water,Don't water,Don't water,Don't water,Don't water,Don't water
broccoli_001,< 38°F,76-100%,Partly Cloudy,Dry (0-3),Use Fogg-It 0.5 GPM for 5 sec OR Fogg-It 2 GPM for 5 sec. slowly in a ring 1–2 inches from the crown,Use Fogg-It 0.5 GPM for 5 sec OR Fogg-It 2 GPM for 5 sec. slowly in a ring 1–2 inches from the crown,Use Fogg-It 0.5 GPM for 5 sec OR Fogg-It 2 GPM for 5 sec. slowly in a ring 1–2 inches from the crown,Use Fogg-It 0.5 GPM for 5 sec OR Fogg-It 2 GPM for 5 sec. slowly in a ring 1–2 inches from the crown,Use Fogg-It 0.5 GPM for 5 sec OR Fogg-It 2 GPM for 5 sec. slowly in a ring 1–2 inches from the crown,Use Fogg-It 0.5 GPM for 5 sec OR Fogg-It 2 GPM for 5 sec. slowly in a ring 1–2 inches from the crown,Use Fogg-It 0.5 GPM for 10 sec OR Fogg-It 2 GPM for 5 sec. slowly in a ring 1–2 inches from the crown
broccoli_001,< 38°F,76-100%,Partly Cloudy,Normal (3-7),Don't water,Don't water,Don't water,Don't water,Don't water,Don't water,Use Fogg-It 0.5 GPM for 5 sec OR Fogg-It 2 GPM for 5 sec. slowly in a ring 1–2 inches from the crown
broccoli_001,< 38°F,76-100%,Partly Cloudy,Wet (7-10),Don't water,Don't water,Don't water,Don't water,Don't water,Don't water,Don't water
broccoli_001,< 38°F,76-100%,Cloudy,Dry (0-3),Don't water,Use Fogg-It 0.5 GPM for 5 sec OR Fogg-It 2 GPM for 5 sec. slowly in a ring 1–2 inches from the crown,Use Fogg-It 0.5 GPM for 5 sec OR Fogg-It 2 GPM for 5 sec. slowly in a ring 1–2 inches from the crown,Use Fogg-It 0.5 GPM for 5 sec OR Fogg-It 2 GPM for 5 sec. slowly in a ring 1–2 inches from the crown,Use Fogg-It 0.5 GPM for 5 sec OR Fogg-It 2 GPM for 5 sec. slowly in a ring 1–2 inches from the crown,Use Fogg-It 0.5 GPM for 5 sec OR Fogg-It 2 GPM for 5 sec. slowly in a ring 1–2 inches from the crown,Use Fogg-It 0.5 GPM for 5 sec OR Fogg-It 2 GPM for 5 sec. slowly in a ring 1–2 inches from the crown
broccoli_001,< 38°F,76-100%,Cloudy,Normal (3-7),Don't water,Don't water,Don't water,Don't water,Don't water,Don't water,Don't water
broccoli_001,< 38°F,76-100%,Cloudy,Wet (7-10),Don't water,Don't water,Don't water,Don't water,Don't water,Don't water,Don't water
chamomile_001,< 38°F,0-25%,Sunny,Dry (0-3),Use Fogg-It 0.5 GPM for 5 sec OR Fogg-It 2 GPM for 5 sec. front row and 1/4 cup back row,Use Fogg-It 0.5 GPM for 5 sec OR Fogg-It 2 GPM for 5 sec. front row and 3/8 cup back row,Use Fogg-It 0.5 GPM for 5 sec OR Fogg-It 2 GPM for 5 sec. front row and 1/2 cup back row,Use Fogg-It 0.5 GPM for 5 sec OR Fogg-It 2 GPM for 5 sec. front row and 1/2 cup back row,Use Fogg-It 0.5 GPM for 5 sec OR Fogg-It 2 GPM for 5 sec. front row and 3/4 cup back row,Use Fogg-It 0.5 GPM for 10 sec OR Fogg-It 2 GPM for 5 sec. front row and 1 cup back row,Use Fogg-It 0.5 GPM for 15 sec OR Fogg-It 2 GPM for 5 sec. s front row and 2 cups back row
chamomile_001,< 38°F,0-25%,Sunny,Normal (3-7),Use Fogg-It 0.5 GPM for 5 sec OR Fogg-It 2 GPM for 5 sec. front row and 1/8 cup back row,Use Fogg-It 0.5 GPM for 5 sec OR Fogg-It 2 GPM for 5 sec. front row and 1/4 cup back row,Use Fogg-It 0.5 GPM for 5 sec OR Fogg-It 2 GPM for 5 sec. front row and 1/4 cup back row,Use Fogg-It 0.5 GPM for 5 sec OR Fogg-It 2 GPM for 5 sec. front row and 3/8 cup back row,Use Fogg-It 0.5 GPM for 5 sec OR Fogg-It 2 GPM for 5 sec. front row and 1/2 cup back row,Use Fogg-It 0.5 GPM for 5 sec OR Fogg-It 2 GPM for 5 sec. front row and 1/2 cup back row,Use Fogg-It 0.5 GPM for 5 sec OR Fogg-It 2 GPM for 5 sec. front row and 3/4 cup back row
chamomile_001,< 38°F,0-25%,Sunny,Wet (7-10),Don't water,Don't water,Don't water,Don't water,Don't water,Don't water,Don't water
chamomile_001,< 38°F,0-25%,Partly Cloudy,Dry (0-3),Use Fogg-It 0.5 GPM for 5 sec OR Fogg-It 2 GPM for 5 sec. front row and 1/4 cup back row,Use Fogg-It 0.5 GPM for 5 sec OR Fogg-It 2 GPM for 5 sec. front row and 1/4 cup back row,Use Fogg-It 0.5 GPM for 5 sec OR Fogg-It 2 GPM for 5 sec. front row and 3/8 cup back row,Use Fogg-It 0.5 GPM for 5 sec OR Fogg-It 2 GPM for 5 sec. front row and 1/2 cup back row,Use Fogg-It 0.5 GPM for 5 sec OR Fogg-It 2 GPM for 5 sec. front row and 1/2 cup back row,Use Fogg-It 0.5 GPM for 5 sec OR Fogg-It 2 GPM for 5 sec. front row and 3/4 cup back row,Use Fogg-It 0.5 GPM for 10 sec OR Fogg-It 2 GPM for 5 sec. front row and 1 cup back row
chamomile_001,< 38°F,0-25%,Partly Cloudy,Normal (3-7),Use Fogg-It 0.5 GPM for 5 sec OR Fogg-It 2 GPM for 5 sec. front row and 1/8 cup back row,Use Fogg-It 0.5 GPM for 5 sec OR Fogg-It 2 GPM for 5 sec. front row and 1/8 cup back row,Use Fogg-It 0.5 GPM for 5 sec OR Fogg-It 2 GPM for 5 sec. front row and 1/4 cup back row,Use Fogg-It 0.5 GPM for 5 sec OR Fogg-It 2 GPM for 5 sec. front row and 1/4 cup back row,Use Fogg-It 0.5 GPM for 5 sec OR Fogg-It 2 GPM for 5 sec. front row and 3/8 cup back row,Use Fogg-It 0.5 GPM for 5 sec OR Fogg-It 2 GPM for 5 sec. front row and 1/2 cup back row,Use Fogg-It 0.5 GPM for 5 sec OR Fogg-It 2 GPM for 5 sec. front row and 1/2 cup back row
chamomile_001,< 38°F,0-25%,Partly Cloudy,Wet (7-10),Don't water,Don't water,Don't water,Don't water,Don't water,Don't water,Don't water
chamomile_001,< 38°F,0-25%,Cloudy,Dry (0-3),Use Fogg-It 0.5 GPM for 5 sec OR Fogg-It 2 GPM for 5 sec. front row and 1/8 cup back row,Use Fogg-It 0.5 GPM for 5 sec OR Fogg-It 2 GPM for 5 sec. front row and 1/4 cup back row,Use Fogg-It 0.5 GPM for 5 sec OR Fogg-It 2 GPM for 5 sec. front row and 1/4 cup back row,Use Fogg-It 0.5 GPM for 5 sec OR Fogg-It 2 GPM for 5 sec. front row and 3/8 cup back row,Use Fogg-It 0.5 GPM for 5 sec OR Fogg-It 2 GPM for 5 sec. front row and 1/2 cup back row,Use Fogg-It 0.5 GPM for 5 sec OR Fogg-It 2 GPM for 5 sec. front row and 1/2 cup back row,Use Fogg-It 0.5 GPM for 5 sec OR Fogg-It 2 GPM for 5 sec. front row and 3/4 cup back row
chamomile_001,< 38°F,0-25%,Cloudy,Normal (3-7),Don't water,Use Fogg-It 0.5 GPM for 5 sec OR Fogg-It 2 GPM for 5 sec. front row and 1/8 cup back row,Use Fogg-It 0.5 GPM for 5 sec OR Fogg-It 2 GPM for 5 sec. front row and 1/8 cup back row,Use Fogg-It 0.5 GPM for 5 sec OR Fogg-It 2 GPM for 5 sec. front row and 1/4 cup back row,Use Fogg-It 0.5 GPM for 5 sec OR Fogg-It 2 GPM for 5 sec. front row and 1/4 cup back row,Use Fogg-It 0.5 GPM for 5 sec OR Fogg-It 2 GPM for 5 sec. front row and 3/8 cup back row,Use Fogg-It 0.5 GPM for 5 sec OR Fogg-It 2 GPM for 5 sec. front row and 1/2 cup back row
chamomile_001,< 38°F,0-25%,Cloudy,Wet (7-10),Don't water,Don't water,Don't water,Don't water,Don't water,Don't water,Don't water
chamomile_001,< 38°F,26-50%,Sunny,Dry (0-3),Use Fogg-It 0.5 GPM for 5 sec OR Fogg-It 2 GPM for 5 sec. front row and 1/4 cup back row,Use Fogg-It 0.5 GPM for 5 sec OR Fogg-It 2 GPM for 5 sec. front row and 3/8 cup back row,Use Fogg-It 0.5 GPM for 5 sec OR Fogg-It 2 GPM for 5 sec. front row and 1/2 cup back row,Use Fogg-It 0.5 GPM for 5 sec OR Fogg-It 2 GPM for 5 sec. front row and 1/2 cup back row,Use Fogg-It 0.5 GPM for 5 sec OR Fogg-It 2 GPM for 5 sec. front row and 3/4 cup back row,Use Fogg-It 0.5 GPM for 10 sec OR Fogg-It 2 GPM for 5 sec. front row and 1 cup back row,Use Fogg-It 0.5 GPM for 15 sec OR Fogg-It 2 GPM for 5 sec. s front row and 2 cups back row
chamomile_001,< 38°F,26-50%,Sunny,Normal (3-7),Don't water,Use Fogg-It 0.5 GPM for 5 sec OR Fogg-It 2 GPM for 5 sec. front row and 1/8 cup back row,Use Fogg-It 0.5 GPM for 5 sec OR Fogg-It 2 GPM for 5 sec. front row and 1/4 cup back row,Use Fogg-It 0.5 GPM for 5 sec OR Fogg-It 2 GPM for 5 sec. front row and 1/4 cup back row,Use Fogg-It 0.5 GPM for 5 sec OR Fogg-It 2 GPM for 5 sec. front row and 3/8 cup back row,Use Fogg-It 0.5 GPM for 5 sec OR Fogg-It 2 GPM for 5 sec. front row and 1/2 cup back row,Use Fogg-It 0.5 GPM for 5 sec OR Fogg-It 2 GPM for 5 sec. front row and 3/4 cup back row
chamomile_001,< 38°F,26-50%,Sunny,Wet (7-10),Don't water,Don't water,Don't water,Don't water,Don't water,Don't water,Don't water
chamomile_001,< 38°F,26-50%,Partly Cloudy,Dry (0-3),Use Fogg-It 0.5 GPM for 5 sec OR Fogg-It 2 GPM for 5 sec. front row and 1/8 cup back row,Use Fogg-It 0.5 GPM for 5 sec OR Fogg-It 2 GPM for 5 sec. front row and 1/4 cup back row,Use Fogg-It 0.5 GPM for 5 sec OR Fogg-It 2 GPM for 5 sec. front row and 3/8 cup back row,Use Fogg-It 0.5 GPM for 5 sec OR Fogg-It 2 GPM for 5 sec. front row and 1/2 cup back row,Use Fogg-It 0.5 GPM for 5 sec OR Fogg-It 2 GPM for 5 sec. front row and 1/2 cup back row,Use Fogg-It 0.5 GPM for 5 sec OR Fogg-It 2 GPM for 5 sec. front row and 3/4 cup back row,Use Fogg-It 0.5 GPM for 10 sec OR Fogg-It 2 GPM for 5 sec. front row and 1 cup back row
chamomile_001,< 38°F,26-50%,Partly Cloudy,Normal (3-7),Don't water,Don't water,Use Fogg-It 0.5 GPM for 5 sec OR Fogg-It 2 GPM for 5 sec. front row and 1/8 cup back row,Use Fogg-It 0.5 GPM for 5 sec OR Fogg-It 2 GPM for 5 sec. front row and 1/4 cup back row,Use Fogg-It 0.5 GPM for 5 sec OR Fogg-It 2 GPM for 5 sec. front row and 1/4 cup back row,Use Fogg-It 0.5 GPM for 5 sec OR Fogg-It 2 GPM for 5 sec. front row and 3/8 cup back row,Use Fogg-It 0.5 GPM for 5 sec OR Fogg-It 2 GPM for 5 sec. front row and 1/2 cup back row
chamomile_001,< 38°F,26-50%,Partly Cloudy,Wet (7-10),Don't water,Don't water,Don't water,Don't water,Don't water,Don't water,Don't water
chamomile_001,< 38°F,26-50%,Cloudy,Dry (0-3),Use Fogg-It 0.5 GPM for 5 sec OR Fogg-It 2 GPM for 5 sec. front row and 1/8 cup back row,Use Fogg-It 0.5 GPM for 5 sec OR Fogg-It 2 GPM for 5 sec. front row and 1/4 cup back row,Use Fogg-It 0.5 GPM for 5 sec OR Fogg-It 2 GPM for 5 sec. front row and 1/4 cup back row,Use Fogg-It 0.5 GPM for 5 sec OR Fogg-It 2 GPM for 5 sec. front row and 3/8 cup back row,Use Fogg-It 0.5 GPM for 5 sec OR Fogg-It 2 GPM for 5 sec. front row and 1/2 cup back row,Use Fogg-It 0.5 GPM for 5 sec OR Fogg-It 2 GPM for 5 sec. front row and 1/2 cup back row,Use Fogg-It 0.5 GPM for 5 sec OR Fogg-It 2 GPM for 5 sec. front row and 3/4 cup back row
chamomile_001,< 38°F,26-50%,Cloudy,Normal (3-7),Don't water,Don't water,Don't water,Use Fogg-It 0.5 GPM for 5 sec OR Fogg-It 2 GPM for 5 sec. front row and 1/8 cup back row,Use Fogg-It 0.5 GPM for 5 sec OR Fogg-It 2 GPM for 5 sec. front row and 1/4 cup back row,Use Fogg-It 0.5 GPM for 5 sec OR Fogg-It 2 GPM for 5 sec. front row and 1/4 cup back row,Use Fogg-It 0.5 GPM for 5 sec OR Fogg-It 2 GPM for 5 sec. front row and 3/8 cup back row
chamomile_001,< 38°F,26-50%,Cloudy,Wet (7-10),Don't water,Don't water,Don't water,Don't water,Don't water,Don't water,Don't water
chamomile_001,< 38°F,51-75%,Sunny,Dry (0-3),Use Fogg-It 0.5 GPM for 5 sec OR Fogg-It 2 GPM for 5 sec. front row and 1/8 cup back row,Use Fogg-It 0.5 GPM for 5 sec OR Fogg-It 2 GPM for 5 sec. front row and 1/4 cup back row,Use Fogg-It 0.5 GPM for 5 sec OR Fogg-It 2 GPM for 5 sec. front row and 3/8 cup back row,Use Fogg-It 0.5 GPM for 5 sec OR Fogg-It 2 GPM for 5 sec. front row and 1/2 cup back row,Use Fogg-It 0.5 GPM for 5 sec OR Fogg-It 2 GPM for 5 sec. front row and 3/4 cup back row,Use Fogg-It 0.5 GPM for 10 sec OR Fogg-It 2 GPM for 5 sec. front row and 1 cup back row,Use Fogg-It 0.5 GPM for 15 sec OR Fogg-It 2 GPM for 5 sec. s front row and 2 cups back row
chamomile_001,< 38°F,51-75%,Sunny,Normal (3-7),Don't water,Don't water,Use Fogg-It 0.5 GPM for 5 sec OR Fogg-It 2 GPM for 5 sec. front row and 1/8 cup back row,Use Fogg-It 0.5 GPM for 5 sec OR Fogg-It 2 GPM for 5 sec. front row and 1/4 cup back row,Use Fogg-It 0.5 GPM for 5 sec OR Fogg-It 2 GPM for 5 sec. front row and 3/8 cup back row,Use Fogg-It 0.5 GPM for 5 sec OR Fogg-It 2 GPM for 5 sec. front row and 1/2 cup back row,Use Fogg-It 0.5 GPM for 5 sec OR Fogg-It 2 GPM for 5 sec. front row and 3/4 cup back row
chamomile_001,< 38°F,51-75%,Sunny,Wet (7-10),Don't water,Don't water,Don't water,Don't water,Don't water,Don't water,Don't water
chamomile_001,< 38°F,51-75%,Partly Cloudy,Dry (0-3),Use Fogg-It 0.5 GPM for 5 sec OR Fogg-It 2 GPM for 5 sec. front row and 1/8 cup back row,Use Fogg-It 0.5 GPM for 5 sec OR Fogg-It 2 GPM for 5 sec. front row and 1/4 cup back row,Use Fogg-It 0.5 GPM for 5 sec OR Fogg-It 2 GPM for 5 sec. front row and 1/4 cup back row,Use Fogg-It 0.5 GPM for 5 sec OR Fogg-It 2 GPM for 5 sec. front row and 3/8 cup back row,Use Fogg-It 0.5 GPM for 5 sec OR Fogg-It 2 GPM for 5 sec. front row and 1/2 cup back row,Use Fogg-It 0.5 GPM for 5 sec OR Fogg-It 2 GPM for 5 sec. front row and 3/4 cup back row,Use Fogg-It 0.5 GPM for 10 sec OR Fogg-It 2 GPM for 5 sec. front row and 1 cup back row
chamomile_001,< 38°F,51-75%,Partly Cloudy,Normal (3-7),Don't water,Don't water,Don't water,Use Fogg-It 0.5 GPM for 5 sec OR Fogg-It 2 GPM for 5 sec. front row and 1/8 cup back row,Use Fogg-It 0.5 GPM for 5 sec OR Fogg-It 2 GPM for 5 sec. front row and 1/4 cup back row,Use Fogg-It 0.5 GPM for 5 sec OR Fogg-It 2 GPM for 5 sec. front row and 3/8 cup back row,Use Fogg-It 0.5 GPM for 5 sec OR Fogg-It 2 GPM for 5 sec. front row and 1/2 cup back row
chamomile_001,< 38°F,51-75%,Partly Cloudy,Wet (7-10),Don't water,Don't water,Don't water,Don't water,Don't water,Don't water,Don't water
chamomile_001,< 38°F,51-75%,Cloudy,Dry (0-3),Use Fogg-It 0.5 GPM for 5 sec OR Fogg-It 2 GPM for 5 sec. front row and 1/8 cup back row,Use Fogg-It 0.5 GPM for 5 sec OR Fogg-It 2 GPM for 5 sec. front row and 1/8 cup back row,Use Fogg-It 0.5 GPM for 5 sec OR Fogg-It 2 GPM for 5 sec. front row and 1/4 cup back row,Use Fogg-It 0.5 GPM for 5 sec OR Fogg-It 2 GPM for 5 sec. front row and 1/4 cup back row,Use Fogg-It 0.5 GPM for 5 sec OR Fogg-It 2 GPM for 5 sec. front row and 3/8 cup back row,Use Fogg-It 0.5 GPM for 5 sec OR Fogg-It 2 GPM for 5 sec. front row and 1/2 cup back row,Use Fogg-It 0.5 GPM for 5 sec OR Fogg-It 2 GPM for 5 sec. front row and 3/4 cup back row
chamomile_001,< 38°F,51-75%,Cloudy,Normal (3-7),Don't water,Don't water,Don't water,Don't water,Use Fogg-It 0.5 GPM for 5 sec OR Fogg-It 2 GPM for 5 sec. front row and 1/8 cup back row,Use Fogg-It 0.5 GPM for 5 sec OR Fogg-It 2 GPM for 5 sec. front row and 1/4 cup back row,Use Fogg-It 0.5 GPM for 5 sec OR Fogg-It 2 GPM for 5 sec. front row and 3/8 cup back row
chamomile_001,< 38°F,51-75%,Cloudy,Wet (7-10),Don't water,Don't water,Don't water,Don't water,Don't water,Don't water,Don't water
chamomile_001,< 38°F,76-100%,Sunny,Dry (0-3),Don't water,Use Fogg-It 0.5 GPM for 5 sec OR Fogg-It 2 GPM for 5 sec. front row and 1/8 cup back row,Use Fogg-It 0.5 GPM for 5 sec OR Fogg-It 2 GPM for 5 sec. front row and 1/4 cup back row,Use Fogg-It 0.5 GPM for 5 sec OR Fogg-It 2 GPM for 5 sec. front row and 3/8 cup back row,Use Fogg-It 0.5 GPM for 5 sec OR Fogg-It 2 GPM for 5 sec. front row and 1/2 cup back row,Use Fogg-It 0.5 GPM for 5 sec OR Fogg-It 2 GPM for 5 sec. front row and 3/4 cup back row,Use Fogg-It 0.5 GPM for 10 sec OR Fogg-It 2 GPM for 5 sec. front row and 1 cup back row
chamomile_001,< 38°F,76-100%,Sunny,Normal (3-7),Don't water,Don't water,Don't water,Use Fogg-It 0.5 GPM for 5 sec OR Fogg-It 2 GPM for 5 sec. front row and 1/8 cup back row,Use Fogg-It 0.5 GPM for 5 sec OR Fogg-It 2 GPM for 5 sec. front row and 1/4 cup back row,Use Fogg-It 0.5 GPM for 5 sec OR Fogg-It 2 GPM for 5 sec. front row and 3/8 cup back row,Use Fogg-It 0.5 GPM for 5 sec OR Fogg-It 2 GPM for 5 sec. front row and 1/2 cup back row
chamomile_001,< 38°F,76-100%,Sunny,Wet (7-10),Don't water,Don't water,Don't water,Don't water,Don't water,Don't water,Don't water
chamomile_001,< 38°F,76-100%,Partly Cloudy,Dry (0-3),Don't water,Use Fogg-It 0.5 GPM for 5 sec OR Fogg-It 2 GPM for 5 sec. front row and 1/8 cup back row,Use Fogg-It 0.5 GPM for 5 sec OR Fogg-It 2 GPM for 5 sec. front row and 1/4 cup back row,Use Fogg-It 0.5 GPM for 5 sec OR Fogg-It 2 GPM for 5 sec. front row and 1/4 cup back row,Use Fogg-It 0.5 GPM for 5 sec OR Fogg-It 2 GPM for 5 sec. front row and 3/8 cup back row,Use Fogg-It 0.5 GPM for 5 sec OR Fogg-It 2 GPM for 5 sec. front row and 1/2 cup back row,Use Fogg-It 0.5 GPM for 5 sec OR Fogg-It 2 GPM for 5 sec. front row and 3/4 cup back row
chamomile_001,< 38°F,76-100%,Partly Cloudy,Normal (3-7),Don't water,Don't water,Don't water,Don't water,Use Fogg-It 0.5 GPM for 5 sec OR Fogg-It 2 GPM for 5 sec. front row and 1/8 cup back row,Use Fogg-It 0.5 GPM for 5 sec OR Fogg-It 2 GPM for 5 sec. front row and 1/4 cup back row,Use Fogg-It 0.5 GPM for 5 sec OR Fogg-It 2 GPM for 5 sec. front row and 3/8 cup back row
chamomile_001,< 38°F,76-100%,Partly Cloudy,Wet (7-10),Don't water,Don't water,Don't water,Don't water,Don't water,Don't water,Don't water
chamomile_001,< 38°F,76-100%,Cloudy,Dry (0-3),Don't water,Don't water,Use Fogg-It 0.5 GPM for 5 sec OR Fogg-It 2 GPM for 5 sec. front row and 1/8 cup back row,Use Fogg-It 0.5 GPM for 5 sec OR Fogg-It 2 GPM for 5 sec. front row and 1/4 cup back row,Use Fogg-It 0.5 GPM for 5 sec OR Fogg-It 2 GPM for 5 sec. front row and 1/4 cup back row,Use Fogg-It 0.5 GPM for 5 sec OR Fogg-It 2 GPM for 5 sec. front row and 3/8 cup back row,Use Fogg-It 0.5 GPM for 5 sec OR Fogg-It 2 GPM for 5 sec. front row and 1/2 cup back row
chamomile_001,< 38°F,76-100%,Cloudy,Normal (3-7),Don't water,Don't water,Don't water,Don't water,Don't water,Use Fogg-It 0.5 GPM for 5 sec OR Fogg-It 2 GPM for 5 sec. front row and 1/8 cup back row,Use Fogg-It 0.5 GPM for 5 sec OR Fogg-It 2 GPM for 5 sec. front row and 1/4 cup back row
chamomile_001,< 38°F,76-100%,Cloudy,Wet (7-10),Don't water,Don't water,Don't water,Don't water,Don't water,Don't water,Don't water
garlic_002,< 28°F,0-25%,Sunny,Dry (0-3),Use Fogg-It 0.5 GPM for 5 sec OR Fogg-It 2 GPM for 5 sec. slowly across Music zone,Use Fogg-It 0.5 GPM for 5 sec OR Fogg-It 2 GPM for 5 sec. slowly across Music zone,Use Fogg-It 0.5 GPM for 5 sec OR Fogg-It 2 GPM for 5 sec. slowly across Music zone,Use Fogg-It 0.5 GPM for 5 sec OR Fogg-It 2 GPM for 5 sec. slowly across Music zone,Use Fogg-It 0.5 GPM for 5 sec OR Fogg-It 2 GPM for 5 sec. slowly across Music zone,Use Fogg-It 0.5 GPM for 10 sec OR Fogg-It 2 GPM for 5 sec. slowly across Music zone,Use Fogg-It 0.5 GPM for 10 sec OR Fogg-It 2 GPM for 5 sec. slowly across Music zone
garlic_002,< 28°F,0-25%,Sunny,Normal (3-7),Don't water,Don't water,Use Fogg-It 0.5 GPM for 5 sec OR Fogg-It 2 GPM for 5 sec. slowly across Music zone,Use Fogg-It 0.5 GPM for 5 sec OR Fogg-It 2 GPM for 5 sec. slowly across Music zone,Use Fogg-It 0.5 GPM for 5 sec OR Fogg-It 2 GPM for 5 sec. slowly across Music zone,Use Fogg-It 0.5 GPM for 5 sec OR Fogg-It 2 GPM for 5 sec. slowly across Music zone,Use Fogg-It 0.5 GPM for 5 sec OR Fogg-It 2 GPM for 5 sec. slowly across Music zone
garlic_002,< 28°F,0-25%,Sunny,Wet (7-10),Don't water,Don't water,Don't water,Don't water,Don't water,Don't water,Don't water
garlic_002,< 28°F,0-25%,Partly Cloudy,Dry (0-3),Use Fogg-It 0.5 GPM for 5 sec OR Fogg-It 2 GPM for 5 sec. slowly across Music zone,Use Fogg-It 0.5 GPM for 5 sec OR Fogg-It 2 GPM for 5 sec. slowly across Music zone,Use Fogg-It 0.5 GPM for 5 sec OR Fogg-It 2 GPM for 5 sec. slowly across Music zone,Use Fogg-It 0.5 GPM for 5 sec OR Fogg-It 2 GPM for 5 sec. slowly across Music zone,Use Fogg-It 0.5 GPM for 5 sec OR Fogg-It 2 GPM for 5 sec. slowly across Music zone,Use Fogg-It 0.5 GPM for 5 sec OR Fogg-It 2 GPM for 5 sec. slowly across Music zone,Use Fogg-It 0.5 GPM for 5 sec OR Fogg-It 2 GPM for 5 sec. slowly across Music zone
garlic_002,< 28°F,0-25%,Partly Cloudy,Normal (3-7),Don't water,Don't water,Don't water,Use Fogg-It 0.5 GPM for 5 sec OR Fogg-It 2 GPM for 5 sec. slowly across Music zone,Use Fogg-It 0.5 GPM for 5 sec OR Fogg-It 2 GPM for 5 sec. slowly across Music zone,Use Fogg-It 0.5 GPM for 5 sec OR Fogg-It 2 GPM for 5 sec. slowly across Music zone,Use Fogg-It 0.5 GPM for 5 sec OR Fogg-It 2 GPM for 5 sec. slowly across Music zone
garlic_002,< 28°F,0-25%,Partly Cloudy,Wet (7-10),Don't water,Don't water,Don't water,Don't water,Don't water,Don't water,Don't water
garlic_002,< 28°F,0-25%,Cloudy,Dry (0-3),Use Fogg-It 0.5 GPM for 5 sec OR Fogg-It 2 GPM for 5 sec. slowly across Music zone,Use Fogg-It 0.5 GPM for 5 sec OR Fogg-It 2 GPM for 5 sec. slowly across Music zone,Use Fogg-It 0.5 GPM for 5 sec OR Fogg-It 2 GPM for 5 sec. slowly across Music zone,Use Fogg-It 0.5 GPM for 5 sec OR Fogg-It 2 GPM for 5 sec. slowly across Music zone,Use Fogg-It 0.5 GPM for 5 sec OR Fogg-It 2 GPM for 5 sec. slowly across Music zone,Use Fogg-It 0.5 GPM for 5 sec OR Fogg-It 2 GPM for 5 sec. slowly across Music zone,Use Fogg-It 0.5 GPM for 5 sec OR Fogg-It 2 GPM for 5 sec. slowly across Music zone
garlic_002,< 28°F,0-25%,Cloudy,Normal (3-7),Don't water,Don't water,Don't water,Don't water,Use Fogg-It 0.5 GPM for 5 sec OR Fogg-It 2 GPM for 5 sec. slowly across Music zone,Use Fogg-It 0.5 GPM for 5 sec OR Fogg-It 2 GPM for 5 sec. slowly across Music zone,Use Fogg-It 0.5 GPM for 5 sec OR Fogg-It 2 GPM for 5 sec. slowly across Music zone
garlic_002,< 28°F,0-25%,Cloudy,Wet (7-10),Don't water,Don't water,Don't water,Don't water,Don't water,Don't water,Don't water
garlic_002,< 28°F,26-50%,Sunny,Dry (0-3),Use Fogg-It 0.5 GPM for 5 sec OR Fogg-It 2 GPM for 5 sec. slowly across Music zone,Use Fogg-It 0.5 GPM for 5 sec OR Fogg-It 2 GPM for 5 sec. slowly across Music zone,Use Fogg-It 0.5 GPM for 5 sec OR Fogg-It 2 GPM for 5 sec. slowly across Music zone,Use Fogg-It 0.5 GPM for 5 sec OR Fogg-It 2 GPM for 5 sec. slowly across Music zone,Use Fogg-It 0.5 GPM for 5 sec OR Fogg-It 2 GPM for 5 sec. slowly across Music zone,Use Fogg-It 0.5 GPM for 5 sec OR Fogg-It 2 GPM for 5 sec. slowly across Music zone,Use Fogg-It 0.5 GPM for 5 sec OR Fogg-It 2 GPM for 5 sec. slowly across Music zone
garlic_002,< 28°F,26-50%,Sunny,Normal (3-7),Don't water,Don't water,Don't water,Use Fogg-It 0.5 GPM for 5 sec OR Fogg-It 2 GPM for 5 sec. slowly across Music zone,Use Fogg-It 0.5 GPM for 5 sec OR Fogg-It 2 GPM for 5 sec. slowly across Music zone,Use Fogg-It 0.5 GPM for 5 sec OR Fogg-It 2 GPM for 5 sec. slowly across Music zone,Use Fogg-It 0.5 GPM for 5 sec OR Fogg-It 2 GPM for 5 sec. slowly across Music zone
garlic_002,< 28°F,26-50%,Sunny,Wet (7-10),Don't water,Don't water,Don't water,Don't water,Don't water,Don't water,Don't water
garlic_002,< 28°F,26-50%,Partly Cloudy,Dry (0-3),Use Fogg-It 0.5 GPM for 5 sec OR Fogg-It 2 GPM for 5 sec. slowly across Music zone,Use Fogg-It 0.5 GPM for 5 sec OR Fogg-It 2 GPM for 5 sec. slowly across Music zone,Use Fogg-It 0.5 GPM for 5 sec OR Fogg-It 2 GPM for 5 sec. slowly across Music zone,Use Fogg-It 0.5 GPM for 5 sec OR Fogg-It 2 GPM for 5 sec. slowly across Music zone,Use Fogg-It 0.5 GPM for 5 sec OR Fogg-It 2 GPM for 5 sec. slowly across Music zone,Use Fogg-It 0.5 GPM for 5 sec OR Fogg-It 2 GPM for 5 sec. slowly across Music zone,Use Fogg-It 0.5 GPM for 5 sec OR Fogg-It 2 GPM for 5 sec. slowly across Music zone
garlic_002,< 28°F,26-50%,Partly Cloudy,Normal (3-7),Don't water,Don't water,Don't water,Don't water,Use Fogg-It 0.5 GPM for 5 sec OR Fogg-It 2 GPM for 5 sec. slowly across Music zone,Use Fogg-It 0.5 GPM for 5 sec OR Fogg-It 2 GPM for 5 sec. slowly across Music zone,Use Fogg-It 0.5 GPM for 5 sec OR Fogg-It 2 GPM for 5 sec. slowly across Music zone
garlic_002,< 28°F,26-50%,Partly Cloudy,Wet (7-10),Don't water,Don't water,Don't water,Don't water,Don't water,Don't water,Don't water
garlic_002,< 28°F,26-50%,Cloudy,Dry (0-3),Use Fogg-It 0.5 GPM for 5 sec OR Fogg-It 2 GPM for 5 sec. slowly across Music zone,Use Fogg-It 0.5 GPM for 5 sec OR Fogg-It 2 GPM for 5 sec. slowly across Music zone,Use Fogg-It 0.5 GPM for 5 sec OR Fogg-It 2 GPM for 5 sec. slowly across Music zone,Use Fogg-It 0.5 GPM for 5 sec OR Fogg-It 2 GPM for 5 sec. slowly across Music zone,Use Fogg-It 0.5 GPM for 5 sec OR Fogg-It 2 GPM for 5 sec. slowly across Music zone,Use Fogg-It 0.5 GPM for 5 sec OR Fogg-It 2 GPM for 5 sec. slowly across Music zone,Use Fogg-It 0.5 GPM for 5 sec OR Fogg-It 2 GPM for 5 sec. slowly across Music zone
garlic_002,< 28°F,26-50%,Cloudy,Normal (3-7),Don't water,Don't water,Don't water,Don't water,Don't water,Use Fogg-It 0.5 GPM for 5 sec OR Fogg-It 2 GPM for 5 sec. slowly across Music zone,Use Fogg-It 0.5 GPM for 5 sec OR Fogg-It 2 GPM for 5 sec. slowly across Music zone
garlic_002,< 28°F,26-50%,Cloudy,Wet (7-10),Don't water,Don't water,Don't water,Don't water,Don't water,Don't water,Don't water
garlic_002,< 28°F,51-75%,Sunny,Dry (0-3),Use Fogg-It 0.5 GPM for 5 sec OR Fogg-It 2 GPM for 5 sec. slowly across Music zone,Use Fogg-It 0.5 GPM for 5 sec OR Fogg-It 2 GPM for 5 sec. slowly across Music zone,Use Fogg-It 0.5 GPM for 5 sec OR Fogg-It 2 GPM for 5 sec. slowly across Music zone,Use Fogg-It 0.5 GPM for 5 sec OR Fogg-It 2 GPM for 5 sec. slowly across Music zone,Use Fogg-It 0.5 GPM for 5 sec OR Fogg-It 2 GPM for 5 sec. slowly across Music zone,Use Fogg-It 0.5 GPM for 5 sec OR Fogg-It 2 GPM for 5 sec. slowly across Music zone,Use Fogg-It 0.5 GPM for 5 sec OR Fogg-It 2 GPM for 5 sec. slowly across Music zone
garlic_002,< 28°F,51-75%,Sunny,Normal (3-7),Don't water,Don't water,Don't water,Don't water,Use Fogg-It 0.5 GPM for 5 sec OR Fogg-It 2 GPM for 5 sec. slowly across Music zone,Use Fogg-It 0.5 GPM for 5 sec OR Fogg-It 2 GPM for 5 sec. slowly across Music zone,Use Fogg-It 0.5 GPM for 5 sec OR Fogg-It 2 GPM for 5 sec. slowly across Music zone
garlic_002,< 28°F,51-75%,Sunny,Wet (7-10),Don't water,Don't water,Don't water,Don't water,Don't water,Don't water,Don't water
garlic_002,< 28°F,51-75%,Partly Cloudy,Dry (0-3),Use Fogg-It 0.5 GPM for 5 sec OR Fogg-It 2 GPM for 5 sec. slowly across Music zone,Use Fogg-It 0.5 GPM for 5 sec OR Fogg-It 2 GPM for 5 sec. slowly across Music zone,Use Fogg-It 0.5 GPM for 5 sec OR Fogg-It 2 GPM for 5 sec. slowly across Music zone,Use Fogg-It 0.5 GPM for 5 sec OR Fogg-It 2 GPM for 5 sec. slowly across Music zone,Use Fogg-It 0.5 GPM for 5 sec OR Fogg-It 2 GPM for 5 sec. slowly across Music zone,Use Fogg-It 0.5 GPM for 5 sec OR Fogg-It 2 GPM for 5 sec. slowly across Music zone,Use Fogg-It 0.5 GPM for 5 sec OR Fogg-It 2 GPM for 5 sec. slowly across Music zone
garlic_002,< 28°F,51-75%,Partly Cloudy,Normal (3-7),Don't water,Don't water,Don't water,Don't water,Don't water,Use Fogg-It 0.5 GPM for 5 sec OR Fogg-It 2 GPM for 5 sec. slowly across Music zone,Use Fogg-It 0.5 GPM for 5 sec OR Fogg-It 2 GPM for 5 sec. slowly across Music zone
garlic_002,< 28°F,51-75%,Partly Cloudy,Wet (7-10),Don't water,Don't water,Don't water,Don't water,Don't water,Don't water,Don't water
garlic_002,< 28°F,51-75%,Cloudy,Dry (0-3),Use Fogg-It 0.5 GPM for 5 sec OR Fogg-It 2 GPM for 5 sec. slowly across Music zone,Use Fogg-It 0.5 GPM for 5 sec OR Fogg-It 2 GPM for 5 sec. slowly across Music zone,Use Fogg-It 0.5 GPM for 5 sec OR Fogg-It 2 GPM for 5 sec. slowly across Music zone,Use Fogg-It 0.5 GPM for 5 sec OR Fogg-It 2 GPM for 5 sec. slowly across Music zone,Use Fogg-It 0.5 GPM for 5 sec OR Fogg-It 2 GPM for 5 sec. slowly across Music zone,Use Fogg-It 0.5 GPM for 5 sec OR Fogg-It 2 GPM for 5 sec. slowly across Music zone,Use Fogg-It 0.5 GPM for 5 sec OR Fogg-It 2 GPM for 5 sec. slowly across Music zone
garlic_002,< 28°F,51-75%,Cloudy,Normal (3-7),Don't water,Don't water,Don't water,Don't water,Don't water,Don't water,Use Fogg-It 0.5 GPM for 5 sec OR Fogg-It 2 GPM for 5 sec. slowly across Music zone
garlic_002,< 28°F,51-75%,Cloudy,Wet (7-10),Don't water,Don't water,Don't water,Don't water,Don't water,Don't water,Don't water
garlic_002,< 28°F,76-100%,Sunny,Dry (0-3),Don't water,Use Fogg-It 0.5 GPM for 5 sec OR Fogg-It 2 GPM for 5 sec. slowly across Music zone,Use Fogg-It 0.5 GPM for 5 sec OR Fogg-It 2 GPM for 5 sec. slowly across Music zone,Use Fogg-It 0.5 GPM for 5 sec OR Fogg-It 2 GPM for 5 sec. slowly across Music zone,Use Fogg-It 0.5 GPM for 5 sec OR Fogg-It 2 GPM for 5 sec. slowly across Music zone,Use Fogg-It 0.5 GPM for 5 sec OR Fogg-It 2 GPM for 5 sec. slowly across Music zone,Use Fogg-It 0.5 GPM for 5 sec OR Fogg-It 2 GPM for 5 sec. slowly across Music zone
garlic_002,< 28°F,76-100%,Sunny,Normal (3-7),Don't water,Don't water,Don't water,Don't water,Don't water,Use Fogg-It 0.5 GPM for 5 sec OR Fogg-It 2 GPM for 5 sec. slowly across Music zone,Use Fogg-It 0.5 GPM for 5 sec OR Fogg-It 2 GPM for 5 sec. slowly across Music zone
garlic_002,< 28°F,76-100%,Sunny,Wet (7-10),Don't water,Don't water,Don't water,Don't water,Don't water,Don't water,Don't water
garlic_002,< 28°F,76-100%,Partly Cloudy,Dry (0-3),Don't water,Don't water,Use Fogg-It 0.5 GPM for 5 sec OR Fogg-It 2 GPM for 5 sec. slowly across Music zone,Use Fogg-It 0.5 GPM for 5 sec OR Fogg-It 2 GPM for 5 sec. slowly across Music zone,Use Fogg-It 0.5 GPM for 5 sec OR Fogg-It 2 GPM for 5 sec. slowly across Music zone,Use Fogg-It 0.5 GPM for 5 sec OR Fogg-It 2 GPM for 5 sec. slowly across Music zone,Use Fogg-It 0.5 GPM for 5 sec OR Fogg-It 2 GPM for 5 sec. slowly across Music zone
garlic_002,< 28°F,76-100%,Partly Cloudy,Normal (3-7),Don't water,Don't water,Don't water,Don't water,Don't water,Don't water,Use Fogg-It 0.5 GPM for 5 sec OR Fogg-It 2 GPM for 5 sec. slowly across Music zone
garlic_002,< 28°F,76-100%,Partly Cloudy,Wet (7-10),Don't water,Don't water,Don't water,Don't water,Don't water,Don't water,Don't water
garlic_002,< 28°F,76-100%,Cloudy,Dry (0-3),Don't water,Don't water,Don't water,Use Fogg-It 0.5 GPM for 5 sec OR Fogg-It 2 GPM for 5 sec. slowly across Music zone,Use Fogg-It 0.5 GPM for 5 sec OR Fogg-It 2 GPM for 5 sec. slowly across Music zone,Use Fogg-It 0.5 GPM for 5 sec OR Fogg-It 2 GPM for 5 sec. slowly across Music zone,Use Fogg-It 0.5 GPM for 5 sec OR Fogg-It 2 GPM for 5 sec. slowly across Music zone
garlic_002,< 28°F,76-100%,Cloudy,Normal (3-7),Don't water,Don't water,Don't water,Don't water,Don't water,Don't water,Don't water
garlic_002,< 28°F,76-100%,Cloudy,Wet (7-10),Don't water,Don't water,Don't water,Don't water,Don't water,Don't water,Don't water
cilantro_001,< 45°F,0-25%,Sunny,Dry (0-3),Use Fogg-It 0.5 GPM for 5 sec OR Fogg-It 2 GPM for 5 sec. slowly across the cilantro section,Use Fogg-It 0.5 GPM for 5 sec OR Fogg-It 2 GPM for 5 sec. slowly across the cilantro section,Use Fogg-It 0.5 GPM for 10 sec OR Fogg-It 2 GPM for 5 sec. slowly across the cilantro section,Use Fogg-It 0.5 GPM for 10 sec OR Fogg-It 2 GPM for 5 sec. s slowly across the cilantro section,Use Fogg-It 0.5 GPM for 15 sec OR Fogg-It 2 GPM for 5 sec. slowly across the cilantro section,Use Fogg-It 0.5 GPM for 30 sec OR Fogg-It 2 GPM for 10 sec. slowly across the cilantro section,Use Fogg-It 0.5 GPM for 30 sec OR Fogg-It 2 GPM for 10 sec. slowly across the cilantro section
cilantro_001,< 45°F,0-25%,Sunny,Normal (3-7),Use Fogg-It 0.5 GPM for 5 sec OR Fogg-It 2 GPM for 5 sec. slowly across the cilantro section,Use Fogg-It 0.5 GPM for 5 sec OR Fogg-It 2 GPM for 5 sec. slowly across the cilantro section,Use Fogg-It 0.5 GPM for 5 sec OR Fogg-It 2 GPM for 5 sec. slowly across the cilantro section,Use Fogg-It 0.5 GPM for 5 sec OR Fogg-It 2 GPM for 5 sec. slowly across the cilantro section,Use Fogg-It 0.5 GPM for 10 sec OR Fogg-It 2 GPM for 5 sec. slowly across the cilantro section,Use Fogg-It 0.5 GPM for 10 sec OR Fogg-It 2 GPM for 5 sec. s slowly across the cilantro section,Use Fogg-It 0.5 GPM for 15 sec OR Fogg-It 2 GPM for 5 sec. slowly across the cilantro section
cilantro_001,< 45°F,0-25%,Sunny,Wet (7-10),Don't water,Don't water,Don't water,Don't water,Don't water,Don't water,Don't water
cilantro_001,< 45°F,0-25%,Partly Cloudy,Dry (0-3),Use Fogg-It 0.5 GPM for 5 sec OR Fogg-It 2 GPM for 5 sec. slowly across the cilantro section,Use Fogg-It 0.5 GPM for 5 sec OR Fogg-It 2 GPM for 5 sec. slowly across the cilantro section,Use Fogg-It 0.5 GPM for 5 sec OR Fogg-It 2 GPM for 5 sec. slowly across the cilantro section,Use Fogg-It 0.5 GPM for 10 sec OR Fogg-It 2 GPM for 5 sec. slowly across the cilantro section,Use Fogg-It 0.5 GPM for 10 sec OR Fogg-It 2 GPM for 5 sec. slowly across the cilantro section,Use Fogg-It 0.5 GPM for 10 sec OR Fogg-It 2 GPM for 5 sec. s slowly across the cilantro section,Use Fogg-It 0.5 GPM for 15 sec OR Fogg-It 2 GPM for 5 sec. slowly across the cilantro section
cilantro_001,< 45°F,0-25%,Partly Cloudy,Normal (3-7),Use Fogg-It 0.5 GPM for 5 sec OR Fogg-It 2 GPM for 5 sec. slowly across the cilantro section,Use Fogg-It 0.5 GPM for 5 sec OR Fogg-It 2 GPM for 5 sec. slowly across the cilantro section,Use Fogg-It 0.5 GPM for 5 sec OR Fogg-It 2 GPM for 5 sec. slowly across the cilantro section,Use Fogg-It 0.5 GPM for 5 sec OR Fogg-It 2 GPM for 5 sec. slowly across the cilantro section,Use Fogg-It 0.5 GPM for 5 sec OR Fogg-It 2 GPM for 5 sec. slowly across the cilantro section,Use Fogg-It 0.5 GPM for 10 sec OR Fogg-It 2 GPM for 5 sec. slowly across the cilantro section,Use Fogg-It 0.5 GPM for 10 sec OR Fogg-It 2 GPM for 5 sec. s slowly across the cilantro section
cilantro_001,< 45°F,0-25%,Partly Cloudy,Wet (7-10),Don't water,Don't water,Don't water,Don't water,Don't water,Don't water,Don't water
cilantro_001,< 45°F,0-25%,Cloudy,Dry (0-3),Use Fogg-It 0.5 GPM for 5 sec OR Fogg-It 2 GPM for 5 sec. slowly across the cilantro section,Use Fogg-It 0.5 GPM for 5 sec OR Fogg-It 2 GPM for 5 sec. slowly across the cilantro section,Use Fogg-It 0.5 GPM for 5 sec OR Fogg-It 2 GPM for 5 sec. slowly across the cilantro section,Use Fogg-It 0.5 GPM for 5 sec OR Fogg-It 2 GPM for 5 sec. slowly across the cilantro section,Use Fogg-It 0.5 GPM for 5 sec OR Fogg-It 2 GPM for 5 sec. slowly across the cilantro section,Use Fogg-It 0.5 GPM for 10 sec OR Fogg-It 2 GPM for 5 sec. slowly across the cilantro section,Use Fogg-It 0.5 GPM for 10 sec OR Fogg-It 2 GPM for 5 sec. s slowly across the cilantro section
cilantro_001,< 45°F,0-25%,Cloudy,Normal (3-7),Don't water,Use Fogg-It 0.5 GPM for 5 sec OR Fogg-It 2 GPM for 5 sec. slowly across the cilantro section,Use Fogg-It 0.5 GPM for 5 sec OR Fogg-It 2 GPM for 5 sec. slowly across the cilantro section,Use Fogg-It 0.5 GPM for 5 sec OR Fogg-It 2 GPM for 5 sec. slowly across the cilantro section,Use Fogg-It 0.5 GPM for 5 sec OR Fogg-It 2 GPM for 5 sec. slowly across the cilantro section,Use Fogg-It 0.5 GPM for 5 sec OR Fogg-It 2 GPM for 5 sec. slowly across the cilantro section,Use Fogg-It 0.5 GPM for 10 sec OR Fogg-It 2 GPM for 5 sec. slowly across the cilantro section
cilantro_001,< 45°F,0-25%,Cloudy,Wet (7-10),Don't water,Don't water,Don't water,Don't water,Don't water,Don't water,Don't water
cilantro_001,< 45°F,26-50%,Sunny,Dry (0-3),Use Fogg-It 0.5 GPM for 5 sec OR Fogg-It 2 GPM for 5 sec. slowly across the cilantro section,Use Fogg-It 0.5 GPM for 5 sec OR Fogg-It 2 GPM for 5 sec. slowly across the cilantro section,Use Fogg-It 0.5 GPM for 5 sec OR Fogg-It 2 GPM for 5 sec. slowly across the cilantro section,Use Fogg-It 0.5 GPM for 10 sec OR Fogg-It 2 GPM for 5 sec. slowly across the cilantro section,Use Fogg-It 0.5 GPM for 15 sec OR Fogg-It 2 GPM for 5 sec. slowly across the cilantro section,Use Fogg-It 0.5 GPM for 10 sec OR Fogg-It 2 GPM for 5 sec. s slowly across the cilantro section,Use Fogg-It 0.5 GPM for 15 sec OR Fogg-It 2 GPM for 5 sec. slowly across the cilantro section
cilantro_001,< 45°F,26-50%,Sunny,Normal (3-7),Don't water,Use Fogg-It 0.5 GPM for 5 sec OR Fogg-It 2 GPM for 5 sec. slowly across the cilantro section,Use Fogg-It 0.5 GPM for 5 sec OR Fogg-It 2 GPM for 5 sec. slowly across the cilantro section,Use Fogg-It 0.5 GPM for 5 sec OR Fogg-It 2 GPM for 5 sec. slowly across the cilantro section,Use Fogg-It 0.5 GPM for 5 sec OR Fogg-It 2 GPM for 5 sec. slowly across the cilantro section,Use Fogg-It 0.5 GPM for 10 sec OR Fogg-It 2 GPM for 5 sec. slowly across the cilantro section,Use Fogg-It 0.5 GPM for 10 sec OR Fogg-It 2 GPM for 5 sec. s slowly across the cilantro section
cilantro_001,< 45°F,26-50%,Sunny,Wet (7-10),Don't water,Don't water,Don't water,Don't water,Don't water,Don't water,Don't water
cilantro_001,< 45°F,26-50%,Partly Cloudy,Dry (0-3),Use Fogg-It 0.5 GPM for 5 sec OR Fogg-It 2 GPM for 5 sec. slowly across the cilantro section,Use Fogg-It 0.5 GPM for 5 sec OR Fogg-It 2 GPM for 5 sec. slowly across the cilantro section,Use Fogg-It 0.5 GPM for 5 sec OR Fogg-It 2 GPM for 5 sec. slowly across the cilantro section,Use Fogg-It 0.5 GPM for 5 sec OR Fogg-It 2 GPM for 5 sec. slowly across the cilantro section,Use Fogg-It 0.5 GPM for 10 sec OR Fogg-It 2 GPM for 5 sec. slowly across the cilantro section,Use Fogg-It 0.5 GPM for 15 sec OR Fogg-It 2 GPM for 5 sec. slowly across the cilantro section,Use Fogg-It 0.5 GPM for 10 sec OR Fogg-It 2 GPM for 5 sec. s slowly across the cilantro section
cilantro_001,< 45°F,26-50%,Partly Cloudy,Normal (3-7),Don't water,Use Fogg-It 0.5 GPM for 5 sec OR Fogg-It 2 GPM for 5 sec. slowly across the cilantro section,Use Fogg-It 0.5 GPM for 5 sec OR Fogg-It 2 GPM for 5 sec. slowly across the cilantro section,Use Fogg-It 0.5 GPM for 5 sec OR Fogg-It 2 GPM for 5 sec. slowly across the cilantro section,Use Fogg-It 0.5 GPM for 5 sec OR Fogg-It 2 GPM for 5 sec. slowly across the cilantro section,Use Fogg-It 0.5 GPM for 5 sec OR Fogg-It 2 GPM for 5 sec. slowly across the cilantro section,Use Fogg-It 0.5 GPM for 10 sec OR Fogg-It 2 GPM for 5 sec. slowly across the cilantro section
cilantro_001,< 45°F,26-50%,Partly Cloudy,Wet (7-10),Don't water,Don't water,Don't water,Don't water,Don't water,Don't water,Don't water
cilantro_001,< 45°F,26-50%,Cloudy,Dry (0-3),Use Fogg-It 0.5 GPM for 5 sec OR Fogg-It 2 GPM for 5 sec. slowly across the cilantro section,Use Fogg-It 0.5 GPM for 5 sec OR Fogg-It 2 GPM for 5 sec. slowly across the cilantro section,Use Fogg-It 0.5 GPM for 5 sec OR Fogg-It 2 GPM for 5 sec. slowly across the cilantro section,Use Fogg-It 0.5 GPM for 5 sec OR Fogg-It 2 GPM for 5 sec. slowly across the cilantro section,Use Fogg-It 0.5 GPM for 5 sec OR Fogg-It 2 GPM for 5 sec. slowly across the cilantro section,Use Fogg-It 0.5 GPM for 10 sec OR Fogg-It 2 GPM for 5 sec. slowly across the cilantro section,Use Fogg-It 0.5 GPM for 15 sec OR Fogg-It 2 GPM for 5 sec. slowly across the cilantro section
cilantro_001,< 45°F,26-50%,Cloudy,Normal (3-7),Don't water,Don't water,Use Fogg-It 0.5 GPM for 5 sec OR Fogg-It 2 GPM for 5 sec. slowly across the cilantro section,Use Fogg-It 0.5 GPM for 5 sec OR Fogg-It 2 GPM for 5 sec. slowly across the cilantro section,Use Fogg-It 0.5 GPM for 5 sec OR Fogg-It 2 GPM for 5 sec. slowly across the cilantro section,Use Fogg-It 0.5 GPM for 5 sec OR Fogg-It 2 GPM for 5 sec. slowly across the cilantro section,Use Fogg-It 0.5 GPM for 5 sec OR Fogg-It 2 GPM for 5 sec. slowly across the cilantro section
cilantro_001,< 45°F,26-50%,Cloudy,Wet (7-10),Don't water,Don't water,Don't water,Don't water,Don't water,Don't water,Don't water
cilantro_001,< 45°F,51-75%,Sunny,Dry (0-3),Use Fogg-It 0.5 GPM for 5 sec OR Fogg-It 2 GPM for 5 sec. slowly across the cilantro section,Use Fogg-It 0.5 GPM for 5 sec OR Fogg-It 2 GPM for 5 sec. slowly across the cilantro section,Use Fogg-It 0.5 GPM for 5 sec OR Fogg-It 2 GPM for 5 sec. slowly across the cilantro section,Use Fogg-It 0.5 GPM for 5 sec OR Fogg-It 2 GPM for 5 sec. slowly across the cilantro section,Use Fogg-It 0.5 GPM for 10 sec OR Fogg-It 2 GPM for 5 sec. slowly across the cilantro section,Use Fogg-It 0.5 GPM for 15 sec OR Fogg-It 2 GPM for 5 sec. slowly across the cilantro section,Use Fogg-It 0.5 GPM for 10 sec OR Fogg-It 2 GPM for 5 sec. s slowly across the cilantro section
cilantro_001,< 45°F,51-75%,Sunny,Normal (3-7),Don't water,Use Fogg-It 0.5 GPM for 5 sec OR Fogg-It 2 GPM for 5 sec. slowly across the cilantro section,Use Fogg-It 0.5 GPM for 5 sec OR Fogg-It 2 GPM for 5 sec. slowly across the cilantro section,Use Fogg-It 0.5 GPM for 5 sec OR Fogg-It 2 GPM for 5 sec. slowly across the cilantro section,Use Fogg-It 0.5 GPM for 5 sec OR Fogg-It 2 GPM for 5 sec. slowly across the cilantro section,Use Fogg-It 0.5 GPM for 5 sec OR Fogg-It 2 GPM for 5 sec. slowly across the cilantro section,Use Fogg-It 0.5 GPM for 10 sec OR Fogg-It 2 GPM for 5 sec. slowly across the cilantro section
cilantro_001,< 45°F,51-75%,Sunny,Wet (7-10),Don't water,Don't water,Don't water,Don't water,Don't water,Don't water,Don't water
cilantro_001,< 45°F,51-75%,Partly Cloudy,Dry (0-3),Use Fogg-It 0.5 GPM for 5 sec OR Fogg-It 2 GPM for 5 sec. slowly across the cilantro section,Use Fogg-It 0.5 GPM for 5 sec OR Fogg-It 2 GPM for 5 sec. slowly across the cilantro section,Use Fogg-It 0.5 GPM for 5 sec OR Fogg-It 2 GPM for 5 sec. slowly across the cilantro section,Use Fogg-It 0.5 GPM for 5 sec OR Fogg-It 2 GPM for 5 sec. slowly across the cilantro section,Use Fogg-It 0.5 GPM for 5 sec OR Fogg-It 2 GPM for 5 sec. slowly across the cilantro section,Use Fogg-It 0.5 GPM for 10 sec OR Fogg-It 2 GPM for 5 sec. slowly across the cilantro section,Use Fogg-It 0.5 GPM for 15 sec OR Fogg-It 2 GPM for 5 sec. slowly across the cilantro section
cilantro_001,< 45°F,51-75%,Partly Cloudy,Normal (3-7),Don't water,Don't water,Use Fogg-It 0.5 GPM for 5 sec OR Fogg-It 2 GPM for 5 sec. slowly across the cilantro section,Use Fogg-It 0.5 GPM for 5 sec OR Fogg-It 2 GPM for 5 sec. slowly across the cilantro section,Use Fogg-It 0.5 GPM for 5 sec OR Fogg-It 2 GPM for 5 sec. slowly across the cilantro section,Use Fogg-It 0.5 GPM for 5 sec OR Fogg-It 2 GPM for 5 sec. slowly across the cilantro section,Use Fogg-It 0.5 GPM for 5 sec OR Fogg-It 2 GPM for 5 sec. slowly across the cilantro section
cilantro_001,< 45°F,51-75%,Partly Cloudy,Wet (7-10),Don't water,Don't water,Don't water,Don't water,Don't water,Don't water,Don't water
cilantro_001,< 45°F,51-75%,Cloudy,Dry (0-3),Use Fogg-It 0.5 GPM for 5 sec OR Fogg-It 2 GPM for 5 sec. slowly across the cilantro section,Use Fogg-It 0.5 GPM for 5 sec OR Fogg-It 2 GPM for 5 sec. slowly across the cilantro section,Use Fogg-It 0.5 GPM for 5 sec OR Fogg-It 2 GPM for 5 sec. slowly across the cilantro section,Use Fogg-It 0.5 GPM for 5 sec OR Fogg-It 2 GPM for 5 sec. slowly across the cilantro section,Use Fogg-It 0.5 GPM for 5 sec OR Fogg-It 2 GPM for 5 sec. slowly across the cilantro section,Use Fogg-It 0.5 GPM for 5 sec OR Fogg-It 2 GPM for 5 sec. slowly across the cilantro section,Use Fogg-It 0.5 GPM for 10 sec OR Fogg-It 2 GPM for 5 sec. slowly across the cilantro section
cilantro_001,< 45°F,51-75%,Cloudy,Normal (3-7),Don't water,Don't water,Don't water,Use Fogg-It 0.5 GPM for 5 sec OR Fogg-It 2 GPM for 5 sec. slowly across the cilantro section,Use Fogg-It 0.5 GPM for 5 sec OR Fogg-It 2 GPM for 5 sec. slowly across the cilantro section,Use Fogg-It 0.5 GPM for 5 sec OR Fogg-It 2 GPM for 5 sec. slowly across the cilantro section,Use Fogg-It 0.5 GPM for 5 sec OR Fogg-It 2 GPM for 5 sec. slowly across the cilantro section
cilantro_001,< 45°F,51-75%,Cloudy,Wet (7-10),Don't water,Don't water,Don't water,Don't water,Don't water,Don't water,Don't water
cilantro_001,< 45°F,76-100%,Sunny,Dry (0-3),Use Fogg-It 0.5 GPM for 5 sec OR Fogg-It 2 GPM for 5 sec. slowly across the cilantro section,Use Fogg-It 0.5 GPM for 5 sec OR Fogg-It 2 GPM for 5 sec. slowly across the cilantro section,Use Fogg-It 0.5 GPM for 5 sec OR Fogg-It 2 GPM for 5 sec. slowly across the cilantro section,Use Fogg-It 0.5 GPM for 5 sec OR Fogg-It 2 GPM for 5 sec. slowly across the cilantro section,Use Fogg-It 0.5 GPM for 5 sec OR Fogg-It 2 GPM for 5 sec. slowly across the cilantro section,Use Fogg-It 0.5 GPM for 10 sec OR Fogg-It 2 GPM for 5 sec. slowly across the cilantro section,Use Fogg-It 0.5 GPM for 15 sec OR Fogg-It 2 GPM for 5 sec. slowly across the cilantro section
cilantro_001,< 45°F,76-100%,Sunny,Normal (3-7),Don't water,Don't water,Use Fogg-It 0.5 GPM for 5 sec OR Fogg-It 2 GPM for 5 sec. slowly across the cilantro section,Use Fogg-It 0.5 GPM for 5 sec OR Fogg-It 2 GPM for 5 sec. slowly across the cilantro section,Use Fogg-It 0.5 GPM for 5 sec OR Fogg-It 2 GPM for 5 sec. slowly across the cilantro section,Use Fogg-It 0.5 GPM for 5 sec OR Fogg-It 2 GPM for 5 sec. slowly across the cilantro section,Use Fogg-It 0.5 GPM for 5 sec OR Fogg-It 2 GPM for 5 sec. slowly across the cilantro section
cilantro_001,< 45°F,76-100%,Sunny,Wet (7-10),Don't water,Don't water,Don't water,Don't water,Don't water,Don't water,Don't water
cilantro_001,< 45°F,76-100%,Partly Cloudy,Dry (0-3),Use Fogg-It 0.5 GPM for 5 sec OR Fogg-It 2 GPM for 5 sec. slowly across the cilantro section,Use Fogg-It 0.5 GPM for 5 sec OR Fogg-It 2 GPM for 5 sec. slowly across the cilantro section,Use Fogg-It 0.5 GPM for 5 sec OR Fogg-It 2 GPM for 5 sec. slowly across the cilantro section,Use Fogg-It 0.5 GPM for 5 sec OR Fogg-It 2 GPM for 5 sec. slowly across the cilantro section,Use Fogg-It 0.5 GPM for 5 sec OR Fogg-It 2 GPM for 5 sec. slowly across the cilantro section,Use Fogg-It 0.5 GPM for 5 sec OR Fogg-It 2 GPM for 5 sec. slowly across the cilantro section,Use Fogg-It 0.5 GPM for 10 sec OR Fogg-It 2 GPM for 5 sec. slowly across the cilantro section
cilantro_001,< 45°F,76-100%,Partly Cloudy,Normal (3-7),Don't water,Don't water,Don't water,Use Fogg-It 0.5 GPM for 5 sec OR Fogg-It 2 GPM for 5 sec. slowly across the cilantro section,Use Fogg-It 0.5 GPM for 5 sec OR Fogg-It 2 GPM for 5 sec. slowly across the cilantro section,Use Fogg-It 0.5 GPM for 5 sec OR Fogg-It 2 GPM for 5 sec. slowly across the cilantro section,Use Fogg-It 0.5 GPM for 5 sec OR Fogg-It 2 GPM for 5 sec. slowly across the cilantro section
cilantro_001,< 45°F,76-100%,Partly Cloudy,Wet (7-10),Don't water,Don't water,Don't water,Don't water,Don't water,Don't water,Don't water
cilantro_001,< 45°F,76-100%,Cloudy,Dry (0-3),Use Fogg-It 0.5 GPM for 5 sec OR Fogg-It 2 GPM for 5 sec. slowly across the cilantro section,Use Fogg-It 0.5 GPM for 5 sec OR Fogg-It 2 GPM for 5 sec. slowly across the cilantro section,Use Fogg-It 0.5 GPM for 5 sec OR Fogg-It 2 GPM for 5 sec. slowly across the cilantro section,Use Fogg-It 0.5 GPM for 5 sec OR Fogg-It 2 GPM for 5 sec. slowly across the cilantro section,Use Fogg-It 0.5 GPM for 5 sec OR Fogg-It 2 GPM for 5 sec. slowly across the cilantro section,Use Fogg-It 0.5 GPM for 5 sec OR Fogg-It 2 GPM for 5 sec. slowly across the cilantro section,Use Fogg-It 0.5 GPM for 5 sec OR Fogg-It 2 GPM for 5 sec. slowly across the cilantro section
cilantro_001,< 45°F,76-100%,Cloudy,Normal (3-7),Don't water,Don't water,Don't water,Don't water,Use Fogg-It 0.5 GPM for 5 sec OR Fogg-It 2 GPM for 5 sec. slowly across the cilantro section,Use Fogg-It 0.5 GPM for 5 sec OR Fogg-It 2 GPM for 5 sec. slowly across the cilantro section,Use Fogg-It 0.5 GPM for 5 sec OR Fogg-It 2 GPM for 5 sec. slowly across the cilantro section
cilantro_001,< 45°F,76-100%,Cloudy,Wet (7-10),Don't water,Don't water,Don't water,Don't water,Don't water,Don't water,Don't water
cilantro_002,< 45°F,0-25%,Sunny,Dry (0-3),Use Fogg-It 0.5 GPM for 5 sec OR Fogg-It 2 GPM for 5 sec. slowly across the cilantro section,Use Fogg-It 0.5 GPM for 5 sec OR Fogg-It 2 GPM for 5 sec. slowly across the cilantro section,Use Fogg-It 0.5 GPM for 5 sec OR Fogg-It 2 GPM for 5 sec. slowly across the cilantro section,Use Fogg-It 0.5 GPM for 5 sec OR Fogg-It 2 GPM for 5 sec. slowly across the cilantro section,Use Fogg-It 0.5 GPM for 5 sec OR Fogg-It 2 GPM for 5 sec. slowly across the cilantro section,Use Fogg-It 0.5 GPM for 10 sec OR Fogg-It 2 GPM for 5 sec. slowly across the cilantro section,Use Fogg-It 0.5 GPM for 10 sec OR Fogg-It 2 GPM for 5 sec. slowly across the cilantro section
cilantro_002,< 45°F,0-25%,Sunny,Normal (3-7),Don't water,Don't water,Use Fogg-It 0.5 GPM for 5 sec OR Fogg-It 2 GPM for 5 sec. slowly across the cilantro section,Use Fogg-It 0.5 GPM for 5 sec OR Fogg-It 2 GPM for 5 sec. slowly across the cilantro section,Use Fogg-It 0.5 GPM for 5 sec OR Fogg-It 2 GPM for 5 sec. slowly across the cilantro section,Use Fogg-It 0.5 GPM for 5 sec OR Fogg-It 2 GPM for 5 sec. slowly across the cilantro section,Use Fogg-It 0.5 GPM for 5 sec OR Fogg-It 2 GPM for 5 sec. slowly across the cilantro section
cilantro_002,< 45°F,0-25%,Sunny,Wet (7-10),Don't water,Don't water,Don't water,Don't water,Don't water,Don't water,Don't water
cilantro_002,< 45°F,0-25%,Partly Cloudy,Dry (0-3),Use Fogg-It 0.5 GPM for 5 sec OR Fogg-It 2 GPM for 5 sec. slowly across the cilantro section,Use Fogg-It 0.5 GPM for 5 sec OR Fogg-It 2 GPM for 5 sec. slowly across the cilantro section,Use Fogg-It 0.5 GPM for 5 sec OR Fogg-It 2 GPM for 5 sec. slowly across the cilantro section,Use Fogg-It 0.5 GPM for 5 sec OR Fogg-It 2 GPM for 5 sec. slowly across the cilantro section,Use Fogg-It 0.5 GPM for 5 sec OR Fogg-It 2 GPM for 5 sec. slowly across the cilantro section,Use Fogg-It 0.5 GPM for 5 sec OR Fogg-It 2 GPM for 5 sec. slowly across the cilantro section,Use Fogg-It 0.5 GPM for 5 sec OR Fogg-It 2 GPM for 5 sec. slowly across the cilantro section
cilantro_002,< 45°F,0-25%,Partly Cloudy,Normal (3-7),Don't water,Don't water,Don't water,Use Fogg-It 0.5 GPM for 5 sec OR Fogg-It 2 GPM for 5 sec. slowly across the cilantro section,Use Fogg-It 0.5 GPM for 5 sec OR Fogg-It 2 GPM for 5 sec. slowly across the cilantro section,Use Fogg-It 0.5 GPM for 5 sec OR Fogg-It 2 GPM for 5 sec. slowly across the cilantro section,Use Fogg-It 0.5 GPM for 5 sec OR Fogg-It 2 GPM for 5 sec. slowly across the cilantro section
cilantro_002,< 45°F,0-25%,Partly Cloudy,Wet (7-10),Don't water,Don't water,Don't water,Don't water,Don't water,Don't water,Don't water
cilantro_002,< 45°F,0-25%,Cloudy,Dry (0-3),Use Fogg-It 0.5 GPM for 5 sec OR Fogg-It 2 GPM for 5 sec. slowly across the cilantro section,Use Fogg-It 0.5 GPM for 5 sec OR Fogg-It 2 GPM for 5 sec. slowly across the cilantro section,Use Fogg-It 0.5 GPM for 5 sec OR Fogg-It 2 GPM for 5 sec. slowly across the cilantro section,Use Fogg-It 0.5 GPM for 5 sec OR Fogg-It 2 GPM for 5 sec. slowly across the cilantro section,Use Fogg-It 0.5 GPM for 5 sec OR Fogg-It 2 GPM for 5 sec. slowly across the cilantro section,Use Fogg-It 0.5 GPM for 5 sec OR Fogg-It 2 GPM for 5 sec. slowly across the cilantro section,Use Fogg-It 0.5 GPM for 5 sec OR Fogg-It 2 GPM for 5 sec. slowly across the cilantro section
cilantro_002,< 45°F,0-25%,Cloudy,Normal (3-7),Don't water,Don't water,Don't water,Don't water,Use Fogg-It 0.5 GPM for 5 sec OR Fogg-It 2 GPM for 5 sec. slowly across the cilantro section,Use Fogg-It 0.5 GPM for 5 sec OR Fogg-It 2 GPM for 5 sec. slowly across the cilantro section,Use Fogg-It 0.5 GPM for 5 sec OR Fogg-It 2 GPM for 5 sec. slowly across the cilantro section
cilantro_002,< 45°F,0-25%,Cloudy,Wet (7-10),Don't water,Don't water,Don't water,Don't water,Don't water,Don't water,Don't water
cilantro_002,< 45°F,26-50%,Sunny,Dry (0-3),Use Fogg-It 0.5 GPM for 5 sec OR Fogg-It 2 GPM for 5 sec. slowly across the cilantro section,Use Fogg-It 0.5 GPM for 5 sec OR Fogg-It 2 GPM for 5 sec. slowly across the cilantro section,Use Fogg-It 0.5 GPM for 5 sec OR Fogg-It 2 GPM for 5 sec. slowly across the cilantro section,Use Fogg-It 0.5 GPM for 5 sec OR Fogg-It 2 GPM for 5 sec. slowly across the cilantro section,Use Fogg-It 0.5 GPM for 5 sec OR Fogg-It 2 GPM for 5 sec. slowly across the cilantro section,Use Fogg-It 0.5 GPM for 5 sec OR Fogg-It 2 GPM for 5 sec. slowly across the cilantro section,Use Fogg-It 0.5 GPM for 5 sec OR Fogg-It 2 GPM for 5 sec. slowly across the cilantro section
cilantro_002,< 45°F,26-50%,Sunny,Normal (3-7),Don't water,Don't water,Don't water,Use Fogg-It 0.5 GPM for 5 sec OR Fogg-It 2 GPM for 5 sec. slowly across the cilantro section,Use Fogg-It 0.5 GPM for 5 sec OR Fogg-It 2 GPM for 5 sec. slowly across the cilantro section,Use Fogg-It 0.5 GPM for 5 sec OR Fogg-It 2 GPM for 5 sec. slowly across the cilantro section,Use Fogg-It 0.5 GPM for 5 sec OR Fogg-It 2 GPM for 5 sec. slowly across the cilantro section
cilantro_002,< 45°F,26-50%,Sunny,Wet (7-10),Don't water,Don't water,Don't water,Don't water,Don't water,Don't water,Don't water
cilantro_002,< 45°F,26-50%,Partly Cloudy,Dry (0-3),Use Fogg-It 0.5 GPM for 5 sec OR Fogg-It 2 GPM for 5 sec. slowly across the cilantro section,Use Fogg-It 0.5 GPM for 5 sec OR Fogg-It 2 GPM for 5 sec. slowly across the cilantro section,Use Fogg-It 0.5 GPM for 5 sec OR Fogg-It 2 GPM for 5 sec. slowly across the cilantro section,Use Fogg-It 0.5 GPM for 5 sec OR Fogg-It 2 GPM for 5 sec. slowly across the cilantro section,Use Fogg-It 0.5 GPM for 5 sec OR Fogg-It 2 GPM for 5 sec. slowly across the cilantro section,Use Fogg-It 0.5 GPM for 5 sec OR Fogg-It 2 GPM for 5 sec. slowly across the cilantro section,Use Fogg-It 0.5 GPM for 5 sec OR Fogg-It 2 GPM for 5 sec. slowly across the cilantro section
cilantro_002,< 45°F,26-50%,Partly Cloudy,Normal (3-7),Don't water,Don't water,Don't water,Don't water,Use Fogg-It 0.5 GPM for 5 sec OR Fogg-It 2 GPM for 5 sec. slowly across the cilantro section,Use Fogg-It 0.5 GPM for 5 sec OR Fogg-It 2 GPM for 5 sec. slowly across the cilantro section,Use Fogg-It 0.5 GPM for 5 sec OR Fogg-It 2 GPM for 5 sec. slowly across the cilantro section
cilantro_002,< 45°F,26-50%,Partly Cloudy,Wet (7-10),Don't water,Don't water,Don't water,Don't water,Don't water,Don't water,Don't water
cilantro_002,< 45°F,26-50%,Cloudy,Dry (0-3),Use Fogg-It 0.5 GPM for 5 sec OR Fogg-It 2 GPM for 5 sec. slowly across the cilantro section,Use Fogg-It 0.5 GPM for 5 sec OR Fogg-It 2 GPM for 5 sec. slowly across the cilantro section,Use Fogg-It 0.5 GPM for 5 sec OR Fogg-It 2 GPM for 5 sec. slowly across the cilantro section,Use Fogg-It 0.5 GPM for 5 sec OR Fogg-It 2 GPM for 5 sec. slowly across the cilantro section,Use Fogg-It 0.5 GPM for 5 sec OR Fogg-It 2 GPM for 5 sec. slowly across the cilantro section,Use Fogg-It 0.5 GPM for 5 sec OR Fogg-It 2 GPM for 5 sec. slowly across the cilantro section,Use Fogg-It 0.5 GPM for 5 sec OR Fogg-It 2 GPM for 5 sec. slowly across the cilantro section
cilantro_002,< 45°F,26-50%,Cloudy,Normal (3-7),Don't water,Don't water,Don't water,Don't water,Don't water,Use Fogg-It 0.5 GPM for 5 sec OR Fogg-It 2 GPM for 5 sec. slowly across the cilantro section,Use Fogg-It 0.5 GPM for 5 sec OR Fogg-It 2 GPM for 5 sec. slowly across the cilantro section
cilantro_002,< 45°F,26-50%,Cloudy,Wet (7-10),Don't water,Don't water,Don't water,Don't water,Don't water,Don't water,Don't water
cilantro_002,< 45°F,51-75%,Sunny,Dry (0-3),Use Fogg-It 0.5 GPM for 5 sec OR Fogg-It 2 GPM for 5 sec. slowly across the cilantro section,Use Fogg-It 0.5 GPM for 5 sec OR Fogg-It 2 GPM for 5 sec. slowly across the cilantro section,Use Fogg-It 0.5 GPM for 5 sec OR Fogg-It 2 GPM for 5 sec. slowly across the cilantro section,Use Fogg-It 0.5 GPM for 5 sec OR Fogg-It 2 GPM for 5 sec. slowly across the cilantro section,Use Fogg-It 0.5 GPM for 5 sec OR Fogg-It 2 GPM for 5 sec. slowly across the cilantro section,Use Fogg-It 0.5 GPM for 5 sec OR Fogg-It 2 GPM for 5 sec. slowly across the cilantro section,Use Fogg-It 0.5 GPM for 5 sec OR Fogg-It 2 GPM for 5 sec. slowly across the cilantro section
cilantro_002,< 45°F,51-75%,Sunny,Normal (3-7),Don't water,Don't water,Don't water,Don't water,Use Fogg-It 0.5 GPM for 5 sec OR Fogg-It 2 GPM for 5 sec. slowly across the cilantro section,Use Fogg-It 0.5 GPM for 5 sec OR Fogg-It 2 GPM for 5 sec. slowly across the cilantro section,Use Fogg-It 0.5 GPM for 5 sec OR Fogg-It 2 GPM for 5 sec. slowly across the cilantro section
cilantro_002,< 45°F,51-75%,Sunny,Wet (7-10),Don't water,Don't water,Don't water,Don't water,Don't water,Don't water,Don't water
cilantro_002,< 45°F,51-75%,Partly Cloudy,Dry (0-3),Use Fogg-It 0.5 GPM for 5 sec OR Fogg-It 2 GPM for 5 sec. slowly across the cilantro section,Use Fogg-It 0.5 GPM for 5 sec OR Fogg-It 2 GPM for 5 sec. slowly across the cilantro section,Use Fogg-It 0.5 GPM for 5 sec OR Fogg-It 2 GPM for 5 sec. slowly across the cilantro section,Use Fogg-It 0.5 GPM for 5 sec OR Fogg-It 2 GPM for 5 sec. slowly across the cilantro section,Use Fogg-It 0.5 GPM for 5 sec OR Fogg-It 2 GPM for 5 sec. slowly across the cilantro section,Use Fogg-It 0.5 GPM for 5 sec OR Fogg-It 2 GPM for 5 sec. slowly across the cilantro section,Use Fogg-It 0.5 GPM for 5 sec OR Fogg-It 2 GPM for 5 sec. slowly across the cilantro section
cilantro_002,< 45°F,51-75%,Partly Cloudy,Normal (3-7),Don't water,Don't water,Don't water,Don't water,Don't water,Use Fogg-It 0.5 GPM for 5 sec OR Fogg-It 2 GPM for 5 sec. slowly across the cilantro section,Use Fogg-It 0.5 GPM for 5 sec OR Fogg-It 2 GPM for 5 sec. slowly across the cilantro section
cilantro_002,< 45°F,51-75%,Partly Cloudy,Wet (7-10),Don't water,Don't water,Don't water,Don't water,Don't water,Don't water,Don't water
cilantro_002,< 45°F,51-75%,Cloudy,Dry (0-3),Don't water,Use Fogg-It 0.5 GPM for 5 sec OR Fogg-It 2 GPM for 5 sec. slowly across the cilantro section,Use Fogg-It 0.5 GPM for 5 sec OR Fogg-It 2 GPM for 5 sec. slowly across the cilantro section,Use Fogg-It 0.5 GPM for 5 sec OR Fogg-It 2 GPM for 5 sec. slowly across the cilantro section,Use Fogg-It 0.5 GPM for 5 sec OR Fogg-It 2 GPM for 5 sec. slowly across the cilantro section,Use Fogg-It 0.5 GPM for 5 sec OR Fogg-It 2 GPM for 5 sec. slowly across the cilantro section,Use Fogg-It 0.5 GPM for 5 sec OR Fogg-It 2 GPM for 5 sec. slowly across the cilantro section
cilantro_002,< 45°F,51-75%,Cloudy,Normal (3-7),Don't water,Don't water,Don't water,Don't water,Don't water,Don't water,Use Fogg-It 0.5 GPM for 5 sec OR Fogg-It 2 GPM for 5 sec. slowly across the cilantro section
cilantro_002,< 45°F,51-75%,Cloudy,Wet (7-10),Don't water,Don't water,Don't water,Don't water,Don't water,Don't water,Don't water
cilantro_002,< 45°F,76-100%,Sunny,Dry (0-3),Don't water,Use Fogg-It 0.5 GPM for 5 sec OR Fogg-It 2 GPM for 5 sec. slowly across the cilantro section,Use Fogg-It 0.5 GPM for 5 sec OR Fogg-It 2 GPM for 5 sec. slowly across the cilantro section,Use Fogg-It 0.5 GPM for 5 sec OR Fogg-It 2 GPM for 5 sec. slowly across the cilantro section,Use Fogg-It 0.5 GPM for 5 sec OR Fogg-It 2 GPM for 5 sec. slowly across the cilantro section,Use Fogg-It 0.5 GPM for 5 sec OR Fogg-It 2 GPM for 5 sec. slowly across the cilantro section,Use Fogg-It 0.5 GPM for 5 sec OR Fogg-It 2 GPM for 5 sec. slowly across the cilantro section
cilantro_002,< 45°F,76-100%,Sunny,Normal (3-7),Don't water,Don't water,Don't water,Don't water,Don't water,Use Fogg-It 0.5 GPM for 5 sec OR Fogg-It 2 GPM for 5 sec. slowly across the cilantro section,Use Fogg-It 0.5 GPM for 5 sec OR Fogg-It 2 GPM for 5 sec. slowly across the cilantro section
cilantro_002,< 45°F,76-100%,Sunny,Wet (7-10),Don't water,Don't water,Don't water,Don't water,Don't water,Don't water,Don't water
cilantro_002,< 45°F,76-100%,Partly Cloudy,Dry (0-3),Don't water,Use Fogg-It 0.5 GPM for 5 sec OR Fogg-It 2 GPM for 5 sec. slowly across the cilantro section,Use Fogg-It 0.5 GPM for 5 sec OR Fogg-It 2 GPM for 5 sec. slowly across the cilantro section,Use Fogg-It 0.5 GPM for 5 sec OR Fogg-It 2 GPM for 5 sec. slowly across the cilantro section,Use Fogg-It 0.5 GPM for 5 sec OR Fogg-It 2 GPM for 5 sec. slowly across the cilantro section,Use Fogg-It 0.5 GPM for 5 sec OR Fogg-It 2 GPM for 5 sec. slowly across the cilantro section,Use Fogg-It 0.5 GPM for 5 sec OR Fogg-It 2 GPM for 5 sec. slowly across the cilantro section
cilantro_002,< 45°F,76-100%,Partly Cloudy,Normal (3-7),Don't water,Don't water,Don't water,Don't water,Don't water,Don't water,Use Fogg-It 0.5 GPM for 5 sec OR Fogg-It 2 GPM for 5 sec. slowly across the cilantro section
cilantro_002,< 45°F,76-100%,Partly Cloudy,Wet (7-10),Don't water,Don't water,Don't water,Don't water,Don't water,Don't water,Don't water
cilantro_002,< 45°F,76-100%,Cloudy,Dry (0-3),Don't water,Don't water,Use Fogg-It 0.5 GPM for 5 sec OR Fogg-It 2 GPM for 5 sec. slowly across the cilantro section,Use Fogg-It 0.5 GPM for 5 sec OR Fogg-It 2 GPM for 5 sec. slowly across the cilantro section,Use Fogg-It 0.5 GPM for 5 sec OR Fogg-It 2 GPM for 5 sec. slowly across the cilantro section,Use Fogg-It 0.5 GPM for 5 sec OR Fogg-It 2 GPM for 5 sec. slowly across the cilantro section,Use Fogg-It 0.5 GPM for 5 sec OR Fogg-It 2 GPM for 5 sec. slowly across the cilantro section
cilantro_002,< 45°F,76-100%,Cloudy,Normal (3-7),Don't water,Don't water,Don't water,Don't water,Don't water,Don't water,Don't water
cilantro_002,< 45°F,76-100%,Cloudy,Wet (7-10),Don't water,Don't water,Don't water,Don't water,Don't water,Don't water,Don't water
garlic_001,< 32°F,0-25%,Sunny,Dry (0-3),Use Fogg-It 0.5 GPM for 5 sec OR Fogg-It 2 GPM for 5 sec. slowly in a ring (avoid crown),Use Fogg-It 0.5 GPM for 5 sec OR Fogg-It 2 GPM for 5 sec. slowly in a ring (avoid crown),Use Fogg-It 0.5 GPM for 5 sec OR Fogg-It 2 GPM for 5 sec. slowly in a ring (avoid crown),Use Fogg-It 0.5 GPM for 5 sec OR Fogg-It 2 GPM for 5 sec. slowly in a ring (avoid crown),Use Fogg-It 0.5 GPM for 10 sec OR Fogg-It 2 GPM for 5 sec. slowly in a ring (avoid crown),Use Fogg-It 0.5 GPM for 10 sec OR Fogg-It 2 GPM for 5 sec. slowly in a ring (avoid crown),Use Fogg-It 0.5 GPM for 10 sec OR Fogg-It 2 GPM for 5 sec. s slowly in a ring (avoid crown)
garlic_001,< 32°F,0-25%,Sunny,Normal (3-7),Don't water,Don't water,Use Fogg-It 0.5 GPM for 5 sec OR Fogg-It 2 GPM for 5 sec. slowly in a ring (avoid crown),Use Fogg-It 0.5 GPM for 5 sec OR Fogg-It 2 GPM for 5 sec. slowly in a ring (avoid crown),Use Fogg-It 0.5 GPM for 5 sec OR Fogg-It 2 GPM for 5 sec. slowly in a ring (avoid crown),Use Fogg-It 0.5 GPM for 5 sec OR Fogg-It 2 GPM for 5 sec. slowly in a ring (avoid crown),Use Fogg-It 0.5 GPM for 5 sec OR Fogg-It 2 GPM for 5 sec. slowly in a ring (avoid crown)
garlic_001,< 32°F,0-25%,Sunny,Wet (7-10),Don't water,Don't water,Don't water,Don't water,Don't water,Don't water,Don't water
garlic_001,< 32°F,0-25%,Partly Cloudy,Dry (0-3),Use Fogg-It 0.5 GPM for 5 sec OR Fogg-It 2 GPM for 5 sec. slowly in a ring (avoid crown),Use Fogg-It 0.5 GPM for 5 sec OR Fogg-It 2 GPM for 5 sec. slowly in a ring (avoid crown),Use Fogg-It 0.5 GPM for 5 sec OR Fogg-It 2 GPM for 5 sec. slowly in a ring (avoid crown),Use Fogg-It 0.5 GPM for 5 sec OR Fogg-It 2 GPM for 5 sec. slowly in a ring (avoid crown),Use Fogg-It 0.5 GPM for 5 sec OR Fogg-It 2 GPM for 5 sec. slowly in a ring (avoid crown),Use Fogg-It 0.5 GPM for 10 sec OR Fogg-It 2 GPM for 5 sec. slowly in a ring (avoid crown),Use Fogg-It 0.5 GPM for 10 sec OR Fogg-It 2 GPM for 5 sec. slowly in a ring (avoid crown)
garlic_001,< 32°F,0-25%,Partly Cloudy,Normal (3-7),Don't water,Don't water,Don't water,Use Fogg-It 0.5 GPM for 5 sec OR Fogg-It 2 GPM for 5 sec. slowly in a ring (avoid crown),Use Fogg-It 0.5 GPM for 5 sec OR Fogg-It 2 GPM for 5 sec. slowly in a ring (avoid crown),Use Fogg-It 0.5 GPM for 5 sec OR Fogg-It 2 GPM for 5 sec. slowly in a ring (avoid crown),Use Fogg-It 0.5 GPM for 5 sec OR Fogg-It 2 GPM for 5 sec. slowly in a ring (avoid crown)
garlic_001,< 32°F,0-25%,Partly Cloudy,Wet (7-10),Don't water,Don't water,Don't water,Don't water,Don't water,Don't water,Don't water
garlic_001,< 32°F,0-25%,Cloudy,Dry (0-3),Use Fogg-It 0.5 GPM for 5 sec OR Fogg-It 2 GPM for 5 sec. slowly in a ring (avoid crown),Use Fogg-It 0.5 GPM for 5 sec OR Fogg-It 2 GPM for 5 sec. slowly in a ring (avoid crown),Use Fogg-It 0.5 GPM for 5 sec OR Fogg-It 2 GPM for 5 sec. slowly in a ring (avoid crown),Use Fogg-It 0.5 GPM for 5 sec OR Fogg-It 2 GPM for 5 sec. slowly in a ring (avoid crown),Use Fogg-It 0.5 GPM for 5 sec OR Fogg-It 2 GPM for 5 sec. slowly in a ring (avoid crown),Use Fogg-It 0.5 GPM for 5 sec OR Fogg-It 2 GPM for 5 sec. slowly in a ring (avoid crown),Use Fogg-It 0.5 GPM for 10 sec OR Fogg-It 2 GPM for 5 sec. slowly in a ring (avoid crown)
garlic_001,< 32°F,0-25%,Cloudy,Normal (3-7),Don't water,Don't water,Don't water,Don't water,Use Fogg-It 0.5 GPM for 5 sec OR Fogg-It 2 GPM for 5 sec. slowly in a ring (avoid crown),Use Fogg-It 0.5 GPM for 5 sec OR Fogg-It 2 GPM for 5 sec. slowly in a ring (avoid crown),Use Fogg-It 0.5 GPM for 5 sec OR Fogg-It 2 GPM for 5 sec. slowly in a ring (avoid crown)
garlic_001,< 32°F,0-25%,Cloudy,Wet (7-10),Don't water,Don't water,Don't water,Don't water,Don't water,Don't water,Don't water
garlic_001,< 32°F,26-50%,Sunny,Dry (0-3),Use Fogg-It 0.5 GPM for 5 sec OR Fogg-It 2 GPM for 5 sec. slowly in a ring (avoid crown),Use Fogg-It 0.5 GPM for 5 sec OR Fogg-It 2 GPM for 5 sec. slowly in a ring (avoid crown),Use Fogg-It 0.5 GPM for 5 sec OR Fogg-It 2 GPM for 5 sec. slowly in a ring (avoid crown),Use Fogg-It 0.5 GPM for 5 sec OR Fogg-It 2 GPM for 5 sec. slowly in a ring (avoid crown),Use Fogg-It 0.5 GPM for 5 sec OR Fogg-It 2 GPM for 5 sec. slowly in a ring (avoid crown),Use Fogg-It 0.5 GPM for 5 sec OR Fogg-It 2 GPM for 5 sec. slowly in a ring (avoid crown),Use Fogg-It 0.5 GPM for 10 sec OR Fogg-It 2 GPM for 5 sec. slowly in a ring (avoid crown)
garlic_001,< 32°F,26-50%,Sunny,Normal (3-7),Don't water,Don't water,Don't water,Use Fogg-It 0.5 GPM for 5 sec OR Fogg-It 2 GPM for 5 sec. slowly in a ring (avoid crown),Use Fogg-It 0.5 GPM for 5 sec OR Fogg-It 2 GPM for 5 sec. slowly in a ring (avoid crown),Use Fogg-It 0.5 GPM for 5 sec OR Fogg-It 2 GPM for 5 sec. slowly in a ring (avoid crown),Use Fogg-It 0.5 GPM for 5 sec OR Fogg-It 2 GPM for 5 sec. slowly in a ring (avoid crown)
garlic_001,< 32°F,26-50%,Sunny,Wet (7-10),Don't water,Don't water,Don't water,Don't water,Don't water,Don't water,Don't water
garlic_001,< 32°F,26-50%,Partly Cloudy,Dry (0-3),Use Fogg-It 0.5 GPM for 5 sec OR Fogg-It 2 GPM for 5 sec. slowly in a ring (avoid crown),Use Fogg-It 0.5 GPM for 5 sec OR Fogg-It 2 GPM for 5 sec. slowly in a ring (avoid crown),Use Fogg-It 0.5 GPM for 5 sec OR Fogg-It 2 GPM for 5 sec. slowly in a ring (avoid crown),Use Fogg-It 0.5 GPM for 5 sec OR Fogg-It 2 GPM for 5 sec. slowly in a ring (avoid crown),Use Fogg-It 0.5 GPM for 5 sec OR Fogg-It 2 GPM for 5 sec. slowly in a ring (avoid crown),Use Fogg-It 0.5 GPM for 5 sec OR Fogg-It 2 GPM for 5 sec. slowly in a ring (avoid crown),Use Fogg-It 0.5 GPM for 5 sec OR Fogg-It 2 GPM for 5 sec. slowly in a ring (avoid crown)
garlic_001,< 32°F,26-50%,Partly Cloudy,Normal (3-7),Don't water,Don't water,Don't water,Don't water,Use Fogg-It 0.5 GPM for 5 sec OR Fogg-It 2 GPM for 5 sec. slowly in a ring (avoid crown),Use Fogg-It 0.5 GPM for 5 sec OR Fogg-It 2 GPM for 5 sec. slowly in a ring (avoid crown),Use Fogg-It 0.5 GPM for 5 sec OR Fogg-It 2 GPM for 5 sec. slowly in a ring (avoid crown)
garlic_001,< 32°F,26-50%,Partly Cloudy,Wet (7-10),Don't water,Don't water,Don't water,Don't water,Don't water,Don't water,Don't water
garlic_001,< 32°F,26-50%,Cloudy,Dry (0-3),Use Fogg-It 0.5 GPM for 5 sec OR Fogg-It 2 GPM for 5 sec. slowly in a ring (avoid crown),Use Fogg-It 0.5 GPM for 5 sec OR Fogg-It 2 GPM for 5 sec. slowly in a ring (avoid crown),Use Fogg-It 0.5 GPM for 5 sec OR Fogg-It 2 GPM for 5 sec. slowly in a ring (avoid crown),Use Fogg-It 0.5 GPM for 5 sec OR Fogg-It 2 GPM for 5 sec. slowly in a ring (avoid crown),Use Fogg-It 0.5 GPM for 5 sec OR Fogg-It 2 GPM for 5 sec. slowly in a ring (avoid crown),Use Fogg-It 0.5 GPM for 5 sec OR Fogg-It 2 GPM for 5 sec. slowly in a ring (avoid crown),Use Fogg-It 0.5 GPM for 5 sec OR Fogg-It 2 GPM for 5 sec. slowly in a ring (avoid crown)
garlic_001,< 32°F,26-50%,Cloudy,Normal (3-7),Don't water,Don't water,Don't water,Don't water,Don't water,Use Fogg-It 0.5 GPM for 5 sec OR Fogg-It 2 GPM for 5 sec. slowly in a ring (avoid crown),Use Fogg-It 0.5 GPM for 5 sec OR Fogg-It 2 GPM for 5 sec. slowly in a ring (avoid crown)
garlic_001,< 32°F,26-50%,Cloudy,Wet (7-10),Don't water,Don't water,Don't water,Don't water,Don't water,Don't water,Don't water
garlic_001,< 32°F,51-75%,Sunny,Dry (0-3),Don't water,Use Fogg-It 0.5 GPM for 5 sec OR Fogg-It 2 GPM for 5 sec. slowly in a ring (avoid crown),Use Fogg-It 0.5 GPM for 5 sec OR Fogg-It 2 GPM for 5 sec. slowly in a ring (avoid crown),Use Fogg-It 0.5 GPM for 5 sec OR Fogg-It 2 GPM for 5 sec. slowly in a ring (avoid crown),Use Fogg-It 0.5 GPM for 5 sec OR Fogg-It 2 GPM for 5 sec. slowly in a ring (avoid crown),Use Fogg-It 0.5 GPM for 5 sec OR Fogg-It 2 GPM for 5 sec. slowly in a ring (avoid crown),Use Fogg-It 0.5 GPM for 5 sec OR Fogg-It 2 GPM for 5 sec. slowly in a ring (avoid crown)
garlic_001,< 32°F,51-75%,Sunny,Normal (3-7),Don't water,Don't water,Don't water,Don't water,Use Fogg-It 0.5 GPM for 5 sec OR Fogg-It 2 GPM for 5 sec. slowly in a ring (avoid crown),Use Fogg-It 0.5 GPM for 5 sec OR Fogg-It 2 GPM for 5 sec. slowly in a ring (avoid crown),Use Fogg-It 0.5 GPM for 5 sec OR Fogg-It 2 GPM for 5 sec. slowly in a ring (avoid crown)
garlic_001,< 32°F,51-75%,Sunny,Wet (7-10),Don't water,Don't water,Don't water,Don't water,Don't water,Don't water,Don't water
garlic_001,< 32°F,51-75%,Partly Cloudy,Dry (0-3),Don't water,Don't water,Use Fogg-It 0.5 GPM for 5 sec OR Fogg-It 2 GPM for 5 sec. slowly in a ring (avoid crown),Use Fogg-It 0.5 GPM for 5 sec OR Fogg-It 2 GPM for 5 sec. slowly in a ring (avoid crown),Use Fogg-It 0.5 GPM for 5 sec OR Fogg-It 2 GPM for 5 sec. slowly in a ring (avoid crown),Use Fogg-It 0.5 GPM for 5 sec OR Fogg-It 2 GPM for 5 sec. slowly in a ring (avoid crown),Use Fogg-It 0.5 GPM for 5 sec OR Fogg-It 2 GPM for 5 sec. slowly in a ring (avoid crown)
garlic_001,< 32°F,51-75%,Partly Cloudy,Normal (3-7),Don't water,Don't water,Don't water,Don't water,Don't water,Use Fogg-It 0.5 GPM for 5 sec OR Fogg-It 2 GPM for 5 sec. slowly in a ring (avoid crown),Use Fogg-It 0.5 GPM for 5 sec OR Fogg-It 2 GPM for 5 sec. slowly in a ring (avoid crown)
garlic_001,< 32°F,51-75%,Partly Cloudy,Wet (7-10),Don't water,Don't water,Don't water,Don't water,Don't water,Don't water,Don't water
garlic_001,< 32°F,51-75%,Cloudy,Dry (0-3),Don't water,Don't water,Don't water,Use Fogg-It 0.5 GPM for 5 sec OR Fogg-It 2 GPM for 5 sec. slowly in a ring (avoid crown),Use Fogg-It 0.5 GPM for 5 sec OR Fogg-It 2 GPM for 5 sec. slowly in a ring (avoid crown),Use Fogg-It 0.5 GPM for 5 sec OR Fogg-It 2 GPM for 5 sec. slowly in a ring (avoid crown),Use Fogg-It 0.5 GPM for 5 sec OR Fogg-It 2 GPM for 5 sec. slowly in a ring (avoid crown)
garlic_001,< 32°F,51-75%,Cloudy,Normal (3-7),Don't water,Don't water,Don't water,Don't water,Don't water,Don't water,Use Fogg-It 0.5 GPM for 5 sec OR Fogg-It 2 GPM for 5 sec. slowly in a ring (avoid crown)
garlic_001,< 32°F,51-75%,Cloudy,Wet (7-10),Don't water,Don't water,Don't water,Don't water,Don't water,Don't water,Don't water
garlic_001,< 32°F,76-100%,Sunny,Dry (0-3),Don't water,Don't water,Use Fogg-It 0.5 GPM for 5 sec OR Fogg-It 2 GPM for 5 sec. slowly in a ring (avoid crown),Use Fogg-It 0.5 GPM for 5 sec OR Fogg-It 2 GPM for 5 sec. slowly in a ring (avoid crown),Use Fogg-It 0.5 GPM for 5 sec OR Fogg-It 2 GPM for 5 sec. slowly in a ring (avoid crown),Use Fogg-It 0.5 GPM for 5 sec OR Fogg-It 2 GPM for 5 sec. slowly in a ring (avoid crown),Use Fogg-It 0.5 GPM for 5 sec OR Fogg-It 2 GPM for 5 sec. slowly in a ring (avoid crown)
garlic_001,< 32°F,76-100%,Sunny,Normal (3-7),Don't water,Don't water,Don't water,Don't water,Don't water,Use Fogg-It 0.5 GPM for 5 sec OR Fogg-It 2 GPM for 5 sec. slowly in a ring (avoid crown),Use Fogg-It 0.5 GPM for 5 sec OR Fogg-It 2 GPM for 5 sec. slowly in a ring (avoid crown)
garlic_001,< 32°F,76-100%,Sunny,Wet (7-10),Don't water,Don't water,Don't water,Don't water,Don't water,Don't water,Don't water
garlic_001,< 32°F,76-100%,Partly Cloudy,Dry (0-3),Don't water,Don't water,Don't water,Use Fogg-It 0.5 GPM for 5 sec OR Fogg-It 2 GPM for 5 sec. slowly in a ring (avoid crown),Use Fogg-It 0.5 GPM for 5 sec OR Fogg-It 2 GPM for 5 sec. slowly in a ring (avoid crown),Use Fogg-It 0.5 GPM for 5 sec OR Fogg-It 2 GPM for 5 sec. slowly in a ring (avoid crown),Use Fogg-It 0.5 GPM for 5 sec OR Fogg-It 2 GPM for 5 sec. slowly in a ring (avoid crown)
garlic_001,< 32°F,76-100%,Partly Cloudy,Normal (3-7),Don't water,Don't water,Don't water,Don't water,Don't water,Don't water,Use Fogg-It 0.5 GPM for 5 sec OR Fogg-It 2 GPM for 5 sec. slowly in a ring (avoid crown)
garlic_001,< 32°F,76-100%,Partly Cloudy,Wet (7-10),Don't water,Don't water,Don't water,Don't water,Don't water,Don't water,Don't water
garlic_001,< 32°F,76-100%,Cloudy,Dry (0-3),Don't water,Don't water,Don't water,Don't water,Use Fogg-It 0.5 GPM for 5 sec OR Fogg-It 2 GPM for 5 sec. slowly in a ring (avoid crown),Use Fogg-It 0.5 GPM for 5 sec OR Fogg-It 2 GPM for 5 sec. slowly in a ring (avoid crown),Use Fogg-It 0.5 GPM for 5 sec OR Fogg-It 2 GPM for 5 sec. slowly in a ring (avoid crown)
garlic_001,< 32°F,76-100%,Cloudy,Normal (3-7),Don't water,Don't water,Don't water,Don't water,Don't water,Don't water,Don't water
garlic_001,< 32°F,76-100%,Cloudy,Wet (7-10),Don't water,Don't water,Don't water,Don't water,Don't water,Don't water,Don't water
garlic_003,< 32°F,0-25%,Sunny,Dry (0-3),Use Fogg-It 0.5 GPM for 5 sec OR Fogg-It 2 GPM for 5 sec. slowly in a ring (avoid crown),Use Fogg-It 0.5 GPM for 5 sec OR Fogg-It 2 GPM for 5 sec. slowly in a ring (avoid crown),Use Fogg-It 0.5 GPM for 5 sec OR Fogg-It 2 GPM for 5 sec. slowly in a ring (avoid crown),Use Fogg-It 0.5 GPM for 10 sec OR Fogg-It 2 GPM for 5 sec. slowly in a ring (avoid crown),Use Fogg-It 0.5 GPM for 10 sec OR Fogg-It 2 GPM for 5 sec. slowly in a ring (avoid crown),Use Fogg-It 0.5 GPM for 10 sec OR Fogg-It 2 GPM for 5 sec. s slowly in a ring (avoid crown),Use Fogg-It 0.5 GPM for 10 sec OR Fogg-It 2 GPM for 5 sec. s slowly in a ring (avoid crown)
garlic_003,< 32°F,0-25%,Sunny,Normal (3-7),Don't water,Don't water,Use Fogg-It 0.5 GPM for 5 sec OR Fogg-It 2 GPM for 5 sec. slowly in a ring (avoid crown),Use Fogg-It 0.5 GPM for 5 sec OR Fogg-It 2 GPM for 5 sec. slowly in a ring (avoid crown),Use Fogg-It 0.5 GPM for 5 sec OR Fogg-It 2 GPM for 5 sec. slowly in a ring (avoid crown),Use Fogg-It 0.5 GPM for 5 sec OR Fogg-It 2 GPM for 5 sec. slowly in a ring (avoid crown),Use Fogg-It 0.5 GPM for 5 sec OR Fogg-It 2 GPM for 5 sec. slowly in a ring (avoid crown)
garlic_003,< 32°F,0-25%,Sunny,Wet (7-10),Don't water,Don't water,Don't water,Don't water,Don't water,Don't water,Don't water
garlic_003,< 32°F,0-25%,Partly Cloudy,Dry (0-3),Use Fogg-It 0.5 GPM for 5 sec OR Fogg-It 2 GPM for 5 sec. slowly in a ring (avoid crown),Use Fogg-It 0.5 GPM for 5 sec OR Fogg-It 2 GPM for 5 sec. slowly in a ring (avoid crown),Use Fogg-It 0.5 GPM for 5 sec OR Fogg-It 2 GPM for 5 sec. slowly in a ring (avoid crown),Use Fogg-It 0.5 GPM for 5 sec OR Fogg-It 2 GPM for 5 sec. slowly in a ring (avoid crown),Use Fogg-It 0.5 GPM for 5 sec OR Fogg-It 2 GPM for 5 sec. slowly in a ring (avoid crown),Use Fogg-It 0.5 GPM for 10 sec OR Fogg-It 2 GPM for 5 sec. slowly in a ring (avoid crown),Use Fogg-It 0.5 GPM for 10 sec OR Fogg-It 2 GPM for 5 sec. slowly in a ring (avoid crown)
garlic_003,< 32°F,0-25%,Partly Cloudy,Normal (3-7),Don't water,Don't water,Don't water,Use Fogg-It 0.5 GPM for 5 sec OR Fogg-It 2 GPM for 5 sec. slowly in a ring (avoid crown),Use Fogg-It 0.5 GPM for 5 sec OR Fogg-It 2 GPM for 5 sec. slowly in a ring (avoid crown),Use Fogg-It 0.5 GPM for 5 sec OR Fogg-It 2 GPM for 5 sec. slowly in a ring (avoid crown),Use Fogg-It 0.5 GPM for 5 sec OR Fogg-It 2 GPM for 5 sec. slowly in a ring (avoid crown)
garlic_003,< 32°F,0-25%,Partly Cloudy,Wet (7-10),Don't water,Don't water,Don't water,Don't water,Don't water,Don't water,Don't water
garlic_003,< 32°F,0-25%,Cloudy,Dry (0-3),Use Fogg-It 0.5 GPM for 5 sec OR Fogg-It 2 GPM for 5 sec. slowly in a ring (avoid crown),Use Fogg-It 0.5 GPM for 5 sec OR Fogg-It 2 GPM for 5 sec. slowly in a ring (avoid crown),Use Fogg-It 0.5 GPM for 5 sec OR Fogg-It 2 GPM for 5 sec. slowly in a ring (avoid crown),Use Fogg-It 0.5 GPM for 5 sec OR Fogg-It 2 GPM for 5 sec. slowly in a ring (avoid crown),Use Fogg-It 0.5 GPM for 5 sec OR Fogg-It 2 GPM for 5 sec. slowly in a ring (avoid crown),Use Fogg-It 0.5 GPM for 5 sec OR Fogg-It 2 GPM for 5 sec. slowly in a ring (avoid crown),Use Fogg-It 0.5 GPM for 5 sec OR Fogg-It 2 GPM for 5 sec. slowly in a ring (avoid crown)
garlic_003,< 32°F,0-25%,Cloudy,Normal (3-7),Don't water,Don't water,Don't water,Don't water,Don't water,Use Fogg-It 0.5 GPM for 5 sec OR Fogg-It 2 GPM for 5 sec. slowly in a ring (avoid crown),Use Fogg-It 0.5 GPM for 5 sec OR Fogg-It 2 GPM for 5 sec. slowly in a ring (avoid crown)
garlic_003,< 32°F,0-25%,Cloudy,Wet (7-10),Don't water,Don't water,Don't water,Don't water,Don't water,Don't water,Don't water
garlic_003,< 32°F,26-50%,Sunny,Dry (0-3),Use Fogg-It 0.5 GPM for 5 sec OR Fogg-It 2 GPM for 5 sec. slowly in a ring (avoid crown),Use Fogg-It 0.5 GPM for 5 sec OR Fogg-It 2 GPM for 5 sec. slowly in a ring (avoid crown),Use Fogg-It 0.5 GPM for 5 sec OR Fogg-It 2 GPM for 5 sec. slowly in a ring (avoid crown),Use Fogg-It 0.5 GPM for 5 sec OR Fogg-It 2 GPM for 5 sec. slowly in a ring (avoid crown),Use Fogg-It 0.5 GPM for 5 sec OR Fogg-It 2 GPM for 5 sec. slowly in a ring (avoid crown),Use Fogg-It 0.5 GPM for 10 sec OR Fogg-It 2 GPM for 5 sec. slowly in a ring (avoid crown),Use Fogg-It 0.5 GPM for 10 sec OR Fogg-It 2 GPM for 5 sec. slowly in a ring (avoid crown)
garlic_003,< 32°F,26-50%,Sunny,Normal (3-7),Don't water,Don't water,Don't water,Use Fogg-It 0.5 GPM for 5 sec OR Fogg-It 2 GPM for 5 sec. slowly in a ring (avoid crown),Use Fogg-It 0.5 GPM for 5 sec OR Fogg-It 2 GPM for 5 sec. slowly in a ring (avoid crown),Use Fogg-It 0.5 GPM for 5 sec OR Fogg-It 2 GPM for 5 sec. slowly in a ring (avoid crown),Use Fogg-It 0.5 GPM for 5 sec OR Fogg-It 2 GPM for 5 sec. slowly in a ring (avoid crown)
garlic_003,< 32°F,26-50%,Sunny,Wet (7-10),Don't water,Don't water,Don't water,Don't water,Don't water,Don't water,Don't water
garlic_003,< 32°F,26-50%,Partly Cloudy,Dry (0-3),Use Fogg-It 0.5 GPM for 5 sec OR Fogg-It 2 GPM for 5 sec. slowly in a ring (avoid crown),Use Fogg-It 0.5 GPM for 5 sec OR Fogg-It 2 GPM for 5 sec. slowly in a ring (avoid crown),Use Fogg-It 0.5 GPM for 5 sec OR Fogg-It 2 GPM for 5 sec. slowly in a ring (avoid crown),Use Fogg-It 0.5 GPM for 5 sec OR Fogg-It 2 GPM for 5 sec. slowly in a ring (avoid crown),Use Fogg-It 0.5 GPM for 5 sec OR Fogg-It 2 GPM for 5 sec. slowly in a ring (avoid crown),Use Fogg-It 0.5 GPM for 5 sec OR Fogg-It 2 GPM for 5 sec. slowly in a ring (avoid crown),Use Fogg-It 0.5 GPM for 5 sec OR Fogg-It 2 GPM for 5 sec. slowly in a ring (avoid crown)
garlic_003,< 32°F,26-50%,Partly Cloudy,Normal (3-7),Don't water,Don't water,Don't water,Don't water,Don't water,Use Fogg-It 0.5 GPM for 5 sec OR Fogg-It 2 GPM for 5 sec. slowly in a ring (avoid crown),Use Fogg-It 0.5 GPM for 5 sec OR Fogg-It 2 GPM for 5 sec. slowly in a ring (avoid crown)
garlic_003,< 32°F,26-50%,Partly Cloudy,Wet (7-10),Don't water,Don't water,Don't water,Don't water,Don't water,Don't water,Don't water
garlic_003,< 32°F,26-50%,Cloudy,Dry (0-3),Use Fogg-It 0.5 GPM for 5 sec OR Fogg-It 2 GPM for 5 sec. slowly in a ring (avoid crown),Use Fogg-It 0.5 GPM for 5 sec OR Fogg-It 2 GPM for 5 sec. slowly in a ring (avoid crown),Use Fogg-It 0.5 GPM for 5 sec OR Fogg-It 2 GPM for 5 sec. slowly in a ring (avoid crown),Use Fogg-It 0.5 GPM for 5 sec OR Fogg-It 2 GPM for 5 sec. slowly in a ring (avoid crown),Use Fogg-It 0.5 GPM for 5 sec OR Fogg-It 2 GPM for 5 sec. slowly in a ring (avoid crown),Use Fogg-It 0.5 GPM for 5 sec OR Fogg-It 2 GPM for 5 sec. slowly in a ring (avoid crown),Use Fogg-It 0.5 GPM for 5 sec OR Fogg-It 2 GPM for 5 sec. slowly in a ring (avoid crown)
garlic_003,< 32°F,26-50%,Cloudy,Normal (3-7),Don't water,Don't water,Don't water,Don't water,Don't water,Don't water,Use Fogg-It 0.5 GPM for 5 sec OR Fogg-It 2 GPM for 5 sec. slowly in a ring (avoid crown)
garlic_003,< 32°F,26-50%,Cloudy,Wet (7-10),Don't water,Don't water,Don't water,Don't water,Don't water,Don't water,Don't water
garlic_003,< 32°F,51-75%,Sunny,Dry (0-3),Don't water,Use Fogg-It 0.5 GPM for 5 sec OR Fogg-It 2 GPM for 5 sec. slowly in a ring (avoid crown),Use Fogg-It 0.5 GPM for 5 sec OR Fogg-It 2 GPM for 5 sec. slowly in a ring (avoid crown),Use Fogg-It 0.5 GPM for 5 sec OR Fogg-It 2 GPM for 5 sec. slowly in a ring (avoid crown),Use Fogg-It 0.5 GPM for 5 sec OR Fogg-It 2 GPM for 5 sec. slowly in a ring (avoid crown),Use Fogg-It 0.5 GPM for 5 sec OR Fogg-It 2 GPM for 5 sec. slowly in a ring (avoid crown),Use Fogg-It 0.5 GPM for 5 sec OR Fogg-It 2 GPM for 5 sec. slowly in a ring (avoid crown)
garlic_003,< 32°F,51-75%,Sunny,Normal (3-7),Don't water,Don't water,Don't water,Don't water,Use Fogg-It 0.5 GPM for 5 sec OR Fogg-It 2 GPM for 5 sec. slowly in a ring (avoid crown),Use Fogg-It 0.5 GPM for 5 sec OR Fogg-It 2 GPM for 5 sec. slowly in a ring (avoid crown),Use Fogg-It 0.5 GPM for 5 sec OR Fogg-It 2 GPM for 5 sec. slowly in a ring (avoid crown)
garlic_003,< 32°F,51-75%,Sunny,Wet (7-10),Don't water,Don't water,Don't water,Don't water,Don't water,Don't water,Don't water
garlic_003,< 32°F,51-75%,Partly Cloudy,Dry (0-3),Don't water,Use Fogg-It 0.5 GPM for 5 sec OR Fogg-It 2 GPM for 5 sec. slowly in a ring (avoid crown),Use Fogg-It 0.5 GPM for 5 sec OR Fogg-It 2 GPM for 5 sec. slowly in a ring (avoid crown),Use Fogg-It 0.5 GPM for 5 sec OR Fogg-It 2 GPM for 5 sec. slowly in a ring (avoid crown),Use Fogg-It 0.5 GPM for 5 sec OR Fogg-It 2 GPM for 5 sec. slowly in a ring (avoid crown),Use Fogg-It 0.5 GPM for 5 sec OR Fogg-It 2 GPM for 5 sec. slowly in a ring (avoid crown),Use Fogg-It 0.5 GPM for 5 sec OR Fogg-It 2 GPM for 5 sec. slowly in a ring (avoid crown)
garlic_003,< 32°F,51-75%,Partly Cloudy,Normal (3-7),Don't water,Don't water,Don't water,Don't water,Don't water,Use Fogg-It 0.5 GPM for 5 sec OR Fogg-It 2 GPM for 5 sec. slowly in a ring (avoid crown),Use Fogg-It 0.5 GPM for 5 sec OR Fogg-It 2 GPM for 5 sec. slowly in a ring (avoid crown)
garlic_003,< 32°F,51-75%,Partly Cloudy,Wet (7-10),Don't water,Don't water,Don't water,Don't water,Don't water,Don't water,Don't water
garlic_003,< 32°F,51-75%,Cloudy,Dry (0-3),Don't water,Don't water,Use Fogg-It 0.5 GPM for 5 sec OR Fogg-It 2 GPM for 5 sec. slowly in a ring (avoid crown),Use Fogg-It 0.5 GPM for 5 sec OR Fogg-It 2 GPM for 5 sec. slowly in a ring (avoid crown),Use Fogg-It 0.5 GPM for 5 sec OR Fogg-It 2 GPM for 5 sec. slowly in a ring (avoid crown),Use Fogg-It 0.5 GPM for 5 sec OR Fogg-It 2 GPM for 5 sec. slowly in a ring (avoid crown),Use Fogg-It 0.5 GPM for 5 sec OR Fogg-It 2 GPM for 5 sec. slowly in a ring (avoid crown)
garlic_003,< 32°F,51-75%,Cloudy,Normal (3-7),Don't water,Don't water,Don't water,Don't water,Don't water,Don't water,Use Fogg-It 0.5 GPM for 5 sec OR Fogg-It 2 GPM for 5 sec. slowly in a ring (avoid crown)
garlic_003,< 32°F,51-75%,Cloudy,Wet (7-10),Don't water,Don't water,Don't water,Don't water,Don't water,Don't water,Don't water
garlic_003,< 32°F,76-100%,Sunny,Dry (0-3),Don't water,Don't water,Use Fogg-It 0.5 GPM for 5 sec OR Fogg-It 2 GPM for 5 sec. slowly in a ring (avoid crown),Use Fogg-It 0.5 GPM for 5 sec OR Fogg-It 2 GPM for 5 sec. slowly in a ring (avoid crown),Use Fogg-It 0.5 GPM for 5 sec OR Fogg-It 2 GPM for 5 sec. slowly in a ring (avoid crown),Use Fogg-It 0.5 GPM for 5 sec OR Fogg-It 2 GPM for 5 sec. slowly in a ring (avoid crown),Use Fogg-It 0.5 GPM for 5 sec OR Fogg-It 2 GPM for 5 sec. slowly in a ring (avoid crown)
garlic_003,< 32°F,76-100%,Sunny,Normal (3-7),Don't water,Don't water,Don't water,Don't water,Don't water,Use Fogg-It 0.5 GPM for 5 sec OR Fogg-It 2 GPM for 5 sec. slowly in a ring (avoid crown),Use Fogg-It 0.5 GPM for 5 sec OR Fogg-It 2 GPM for 5 sec. slowly in a ring (avoid crown)
garlic_003,< 32°F,76-100%,Sunny,Wet (7-10),Don't water,Don't water,Don't water,Don't water,Don't water,Don't water,Don't water
garlic_003,< 32°F,76-100%,Partly Cloudy,Dry (0-3),Don't water,Don't water,Don't water,Use Fogg-It 0.5 GPM for 5 sec OR Fogg-It 2 GPM for 5 sec. slowly in a ring (avoid crown),Use Fogg-It 0.5 GPM for 5 sec OR Fogg-It 2 GPM for 5 sec. slowly in a ring (avoid crown),Use Fogg-It 0.5 GPM for 5 sec OR Fogg-It 2 GPM for 5 sec. slowly in a ring (avoid crown),Use Fogg-It 0.5 GPM for 5 sec OR Fogg-It 2 GPM for 5 sec. slowly in a ring (avoid crown)
garlic_003,< 32°F,76-100%,Partly Cloudy,Normal (3-7),Don't water,Don't water,Don't water,Don't water,Don't water,Don't water,Use Fogg-It 0.5 GPM for 5 sec OR Fogg-It 2 GPM for 5 sec. slowly in a ring (avoid crown)
garlic_003,< 32°F,76-100%,Partly Cloudy,Wet (7-10),Don't water,Don't water,Don't water,Don't water,Don't water,Don't water,Don't water
garlic_003,< 32°F,76-100%,Cloudy,Dry (0-3),Don't water,Don't water,Don't water,Don't water,Use Fogg-It 0.5 GPM for 5 sec OR Fogg-It 2 GPM for 5 sec. slowly in a ring (avoid crown),Use Fogg-It 0.5 GPM for 5 sec OR Fogg-It 2 GPM for 5 sec. slowly in a ring (avoid crown),Use Fogg-It 0.5 GPM for 5 sec OR Fogg-It 2 GPM for 5 sec. slowly in a ring (avoid crown)
garlic_003,< 32°F,76-100%,Cloudy,Normal (3-7),Don't water,Don't water,Don't water,Don't water,Don't water,Don't water,Don't water
garlic_003,< 32°F,76-100%,Cloudy,Wet (7-10),Don't water,Don't water,Don't water,Don't water,Don't water,Don't water,Don't water
green_beans_001,< 38°F,0-25%,Sunny,Dry (0-3),Use Fogg-It 0.5 GPM for 5 sec OR Fogg-It 2 GPM for 5 sec. slowly around base,Use Fogg-It 0.5 GPM for 5 sec OR Fogg-It 2 GPM for 5 sec. slowly around base,Use Fogg-It 0.5 GPM for 10 sec OR Fogg-It 2 GPM for 5 sec. slowly around base,Use Fogg-It 0.5 GPM for 10 sec OR Fogg-It 2 GPM for 5 sec. s slowly around base,Use Fogg-It 0.5 GPM for 15 sec OR Fogg-It 2 GPM for 5 sec. slowly around base,Use Fogg-It 0.5 GPM for 30 sec OR Fogg-It 2 GPM for 10 sec. slowly around base,Use Fogg-It 0.5 GPM for 45 sec OR Fogg-It 2 GPM for 10 sec. s slowly around base
green_beans_001,< 38°F,0-25%,Sunny,Normal (3-7),Don't water,Use Fogg-It 0.5 GPM for 5 sec OR Fogg-It 2 GPM for 5 sec. slowly around base,Use Fogg-It 0.5 GPM for 5 sec OR Fogg-It 2 GPM for 5 sec. slowly around base,Use Fogg-It 0.5 GPM for 10 sec OR Fogg-It 2 GPM for 5 sec. slowly around base,Use Fogg-It 0.5 GPM for 10 sec OR Fogg-It 2 GPM for 5 sec. s slowly around base,Use Fogg-It 0.5 GPM for 15 sec OR Fogg-It 2 GPM for 5 sec. slowly around base,Use Fogg-It 0.5 GPM for 30 sec OR Fogg-It 2 GPM for 10 sec. slowly around base
green_beans_001,< 38°F,0-25%,Sunny,Wet (7-10),Don't water,Don't water,Don't water,Don't water,Don't water,Don't water,Don't water
green_beans_001,< 38°F,0-25%,Partly Cloudy,Dry (0-3),Use Fogg-It 0.5 GPM for 5 sec OR Fogg-It 2 GPM for 5 sec. slowly around base,Use Fogg-It 0.5 GPM for 5 sec OR Fogg-It 2 GPM for 5 sec. slowly around base,Use Fogg-It 0.5 GPM for 5 sec OR Fogg-It 2 GPM for 5 sec. slowly around base,Use Fogg-It 0.5 GPM for 10 sec OR Fogg-It 2 GPM for 5 sec. slowly around base,Use Fogg-It 0.5 GPM for 10 sec OR Fogg-It 2 GPM for 5 sec. s slowly around base,Use Fogg-It 0.5 GPM for 15 sec OR Fogg-It 2 GPM for 5 sec. slowly around base,Use Fogg-It 0.5 GPM for 30 sec OR Fogg-It 2 GPM for 10 sec. slowly around base
green_beans_001,< 38°F,0-25%,Partly Cloudy,Normal (3-7),Don't water,Don't water,Use Fogg-It 0.5 GPM for 5 sec OR Fogg-It 2 GPM for 5 sec. slowly around base,Use Fogg-It 0.5 GPM for 5 sec OR Fogg-It 2 GPM for 5 sec. slowly around base,Use Fogg-It 0.5 GPM for 10 sec OR Fogg-It 2 GPM for 5 sec. slowly around base,Use Fogg-It 0.5 GPM for 10 sec OR Fogg-It 2 GPM for 5 sec. s slowly around base,Use Fogg-It 0.5 GPM for 15 sec OR Fogg-It 2 GPM for 5 sec. slowly around base
green_beans_001,< 38°F,0-25%,Partly Cloudy,Wet (7-10),Don't water,Don't water,Don't water,Don't water,Don't water,Don't water,Don't water
green_beans_001,< 38°F,0-25%,Cloudy,Dry (0-3),Use Fogg-It 0.5 GPM for 5 sec OR Fogg-It 2 GPM for 5 sec. slowly around base,Use Fogg-It 0.5 GPM for 5 sec OR Fogg-It 2 GPM for 5 sec. slowly around base,Use Fogg-It 0.5 GPM for 5 sec OR Fogg-It 2 GPM for 5 sec. slowly around base,Use Fogg-It 0.5 GPM for 5 sec OR Fogg-It 2 GPM for 5 sec. slowly around base,Use Fogg-It 0.5 GPM for 10 sec OR Fogg-It 2 GPM for 5 sec. slowly around base,Use Fogg-It 0.5 GPM for 10 sec OR Fogg-It 2 GPM for 5 sec. s slowly around base,Use Fogg-It 0.5 GPM for 15 sec OR Fogg-It 2 GPM for 5 sec. slowly around base
green_beans_001,< 38°F,0-25%,Cloudy,Normal (3-7),Don't water,Don't water,Don't water,Use Fogg-It 0.5 GPM for 5 sec OR Fogg-It 2 GPM for 5 sec. slowly around base,Use Fogg-It 0.5 GPM for 5 sec OR Fogg-It 2 GPM for 5 sec. slowly around base,Use Fogg-It 0.5 GPM for 10 sec OR Fogg-It 2 GPM for 5 sec. slowly around base,Use Fogg-It 0.5 GPM for 10 sec OR Fogg-It 2 GPM for 5 sec. s slowly around base
green_beans_001,< 38°F,0-25%,Cloudy,Wet (7-10),Don't water,Don't water,Don't water,Don't water,Don't water,Don't water,Don't water
green_beans_001,< 38°F,26-50%,Sunny,Dry (0-3),Use Fogg-It 0.5 GPM for 5 sec OR Fogg-It 2 GPM for 5 sec. slowly around base,Use Fogg-It 0.5 GPM for 5 sec OR Fogg-It 2 GPM for 5 sec. slowly around base,Use Fogg-It 0.5 GPM for 5 sec OR Fogg-It 2 GPM for 5 sec. slowly around base,Use Fogg-It 0.5 GPM for 10 sec OR Fogg-It 2 GPM for 5 sec. slowly around base,Use Fogg-It 0.5 GPM for 10 sec OR Fogg-It 2 GPM for 5 sec. s slowly around base,Use Fogg-It 0.5 GPM for 15 sec OR Fogg-It 2 GPM for 5 sec. slowly around base,Use Fogg-It 0.5 GPM for 30 sec OR Fogg-It 2 GPM for 10 sec. slowly around base
green_beans_001,< 38°F,26-50%,Sunny,Normal (3-7),Don't water,Don't water,Use Fogg-It 0.5 GPM for 5 sec OR Fogg-It 2 GPM for 5 sec. slowly around base,Use Fogg-It 0.5 GPM for 5 sec OR Fogg-It 2 GPM for 5 sec. slowly around base,Use Fogg-It 0.5 GPM for 10 sec OR Fogg-It 2 GPM for 5 sec. slowly around base,Use Fogg-It 0.5 GPM for 10 sec OR Fogg-It 2 GPM for 5 sec. s slowly around base,Use Fogg-It 0.5 GPM for 15 sec OR Fogg-It 2 GPM for 5 sec. slowly around base
green_beans_001,< 38°F,26-50%,Sunny,Wet (7-10),Don't water,Don't water,Don't water,Don't water,Don't water,Don't water,Don't water
green_beans_001,< 38°F,26-50%,Partly Cloudy,Dry (0-3),Use Fogg-It 0.5 GPM for 5 sec OR Fogg-It 2 GPM for 5 sec. slowly around base,Use Fogg-It 0.5 GPM for 5 sec OR Fogg-It 2 GPM for 5 sec. slowly around base,Use Fogg-It 0.5 GPM for 5 sec OR Fogg-It 2 GPM for 5 sec. slowly around base,Use Fogg-It 0.5 GPM for 5 sec OR Fogg-It 2 GPM for 5 sec. slowly around base,Use Fogg-It 0.5 GPM for 10 sec OR Fogg-It 2 GPM for 5 sec. slowly around base,Use Fogg-It 0.5 GPM for 10 sec OR Fogg-It 2 GPM for 5 sec. s slowly around base,Use Fogg-It 0.5 GPM for 15 sec OR Fogg-It 2 GPM for 5 sec. slowly around base
green_beans_001,< 38°F,26-50%,Partly Cloudy,Normal (3-7),Don't water,Don't water,Don't water,Use Fogg-It 0.5 GPM for 5 sec OR Fogg-It 2 GPM for 5 sec. slowly around base,Use Fogg-It 0.5 GPM for 5 sec OR Fogg-It 2 GPM for 5 sec. slowly around base,Use Fogg-It 0.5 GPM for 10 sec OR Fogg-It 2 GPM for 5 sec. slowly around base,Use Fogg-It 0.5 GPM for 10 sec OR Fogg-It 2 GPM for 5 sec. s slowly around base
green_beans_001,< 38°F,26-50%,Partly Cloudy,Wet (7-10),Don't water,Don't water,Don't water,Don't water,Don't water,Don't water,Don't water
green_beans_001,< 38°F,26-50%,Cloudy,Dry (0-3),Use Fogg-It 0.5 GPM for 5 sec OR Fogg-It 2 GPM for 5 sec. slowly around base,Use Fogg-It 0.5 GPM for 5 sec OR Fogg-It 2 GPM for 5 sec. slowly around base,Use Fogg-It 0.5 GPM for 5 sec OR Fogg-It 2 GPM for 5 sec. slowly around base,Use Fogg-It 0.5 GPM for 5 sec OR Fogg-It 2 GPM for 5 sec. slowly around base,Use Fogg-It 0.5 GPM for 5 sec OR Fogg-It 2 GPM for 5 sec. slowly around base,Use Fogg-It 0.5 GPM for 10 sec OR Fogg-It 2 GPM for 5 sec. slowly around base,Use Fogg-It 0.5 GPM for 10 sec OR Fogg-It 2 GPM for 5 sec. s slowly around base
green_beans_001,< 38°F,26-50%,Cloudy,Normal (3-7),Don't water,Don't water,Don't water,Don't water,Use Fogg-It 0.5 GPM for 5 sec OR Fogg-It 2 GPM for 5 sec. slowly around base,Use Fogg-It 0.5 GPM for 5 sec OR Fogg-It 2 GPM for 5 sec. slowly around base,Use Fogg-It 0.5 GPM for 10 sec OR Fogg-It 2 GPM for 5 sec. slowly around base
green_beans_001,< 38°F,26-50%,Cloudy,Wet (7-10),Don't water,Don't water,Don't water,Don't water,Don't water,Don't water,Don't water
green_beans_001,< 38°F,51-75%,Sunny,Dry (0-3),Use Fogg-It 0.5 GPM for 5 sec OR Fogg-It 2 GPM for 5 sec. slowly around base,Use Fogg-It 0.5 GPM for 5 sec OR Fogg-It 2 GPM for 5 sec. slowly around base,Use Fogg-It 0.5 GPM for 5 sec OR Fogg-It 2 GPM for 5 sec. slowly around base,Use Fogg-It 0.5 GPM for 10 sec OR Fogg-It 2 GPM for 5 sec. slowly around base,Use Fogg-It 0.5 GPM for 15 sec OR Fogg-It 2 GPM for 5 sec. slowly around base,Use Fogg-It 0.5 GPM for 30 sec OR Fogg-It 2 GPM for 10 sec. slowly around base,Use Fogg-It 0.5 GPM for 45 sec OR Fogg-It 2 GPM for 10 sec. s slowly around base
green_beans_001,< 38°F,51-75%,Sunny,Normal (3-7),Don't water,Don't water,Use Fogg-It 0.5 GPM for 5 sec OR Fogg-It 2 GPM for 5 sec. slowly around base,Use Fogg-It 0.5 GPM for 5 sec OR Fogg-It 2 GPM for 5 sec. slowly around base,Use Fogg-It 0.5 GPM for 5 sec OR Fogg-It 2 GPM for 5 sec. slowly around base,Use Fogg-It 0.5 GPM for 10 sec OR Fogg-It 2 GPM for 5 sec. slowly around base,Use Fogg-It 0.5 GPM for 15 sec OR Fogg-It 2 GPM for 5 sec. slowly around base
green_beans_001,< 38°F,51-75%,Sunny,Wet (7-10),Don't water,Don't water,Don't water,Don't water,Don't water,Don't water,Don't water
green_beans_001,< 38°F,51-75%,Partly Cloudy,Dry (0-3),Use Fogg-It 0.5 GPM for 5 sec OR Fogg-It 2 GPM for 5 sec. slowly around base,Use Fogg-It 0.5 GPM for 5 sec OR Fogg-It 2 GPM for 5 sec. slowly around base,Use Fogg-It 0.5 GPM for 5 sec OR Fogg-It 2 GPM for 5 sec. slowly around base,Use Fogg-It 0.5 GPM for 5 sec OR Fogg-It 2 GPM for 5 sec. slowly around base,Use Fogg-It 0.5 GPM for 10 sec OR Fogg-It 2 GPM for 5 sec. slowly around base,Use Fogg-It 0.5 GPM for 10 sec OR Fogg-It 2 GPM for 5 sec. s slowly around base,Use Fogg-It 0.5 GPM for 15 sec OR Fogg-It 2 GPM for 5 sec. slowly around base
green_beans_001,< 38°F,51-75%,Partly Cloudy,Normal (3-7),Don't water,Don't water,Don't water,Use Fogg-It 0.5 GPM for 5 sec OR Fogg-It 2 GPM for 5 sec. slowly around base,Use Fogg-It 0.5 GPM for 5 sec OR Fogg-It 2 GPM for 5 sec. slowly around base,Use Fogg-It 0.5 GPM for 5 sec OR Fogg-It 2 GPM for 5 sec. slowly around base,Use Fogg-It 0.5 GPM for 10 sec OR Fogg-It 2 GPM for 5 sec. slowly around base
green_beans_001,< 38°F,51-75%,Partly Cloudy,Wet (7-10),Don't water,Don't water,Don't water,Don't water,Don't water,Don't water,Don't water
green_beans_001,< 38°F,51-75%,Cloudy,Dry (0-3),Use Fogg-It 0.5 GPM for 5 sec OR Fogg-It 2 GPM for 5 sec. slowly around base,Use Fogg-It 0.5 GPM for 5 sec OR Fogg-It 2 GPM for 5 sec. slowly around base,Use Fogg-It 0.5 GPM for 5 sec OR Fogg-It 2 GPM for 5 sec. slowly around base,Use Fogg-It 0.5 GPM for 5 sec OR Fogg-It 2 GPM for 5 sec. slowly around base,Use Fogg-It 0.5 GPM for 5 sec OR Fogg-It 2 GPM for 5 sec. slowly around base,Use Fogg-It 0.5 GPM for 10 sec OR Fogg-It 2 GPM for 5 sec. slowly around base,Use Fogg-It 0.5 GPM for 10 sec OR Fogg-It 2 GPM for 5 sec. s slowly around base
green_beans_001,< 38°F,51-75%,Cloudy,Normal (3-7),Don't water,Don't water,Don't water,Don't water,Use Fogg-It 0.5 GPM for 5 sec OR Fogg-It 2 GPM for 5 sec. slowly around base,Use Fogg-It 0.5 GPM for 5 sec OR Fogg-It 2 GPM for 5 sec. slowly around base,Use Fogg-It 0.5 GPM for 5 sec OR Fogg-It 2 GPM for 5 sec. slowly around base
green_beans_001,< 38°F,51-75%,Cloudy,Wet (7-10),Don't water,Don't water,Don't water,Don't water,Don't water,Don't water,Don't water
green_beans_001,< 38°F,76-100%,Sunny,Dry (0-3),Use Fogg-It 0.5 GPM for 5 sec OR Fogg-It 2 GPM for 5 sec. slowly around base,Use Fogg-It 0.5 GPM for 5 sec OR Fogg-It 2 GPM for 5 sec. slowly around base,Use Fogg-It 0.5 GPM for 5 sec OR Fogg-It 2 GPM for 5 sec. slowly around base,Use Fogg-It 0.5 GPM for 5 sec OR Fogg-It 2 GPM for 5 sec. slowly around base,Use Fogg-It 0.5 GPM for 10 sec OR Fogg-It 2 GPM for 5 sec. slowly around base,Use Fogg-It 0.5 GPM for 10 sec OR Fogg-It 2 GPM for 5 sec. s slowly around base,Use Fogg-It 0.5 GPM for 15 sec OR Fogg-It 2 GPM for 5 sec. slowly around base
green_beans_001,< 38°F,76-100%,Sunny,Normal (3-7),Don't water,Don't water,Don't water,Use Fogg-It 0.5 GPM for 5 sec OR Fogg-It 2 GPM for 5 sec. slowly around base,Use Fogg-It 0.5 GPM for 5 sec OR Fogg-It 2 GPM for 5 sec. slowly around base,Use Fogg-It 0.5 GPM for 5 sec OR Fogg-It 2 GPM for 5 sec. slowly around base,Use Fogg-It 0.5 GPM for 10 sec OR Fogg-It 2 GPM for 5 sec. slowly around base
green_beans_001,< 38°F,76-100%,Sunny,Wet (7-10),Don't water,Don't water,Don't water,Don't water,Don't water,Don't water,Don't water
green_beans_001,< 38°F,76-100%,Partly Cloudy,Dry (0-3),Use Fogg-It 0.5 GPM for 5 sec OR Fogg-It 2 GPM for 5 sec. slowly around base,Use Fogg-It 0.5 GPM for 5 sec OR Fogg-It 2 GPM for 5 sec. slowly around base,Use Fogg-It 0.5 GPM for 5 sec OR Fogg-It 2 GPM for 5 sec. slowly around base,Use Fogg-It 0.5 GPM for 5 sec OR Fogg-It 2 GPM for 5 sec. slowly around base,Use Fogg-It 0.5 GPM for 5 sec OR Fogg-It 2 GPM for 5 sec. slowly around base,Use Fogg-It 0.5 GPM for 10 sec OR Fogg-It 2 GPM for 5 sec. slowly around base,Use Fogg-It 0.5 GPM for 10 sec OR Fogg-It 2 GPM for 5 sec. s slowly around base
green_beans_001,< 38°F,76-100%,Partly Cloudy,Normal (3-7),Don't water,Don't water,Don't water,Don't water,Use Fogg-It 0.5 GPM for 5 sec OR Fogg-It 2 GPM for 5 sec. slowly around base,Use Fogg-It 0.5 GPM for 5 sec OR Fogg-It 2 GPM for 5 sec. slowly around base,Use Fogg-It 0.5 GPM for 5 sec OR Fogg-It 2 GPM for 5 sec. slowly around base
green_beans_001,< 38°F,76-100%,Partly Cloudy,Wet (7-10),Don't water,Don't water,Don't water,Don't water,Don't water,Don't water,Don't water
green_beans_001,< 38°F,76-100%,Cloudy,Dry (0-3),Use Fogg-It 0.5 GPM for 5 sec OR Fogg-It 2 GPM for 5 sec. slowly around base,Use Fogg-It 0.5 GPM for 5 sec OR Fogg-It 2 GPM for 5 sec. slowly around base,Use Fogg-It 0.5 GPM for 5 sec OR Fogg-It 2 GPM for 5 sec. slowly around base,Use Fogg-It 0.5 GPM for 5 sec OR Fogg-It 2 GPM for 5 sec. slowly around base,Use Fogg-It 0.5 GPM for 5 sec OR Fogg-It 2 GPM for 5 sec. slowly around base,Use Fogg-It 0.5 GPM for 5 sec OR Fogg-It 2 GPM for 5 sec. slowly around base,Use Fogg-It 0.5 GPM for 10 sec OR Fogg-It 2 GPM for 5 sec. slowly around base
green_beans_001,< 38°F,76-100%,Cloudy,Normal (3-7),Don't water,Don't water,Don't water,Don't water,Don't water,Use Fogg-It 0.5 GPM for 5 sec OR Fogg-It 2 GPM for 5 sec. slowly around base,Use Fogg-It 0.5 GPM for 5 sec OR Fogg-It 2 GPM for 5 sec. slowly around base
green_beans_001,< 38°F,76-100%,Cloudy,Wet (7-10),Don't water,Don't water,Don't water,Don't water,Don't water,Don't water,Don't water
mum_002,< 40°F,0-25%,Sunny,Dry (0-3),Use Fogg-It 0.5 GPM for 15 sec OR Fogg-It 2 GPM for 5 sec. slowly around the outer edge of the pot,Use Fogg-It 0.5 GPM for 15 sec OR Fogg-It 2 GPM for 5 sec. slowly around the outer edge of the pot,Use Fogg-It 0.5 GPM for 30 sec OR Fogg-It 2 GPM for 10 sec. slowly around the outer edge of the pot,Use Fogg-It 0.5 GPM for 45 sec OR Fogg-It 2 GPM for 10 sec. s slowly around the outer edge of the pot,Use Fogg-It 0.5 GPM for 45 sec OR Fogg-It 2 GPM for 10 sec. s slowly around the outer edge of the pot,Use Fogg-It 0.5 GPM for 4 min OR Fogg-It 2 GPM for 1 min. s slowly around the outer edge of the pot,Use Fogg-It 0.5 GPM for 4 min OR Fogg-It 2 GPM for 1 min. s slowly around the outer edge of the pot
mum_002,< 40°F,0-25%,Sunny,Normal (3-7),Don't water,Use Fogg-It 0.5 GPM for 5 sec OR Fogg-It 2 GPM for 5 sec. slowly around the outer edge of the pot,Use Fogg-It 0.5 GPM for 5 sec OR Fogg-It 2 GPM for 5 sec. slowly around the outer edge of the pot,Use Fogg-It 0.5 GPM for 10 sec OR Fogg-It 2 GPM for 5 sec. slowly around the outer edge of the pot,Use Fogg-It 0.5 GPM for 10 sec OR Fogg-It 2 GPM for 5 sec. s slowly around the outer edge of the pot,Use Fogg-It 0.5 GPM for 15 sec OR Fogg-It 2 GPM for 5 sec. slowly around the outer edge of the pot,Use Fogg-It 0.5 GPM for 30 sec OR Fogg-It 2 GPM for 10 sec. slowly around the outer edge of the pot
mum_002,< 40°F,0-25%,Sunny,Wet (7-10),Don't water,Don't water,Don't water,Don't water,Don't water,Don't water,Don't water
mum_002,< 40°F,0-25%,Partly Cloudy,Dry (0-3),Use Fogg-It 0.5 GPM for 15 sec OR Fogg-It 2 GPM for 5 sec. slowly around the outer edge of the pot,Use Fogg-It 0.5 GPM for 15 sec OR Fogg-It 2 GPM for 5 sec. slowly around the outer edge of the pot,Use Fogg-It 0.5 GPM for 15 sec OR Fogg-It 2 GPM for 5 sec. slowly around the outer edge of the pot,Use Fogg-It 0.5 GPM for 30 sec OR Fogg-It 2 GPM for 10 sec. slowly around the outer edge of the pot,Use Fogg-It 0.5 GPM for 45 sec OR Fogg-It 2 GPM for 10 sec. s slowly around the outer edge of the pot,Use Fogg-It 0.5 GPM for 45 sec OR Fogg-It 2 GPM for 10 sec. s slowly around the outer edge of the pot,Use Fogg-It 0.5 GPM for 4 min OR Fogg-It 2 GPM for 1 min. s slowly around the outer edge of the pot
mum_002,< 40°F,0-25%,Partly Cloudy,Normal (3-7),Don't water,Don't water,Use Fogg-It 0.5 GPM for 5 sec OR Fogg-It 2 GPM for 5 sec. slowly around the outer edge of the pot,Use Fogg-It 0.5 GPM for 5 sec OR Fogg-It 2 GPM for 5 sec. slowly around the outer edge of the pot,Use Fogg-It 0.5 GPM for 10 sec OR Fogg-It 2 GPM for 5 sec. slowly around the outer edge of the pot,Use Fogg-It 0.5 GPM for 10 sec OR Fogg-It 2 GPM for 5 sec. s slowly around the outer edge of the pot,Use Fogg-It 0.5 GPM for 15 sec OR Fogg-It 2 GPM for 5 sec. slowly around the outer edge of the pot
mum_002,< 40°F,0-25%,Partly Cloudy,Wet (7-10),Don't water,Don't water,Don't water,Don't water,Don't water,Don't water,Don't water
mum_002,< 40°F,0-25%,Cloudy,Dry (0-3),Use Fogg-It 0.5 GPM for 5 sec OR Fogg-It 2 GPM for 5 sec. slowly around the outer edge of the pot,Use Fogg-It 0.5 GPM for 15 sec OR Fogg-It 2 GPM for 5 sec. slowly around the outer edge of the pot,Use Fogg-It 0.5 GPM for 15 sec OR Fogg-It 2 GPM for 5 sec. slowly around the outer edge of the pot,Use Fogg-It 0.5 GPM for 15 sec OR Fogg-It 2 GPM for 5 sec. slowly around the outer edge of the pot,Use Fogg-It 0.5 GPM for 30 sec OR Fogg-It 2 GPM for 10 sec. slowly around the outer edge of the pot,Use Fogg-It 0.5 GPM for 45 sec OR Fogg-It 2 GPM for 10 sec. s slowly around the outer edge of the pot,Use Fogg-It 0.5 GPM for 45 sec OR Fogg-It 2 GPM for 10 sec. s slowly around the outer edge of the pot
mum_002,< 40°F,0-25%,Cloudy,Normal (3-7),Don't water,Don't water,Don't water,Use Fogg-It 0.5 GPM for 5 sec OR Fogg-It 2 GPM for 5 sec. slowly around the outer edge of the pot,Use Fogg-It 0.5 GPM for 5 sec OR Fogg-It 2 GPM for 5 sec. slowly around the outer edge of the pot,Use Fogg-It 0.5 GPM for 10 sec OR Fogg-It 2 GPM for 5 sec. slowly around the outer edge of the pot,Use Fogg-It 0.5 GPM for 10 sec OR Fogg-It 2 GPM for 5 sec. s slowly around the outer edge of the pot
mum_002,< 40°F,0-25%,Cloudy,Wet (7-10),Don't water,Don't water,Don't water,Don't water,Don't water,Don't water,Don't water
mum_002,< 40°F,26-50%,Sunny,Dry (0-3),Use Fogg-It 0.5 GPM for 15 sec OR Fogg-It 2 GPM for 5 sec. slowly around the outer edge of the pot,Use Fogg-It 0.5 GPM for 15 sec OR Fogg-It 2 GPM for 5 sec. slowly around the outer edge of the pot,Use Fogg-It 0.5 GPM for 15 sec OR Fogg-It 2 GPM for 5 sec. slowly around the outer edge of the pot,Use Fogg-It 0.5 GPM for 30 sec OR Fogg-It 2 GPM for 10 sec. slowly around the outer edge of the pot,Use Fogg-It 0.5 GPM for 45 sec OR Fogg-It 2 GPM for 10 sec. s slowly around the outer edge of the pot,Use Fogg-It 0.5 GPM for 45 sec OR Fogg-It 2 GPM for 10 sec. s slowly around the outer edge of the pot,Use Fogg-It 0.5 GPM for 4 min OR Fogg-It 2 GPM for 1 min. s slowly around the outer edge of the pot
mum_002,< 40°F,26-50%,Sunny,Normal (3-7),Don't water,Don't water,Use Fogg-It 0.5 GPM for 5 sec OR Fogg-It 2 GPM for 5 sec. slowly around the outer edge of the pot,Use Fogg-It 0.5 GPM for 5 sec OR Fogg-It 2 GPM for 5 sec. slowly around the outer edge of the pot,Use Fogg-It 0.5 GPM for 10 sec OR Fogg-It 2 GPM for 5 sec. slowly around the outer edge of the pot,Use Fogg-It 0.5 GPM for 10 sec OR Fogg-It 2 GPM for 5 sec. s slowly around the outer edge of the pot,Use Fogg-It 0.5 GPM for 15 sec OR Fogg-It 2 GPM for 5 sec. slowly around the outer edge of the pot
mum_002,< 40°F,26-50%,Sunny,Wet (7-10),Don't water,Don't water,Don't water,Don't water,Don't water,Don't water,Don't water
mum_002,< 40°F,26-50%,Partly Cloudy,Dry (0-3),Use Fogg-It 0.5 GPM for 5 sec OR Fogg-It 2 GPM for 5 sec. slowly around the outer edge of the pot,Use Fogg-It 0.5 GPM for 15 sec OR Fogg-It 2 GPM for 5 sec. slowly around the outer edge of the pot,Use Fogg-It 0.5 GPM for 15 sec OR Fogg-It 2 GPM for 5 sec. slowly around the outer edge of the pot,Use Fogg-It 0.5 GPM for 15 sec OR Fogg-It 2 GPM for 5 sec. slowly around the outer edge of the pot,Use Fogg-It 0.5 GPM for 30 sec OR Fogg-It 2 GPM for 10 sec. slowly around the outer edge of the pot,Use Fogg-It 0.5 GPM for 45 sec OR Fogg-It 2 GPM for 10 sec. s slowly around the outer edge of the pot,Use Fogg-It 0.5 GPM for 45 sec OR Fogg-It 2 GPM for 10 sec. s slowly around the outer edge of the pot
mum_002,< 40°F,26-50%,Partly Cloudy,Normal (3-7),Don't water,Don't water,Don't water,Use Fogg-It 0.5 GPM for 5 sec OR Fogg-It 2 GPM for 5 sec. slowly around the outer edge of the pot,Use Fogg-It 0.5 GPM for 5 sec OR Fogg-It 2 GPM for 5 sec. slowly around the outer edge of the pot,Use Fogg-It 0.5 GPM for 10 sec OR Fogg-It 2 GPM for 5 sec. slowly around the outer edge of the pot,Use Fogg-It 0.5 GPM for 10 sec OR Fogg-It 2 GPM for 5 sec. s slowly around the outer edge of the pot
mum_002,< 40°F,26-50%,Partly Cloudy,Wet (7-10),Don't water,Don't water,Don't water,Don't water,Don't water,Don't water,Don't water
mum_002,< 40°F,26-50%,Cloudy,Dry (0-3),Use Fogg-It 0.5 GPM for 5 sec OR Fogg-It 2 GPM for 5 sec. slowly around the outer edge of the pot,Use Fogg-It 0.5 GPM for 5 sec OR Fogg-It 2 GPM for 5 sec. slowly around the outer edge of the pot,Use Fogg-It 0.5 GPM for 15 sec OR Fogg-It 2 GPM for 5 sec. slowly around the outer edge of the pot,Use Fogg-It 0.5 GPM for 15 sec OR Fogg-It 2 GPM for 5 sec. slowly around the outer edge of the pot,Use Fogg-It 0.5 GPM for 15 sec OR Fogg-It 2 GPM for 5 sec. slowly around the outer edge of the pot,Use Fogg-It 0.5 GPM for 30 sec OR Fogg-It 2 GPM for 10 sec. slowly around the outer edge of the pot,Use Fogg-It 0.5 GPM for 45 sec OR Fogg-It 2 GPM for 10 sec. s slowly around the outer edge of the pot
mum_002,< 40°F,26-50%,Cloudy,Normal (3-7),Don't water,Don't water,Don't water,Don't water,Use Fogg-It 0.5 GPM for 5 sec OR Fogg-It 2 GPM for 5 sec. slowly around the outer edge of the pot,Use Fogg-It 0.5 GPM for 5 sec OR Fogg-It 2 GPM for 5 sec. slowly around the outer edge of the pot,Use Fogg-It 0.5 GPM for 10 sec OR Fogg-It 2 GPM for 5 sec. slowly around the outer edge of the pot
mum_002,< 40°F,26-50%,Cloudy,Wet (7-10),Don't water,Don't water,Don't water,Don't water,Don't water,Don't water,Don't water
mum_002,< 40°F,51-75%,Sunny,Dry (0-3),Use Fogg-It 0.5 GPM for 5 sec OR Fogg-It 2 GPM for 5 sec. slowly around the outer edge of the pot,Use Fogg-It 0.5 GPM for 15 sec OR Fogg-It 2 GPM for 5 sec. slowly around the outer edge of the pot,Use Fogg-It 0.5 GPM for 15 sec OR Fogg-It 2 GPM for 5 sec. slowly around the outer edge of the pot,Use Fogg-It 0.5 GPM for 15 sec OR Fogg-It 2 GPM for 5 sec. slowly around the outer edge of the pot,Use Fogg-It 0.5 GPM for 30 sec OR Fogg-It 2 GPM for 10 sec. slowly around the outer edge of the pot,Use Fogg-It 0.5 GPM for 45 sec OR Fogg-It 2 GPM for 10 sec. s slowly around the outer edge of the pot,Use Fogg-It 0.5 GPM for 45 sec OR Fogg-It 2 GPM for 10 sec. s slowly around the outer edge of the pot
mum_002,< 40°F,51-75%,Sunny,Normal (3-7),Don't water,Don't water,Don't water,Use Fogg-It 0.5 GPM for 5 sec OR Fogg-It 2 GPM for 5 sec. slowly around the outer edge of the pot,Use Fogg-It 0.5 GPM for 5 sec OR Fogg-It 2 GPM for 5 sec. slowly around the outer edge of the pot,Use Fogg-It 0.5 GPM for 10 sec OR Fogg-It 2 GPM for 5 sec. slowly around the outer edge of the pot,Use Fogg-It 0.5 GPM for 10 sec OR Fogg-It 2 GPM for 5 sec. s slowly around the outer edge of the pot
mum_002,< 40°F,51-75%,Sunny,Wet (7-10),Don't water,Don't water,Don't water,Don't water,Don't water,Don't water,Don't water
mum_002,< 40°F,51-75%,Partly Cloudy,Dry (0-3),Use Fogg-It 0.5 GPM for 5 sec OR Fogg-It 2 GPM for 5 sec. slowly around the outer edge of the pot,Use Fogg-It 0.5 GPM for 5 sec OR Fogg-It 2 GPM for 5 sec. slowly around the outer edge of the pot,Use Fogg-It 0.5 GPM for 15 sec OR Fogg-It 2 GPM for 5 sec. slowly around the outer edge of the pot,Use Fogg-It 0.5 GPM for 15 sec OR Fogg-It 2 GPM for 5 sec. slowly around the outer edge of the pot,Use Fogg-It 0.5 GPM for 15 sec OR Fogg-It 2 GPM for 5 sec. slowly around the outer edge of the pot,Use Fogg-It 0.5 GPM for 30 sec OR Fogg-It 2 GPM for 10 sec. slowly around the outer edge of the pot,Use Fogg-It 0.5 GPM for 45 sec OR Fogg-It 2 GPM for 10 sec. s slowly around the outer edge of the pot
mum_002,< 40°F,51-75%,Partly Cloudy,Normal (3-7),Don't water,Don't water,Don't water,Don't water,Use Fogg-It 0.5 GPM for 5 sec OR Fogg-It 2 GPM for 5 sec. slowly around the outer edge of the pot,Use Fogg-It 0.5 GPM for 5 sec OR Fogg-It 2 GPM for 5 sec. slowly around the outer edge of the pot,Use Fogg-It 0.5 GPM for 10 sec OR Fogg-It 2 GPM for 5 sec. slowly around the outer edge of the pot
mum_002,< 40°F,51-75%,Partly Cloudy,Wet (7-10),Don't water,Don't water,Don't water,Don't water,Don't water,Don't water,Don't water
mum_002,< 40°F,51-75%,Cloudy,Dry (0-3),Use Fogg-It 0.5 GPM for 5 sec OR Fogg-It 2 GPM for 5 sec. slowly around the outer edge of the pot,Use Fogg-It 0.5 GPM for 5 sec OR Fogg-It 2 GPM for 5 sec. slowly around the outer edge of the pot,Use Fogg-It 0.5 GPM for 5 sec OR Fogg-It 2 GPM for 5 sec. slowly around the outer edge of the pot,Use Fogg-It 0.5 GPM for 15 sec OR Fogg-It 2 GPM for 5 sec. slowly around the outer edge of the pot,Use Fogg-It 0.5 GPM for 15 sec OR Fogg-It 2 GPM for 5 sec. slowly around the outer edge of the pot,Use Fogg-It 0.5 GPM for 15 sec OR Fogg-It 2 GPM for 5 sec. slowly around the outer edge of the pot,Use Fogg-It 0.5 GPM for 30 sec OR Fogg-It 2 GPM for 10 sec. slowly around the outer edge of the pot
mum_002,< 40°F,51-75%,Cloudy,Normal (3-7),Don't water,Don't water,Don't water,Don't water,Don't water,Use Fogg-It 0.5 GPM for 5 sec OR Fogg-It 2 GPM for 5 sec. slowly around the outer edge of the pot,Use Fogg-It 0.5 GPM for 5 sec OR Fogg-It 2 GPM for 5 sec. slowly around the outer edge of the pot
mum_002,< 40°F,51-75%,Cloudy,Wet (7-10),Don't water,Don't water,Don't water,Don't water,Don't water,Don't water,Don't water
mum_002,< 40°F,76-100%,Sunny,Dry (0-3),Use Fogg-It 0.5 GPM for 5 sec OR Fogg-It 2 GPM for 5 sec. slowly around the outer edge of the pot,Use Fogg-It 0.5 GPM for 5 sec OR Fogg-It 2 GPM for 5 sec. slowly around the outer edge of the pot,Use Fogg-It 0.5 GPM for 15 sec OR Fogg-It 2 GPM for 5 sec. slowly around the outer edge of the pot,Use Fogg-It 0.5 GPM for 15 sec OR Fogg-It 2 GPM for 5 sec. slowly around the outer edge of the pot,Use Fogg-It 0.5 GPM for 15 sec OR Fogg-It 2 GPM for 5 sec. slowly around the outer edge of the pot,Use Fogg-It 0.5 GPM for 30 sec OR Fogg-It 2 GPM for 10 sec. slowly around the outer edge of the pot,Use Fogg-It 0.5 GPM for 45 sec OR Fogg-It 2 GPM for 10 sec. s slowly around the outer edge of the pot
mum_002,< 40°F,76-100%,Sunny,Normal (3-7),Don't water,Don't water,Don't water,Don't water,Use Fogg-It 0.5 GPM for 5 sec OR Fogg-It 2 GPM for 5 sec. slowly around the outer edge of the pot,Use Fogg-It 0.5 GPM for 5 sec OR Fogg-It 2 GPM for 5 sec. slowly around the outer edge of the pot,Use Fogg-It 0.5 GPM for 10 sec OR Fogg-It 2 GPM for 5 sec. slowly around the outer edge of the pot
mum_002,< 40°F,76-100%,Sunny,Wet (7-10),Don't water,Don't water,Don't water,Don't water,Don't water,Don't water,Don't water
mum_002,< 40°F,76-100%,Partly Cloudy,Dry (0-3),Use Fogg-It 0.5 GPM for 5 sec OR Fogg-It 2 GPM for 5 sec. slowly around the outer edge of the pot,Use Fogg-It 0.5 GPM for 5 sec OR Fogg-It 2 GPM for 5 sec. slowly around the outer edge of the pot,Use Fogg-It 0.5 GPM for 5 sec OR Fogg-It 2 GPM for 5 sec. slowly around the outer edge of the pot,Use Fogg-It 0.5 GPM for 15 sec OR Fogg-It 2 GPM for 5 sec. slowly around the outer edge of the pot,Use Fogg-It 0.5 GPM for 15 sec OR Fogg-It 2 GPM for 5 sec. slowly around the outer edge of the pot,Use Fogg-It 0.5 GPM for 15 sec OR Fogg-It 2 GPM for 5 sec. slowly around the outer edge of the pot,Use Fogg-It 0.5 GPM for 30 sec OR Fogg-It 2 GPM for 10 sec. slowly around the outer edge of the pot
mum_002,< 40°F,76-100%,Partly Cloudy,Normal (3-7),Don't water,Don't water,Don't water,Don't water,Don't water,Use Fogg-It 0.5 GPM for 5 sec OR Fogg-It 2 GPM for 5 sec. slowly around the outer edge of the pot,Use Fogg-It 0.5 GPM for 5 sec OR Fogg-It 2 GPM for 5 sec. slowly around the outer edge of the pot
mum_002,< 40°F,76-100%,Partly Cloudy,Wet (7-10),Don't water,Don't water,Don't water,Don't water,Don't water,Don't water,Don't water
mum_002,< 40°F,76-100%,Cloudy,Dry (0-3),Use Fogg-It 0.5 GPM for 5 sec OR Fogg-It 2 GPM for 5 sec. slowly around the outer edge of the pot,Use Fogg-It 0.5 GPM for 5 sec OR Fogg-It 2 GPM for 5 sec. slowly around the outer edge of the pot,Use Fogg-It 0.5 GPM for 5 sec OR Fogg-It 2 GPM for 5 sec. slowly around the outer edge of the pot,Use Fogg-It 0.5 GPM for 5 sec OR Fogg-It 2 GPM for 5 sec. slowly around the outer edge of the pot,Use Fogg-It 0.5 GPM for 15 sec OR Fogg-It 2 GPM for 5 sec. slowly around the outer edge of the pot,Use Fogg-It 0.5 GPM for 15 sec OR Fogg-It 2 GPM for 5 sec. slowly around the outer edge of the pot,Use Fogg-It 0.5 GPM for 15 sec OR Fogg-It 2 GPM for 5 sec. slowly around the outer edge of the pot
mum_002,< 40°F,76-100%,Cloudy,Normal (3-7),Don't water,Don't water,Don't water,Don't water,Don't water,Don't water,Use Fogg-It 0.5 GPM for 5 sec OR Fogg-It 2 GPM for 5 sec. slowly around the outer edge of the pot
mum_002,< 40°F,76-100%,Cloudy,Wet (7-10),Don't water,Don't water,Don't water,Don't water,Don't water,Don't water,Don't water
mum_001,< 38°F,0-25%,Sunny,Dry (0-3),Use Fogg-It 0.5 GPM for 5 sec OR Fogg-It 2 GPM for 5 sec. slowly around the outer edge of the pot,Use Fogg-It 0.5 GPM for 10 sec OR Fogg-It 2 GPM for 5 sec. slowly around the outer edge of the pot,Use Fogg-It 0.5 GPM for 10 sec OR Fogg-It 2 GPM for 5 sec. s slowly around the outer edge of the pot,Use Fogg-It 0.5 GPM for 15 sec OR Fogg-It 2 GPM for 5 sec. slowly around the outer edge of the pot,Use Fogg-It 0.5 GPM for 30 sec OR Fogg-It 2 GPM for 10 sec. slowly around the outer edge of the pot,Use Fogg-It 0.5 GPM for 45 sec OR Fogg-It 2 GPM for 10 sec. s slowly around the outer edge of the pot,Use Fogg-It 0.5 GPM for 45 sec OR Fogg-It 2 GPM for 10 sec. s slowly around the outer edge of the pot
mum_001,< 38°F,0-25%,Sunny,Normal (3-7),Don't water,Use Fogg-It 0.5 GPM for 5 sec OR Fogg-It 2 GPM for 5 sec. slowly around the outer edge of the pot,Use Fogg-It 0.5 GPM for 5 sec OR Fogg-It 2 GPM for 5 sec. slowly around the outer edge of the pot,Use Fogg-It 0.5 GPM for 5 sec OR Fogg-It 2 GPM for 5 sec. slowly around the outer edge of the pot,Use Fogg-It 0.5 GPM for 10 sec OR Fogg-It 2 GPM for 5 sec. slowly around the outer edge of the pot,Use Fogg-It 0.5 GPM for 10 sec OR Fogg-It 2 GPM for 5 sec. s slowly around the outer edge of the pot,Use Fogg-It 0.5 GPM for 15 sec OR Fogg-It 2 GPM for 5 sec. slowly around the outer edge of the pot
mum_001,< 38°F,0-25%,Sunny,Wet (7-10),Don't water,Don't water,Don't water,Don't water,Don't water,Don't water,Don't water
mum_001,< 38°F,0-25%,Partly Cloudy,Dry (0-3),Use Fogg-It 0.5 GPM for 5 sec OR Fogg-It 2 GPM for 5 sec. slowly around the outer edge of the pot,Use Fogg-It 0.5 GPM for 5 sec OR Fogg-It 2 GPM for 5 sec. slowly around the outer edge of the pot,Use Fogg-It 0.5 GPM for 10 sec OR Fogg-It 2 GPM for 5 sec. slowly around the outer edge of the pot,Use Fogg-It 0.5 GPM for 10 sec OR Fogg-It 2 GPM for 5 sec. s slowly around the outer edge of the pot,Use Fogg-It 0.5 GPM for 15 sec OR Fogg-It 2 GPM for 5 sec. slowly around the outer edge of the pot,Use Fogg-It 0.5 GPM for 30 sec OR Fogg-It 2 GPM for 10 sec. slowly around the outer edge of the pot,Use Fogg-It 0.5 GPM for 45 sec OR Fogg-It 2 GPM for 10 sec. s slowly around the outer edge of the pot
mum_001,< 38°F,0-25%,Partly Cloudy,Normal (3-7),Don't water,Don't water,Use Fogg-It 0.5 GPM for 5 sec OR Fogg-It 2 GPM for 5 sec. slowly around the outer edge of the pot,Use Fogg-It 0.5 GPM for 5 sec OR Fogg-It 2 GPM for 5 sec. slowly around the outer edge of the pot,Use Fogg-It 0.5 GPM for 5 sec OR Fogg-It 2 GPM for 5 sec. slowly around the outer edge of the pot,Use Fogg-It 0.5 GPM for 10 sec OR Fogg-It 2 GPM for 5 sec. slowly around the outer edge of the pot,Use Fogg-It 0.5 GPM for 10 sec OR Fogg-It 2 GPM for 5 sec. s slowly around the outer edge of the pot
mum_001,< 38°F,0-25%,Partly Cloudy,Wet (7-10),Don't water,Don't water,Don't water,Don't water,Don't water,Don't water,Don't water
mum_001,< 38°F,0-25%,Cloudy,Dry (0-3),Use Fogg-It 0.5 GPM for 5 sec OR Fogg-It 2 GPM for 5 sec. slowly around the outer edge of the pot,Use Fogg-It 0.5 GPM for 5 sec OR Fogg-It 2 GPM for 5 sec. slowly around the outer edge of the pot,Use Fogg-It 0.5 GPM for 5 sec OR Fogg-It 2 GPM for 5 sec. slowly around the outer edge of the pot,Use Fogg-It 0.5 GPM for 10 sec OR Fogg-It 2 GPM for 5 sec. slowly around the outer edge of the pot,Use Fogg-It 0.5 GPM for 10 sec OR Fogg-It 2 GPM for 5 sec. s slowly around the outer edge of the pot,Use Fogg-It 0.5 GPM for 15 sec OR Fogg-It 2 GPM for 5 sec. slowly around the outer edge of the pot,Use Fogg-It 0.5 GPM for 30 sec OR Fogg-It 2 GPM for 10 sec. slowly around the outer edge of the pot
mum_001,< 38°F,0-25%,Cloudy,Normal (3-7),Don't water,Don't water,Don't water,Use Fogg-It 0.5 GPM for 5 sec OR Fogg-It 2 GPM for 5 sec. slowly around the outer edge of the pot,Use Fogg-It 0.5 GPM for 5 sec OR Fogg-It 2 GPM for 5 sec. slowly around the outer edge of the pot,Use Fogg-It 0.5 GPM for 5 sec OR Fogg-It 2 GPM for 5 sec. slowly around the outer edge of the pot,Use Fogg-It 0.5 GPM for 10 sec OR Fogg-It 2 GPM for 5 sec. slowly around the outer edge of the pot
mum_001,< 38°F,0-25%,Cloudy,Wet (7-10),Don't water,Don't water,Don't water,Don't water,Don't water,Don't water,Don't water
mum_001,< 38°F,26-50%,Sunny,Dry (0-3),Use Fogg-It 0.5 GPM for 5 sec OR Fogg-It 2 GPM for 5 sec. slowly around the outer edge of the pot,Use Fogg-It 0.5 GPM for 5 sec OR Fogg-It 2 GPM for 5 sec. slowly around the outer edge of the pot,Use Fogg-It 0.5 GPM for 10 sec OR Fogg-It 2 GPM for 5 sec. slowly around the outer edge of the pot,Use Fogg-It 0.5 GPM for 10 sec OR Fogg-It 2 GPM for 5 sec. s slowly around the outer edge of the pot,Use Fogg-It 0.5 GPM for 15 sec OR Fogg-It 2 GPM for 5 sec. slowly around the outer edge of the pot,Use Fogg-It 0.5 GPM for 30 sec OR Fogg-It 2 GPM for 10 sec. slowly around the outer edge of the pot,Use Fogg-It 0.5 GPM for 45 sec OR Fogg-It 2 GPM for 10 sec. s slowly around the outer edge of the pot
mum_001,< 38°F,26-50%,Sunny,Normal (3-7),Don't water,Don't water,Use Fogg-It 0.5 GPM for 5 sec OR Fogg-It 2 GPM for 5 sec. slowly around the outer edge of the pot,Use Fogg-It 0.5 GPM for 5 sec OR Fogg-It 2 GPM for 5 sec. slowly around the outer edge of the pot,Use Fogg-It 0.5 GPM for 5 sec OR Fogg-It 2 GPM for 5 sec. slowly around the outer edge of the pot,Use Fogg-It 0.5 GPM for 10 sec OR Fogg-It 2 GPM for 5 sec. slowly around the outer edge of the pot,Use Fogg-It 0.5 GPM for 10 sec OR Fogg-It 2 GPM for 5 sec. s slowly around the outer edge of the pot
mum_001,< 38°F,26-50%,Sunny,Wet (7-10),Don't water,Don't water,Don't water,Don't water,Don't water,Don't water,Don't water
mum_001,< 38°F,26-50%,Partly Cloudy,Dry (0-3),Use Fogg-It 0.5 GPM for 5 sec OR Fogg-It 2 GPM for 5 sec. slowly around the outer edge of the pot,Use Fogg-It 0.5 GPM for 5 sec OR Fogg-It 2 GPM for 5 sec. slowly around the outer edge of the pot,Use Fogg-It 0.5 GPM for 5 sec OR Fogg-It 2 GPM for 5 sec. slowly around the outer edge of the pot,Use Fogg-It 0.5 GPM for 10 sec OR Fogg-It 2 GPM for 5 sec. slowly around the outer edge of the pot,Use Fogg-It 0.5 GPM for 10 sec OR Fogg-It 2 GPM for 5 sec. s slowly around the outer edge of the pot,Use Fogg-It 0.5 GPM for 15 sec OR Fogg-It 2 GPM for 5 sec. slowly around the outer edge of the pot,Use Fogg-It 0.5 GPM for 30 sec OR Fogg-It 2 GPM for 10 sec. slowly around the outer edge of the pot
mum_001,< 38°F,26-50%,Partly Cloudy,Normal (3-7),Don't water,Don't water,Don't water,Use Fogg-It 0.5 GPM for 5 sec OR Fogg-It 2 GPM for 5 sec. slowly around the outer edge of the pot,Use Fogg-It 0.5 GPM for 5 sec OR Fogg-It 2 GPM for 5 sec. slowly around the outer edge of the pot,Use Fogg-It 0.5 GPM for 5 sec OR Fogg-It 2 GPM for 5 sec. slowly around the outer edge of the pot,Use Fogg-It 0.5 GPM for 10 sec OR Fogg-It 2 GPM for 5 sec. slowly around the outer edge of the pot
mum_001,< 38°F,26-50%,Partly Cloudy,Wet (7-10),Don't water,Don't water,Don't water,Don't water,Don't water,Don't water,Don't water
mum_001,< 38°F,26-50%,Cloudy,Dry (0-3),Don't water,Use Fogg-It 0.5 GPM for 5 sec OR Fogg-It 2 GPM for 5 sec. slowly around the outer edge of the pot,Use Fogg-It 0.5 GPM for 5 sec OR Fogg-It 2 GPM for 5 sec. slowly around the outer edge of the pot,Use Fogg-It 0.5 GPM for 5 sec OR Fogg-It 2 GPM for 5 sec. slowly around the outer edge of the pot,Use Fogg-It 0.5 GPM for 10 sec OR Fogg-It 2 GPM for 5 sec. slowly around the outer edge of the pot,Use Fogg-It 0.5 GPM for 10 sec OR Fogg-It 2 GPM for 5 sec. s slowly around the outer edge of the pot,Use Fogg-It 0.5 GPM for 15 sec OR Fogg-It 2 GPM for 5 sec. slowly around the outer edge of the pot
mum_001,< 38°F,26-50%,Cloudy,Normal (3-7),Don't water,Don't water,Don't water,Don't water,Use Fogg-It 0.5 GPM for 5 sec OR Fogg-It 2 GPM for 5 sec. slowly around the outer edge of the pot,Use Fogg-It 0.5 GPM for 5 sec OR Fogg-It 2 GPM for 5 sec. slowly around the outer edge of the pot,Use Fogg-It 0.5 GPM for 5 sec OR Fogg-It 2 GPM for 5 sec. slowly around the outer edge of the pot
mum_001,< 38°F,26-50%,Cloudy,Wet (7-10),Don't water,Don't water,Don't water,Don't water,Don't water,Don't water,Don't water
mum_001,< 38°F,51-75%,Sunny,Dry (0-3),Use Fogg-It 0.5 GPM for 5 sec OR Fogg-It 2 GPM for 5 sec. slowly around the outer edge of the pot,Use Fogg-It 0.5 GPM for 5 sec OR Fogg-It 2 GPM for 5 sec. slowly around the outer edge of the pot,Use Fogg-It 0.5 GPM for 5 sec OR Fogg-It 2 GPM for 5 sec. slowly around the outer edge of the pot,Use Fogg-It 0.5 GPM for 10 sec OR Fogg-It 2 GPM for 5 sec. slowly around the outer edge of the pot,Use Fogg-It 0.5 GPM for 10 sec OR Fogg-It 2 GPM for 5 sec. s slowly around the outer edge of the pot,Use Fogg-It 0.5 GPM for 15 sec OR Fogg-It 2 GPM for 5 sec. slowly around the outer edge of the pot,Use Fogg-It 0.5 GPM for 30 sec OR Fogg-It 2 GPM for 10 sec. slowly around the outer edge of the pot
mum_001,< 38°F,51-75%,Sunny,Normal (3-7),Don't water,Don't water,Don't water,Use Fogg-It 0.5 GPM for 5 sec OR Fogg-It 2 GPM for 5 sec. slowly around the outer edge of the pot,Use Fogg-It 0.5 GPM for 5 sec OR Fogg-It 2 GPM for 5 sec. slowly around the outer edge of the pot,Use Fogg-It 0.5 GPM for 5 sec OR Fogg-It 2 GPM for 5 sec. slowly around the outer edge of the pot,Use Fogg-It 0.5 GPM for 10 sec OR Fogg-It 2 GPM for 5 sec. slowly around the outer edge of the pot
mum_001,< 38°F,51-75%,Sunny,Wet (7-10),Don't water,Don't water,Don't water,Don't water,Don't water,Don't water,Don't water
mum_001,< 38°F,51-75%,Partly Cloudy,Dry (0-3),Don't water,Use Fogg-It 0.5 GPM for 5 sec OR Fogg-It 2 GPM for 5 sec. slowly around the outer edge of the pot,Use Fogg-It 0.5 GPM for 5 sec OR Fogg-It 2 GPM for 5 sec. slowly around the outer edge of the pot,Use Fogg-It 0.5 GPM for 5 sec OR Fogg-It 2 GPM for 5 sec. slowly around the outer edge of the pot,Use Fogg-It 0.5 GPM for 10 sec OR Fogg-It 2 GPM for 5 sec. slowly around the outer edge of the pot,Use Fogg-It 0.5 GPM for 10 sec OR Fogg-It 2 GPM for 5 sec. s slowly around the outer edge of the pot,Use Fogg-It 0.5 GPM for 15 sec OR Fogg-It 2 GPM for 5 sec. slowly around the outer edge of the pot
mum_001,< 38°F,51-75%,Partly Cloudy,Normal (3-7),Don't water,Don't water,Don't water,Don't water,Use Fogg-It 0.5 GPM for 5 sec OR Fogg-It 2 GPM for 5 sec. slowly around the outer edge of the pot,Use Fogg-It 0.5 GPM for 5 sec OR Fogg-It 2 GPM for 5 sec. slowly around the outer edge of the pot,Use Fogg-It 0.5 GPM for 5 sec OR Fogg-It 2 GPM for 5 sec. slowly around the outer edge of the pot
mum_001,< 38°F,51-75%,Partly Cloudy,Wet (7-10),Don't water,Don't water,Don't water,Don't water,Don't water,Don't water,Don't water
mum_001,< 38°F,51-75%,Cloudy,Dry (0-3),Don't water,Don't water,Use Fogg-It 0.5 GPM for 5 sec OR Fogg-It 2 GPM for 5 sec. slowly around the outer edge of the pot,Use Fogg-It 0.5 GPM for 5 sec OR Fogg-It 2 GPM for 5 sec. slowly around the outer edge of the pot,Use Fogg-It 0.5 GPM for 5 sec OR Fogg-It 2 GPM for 5 sec. slowly around the outer edge of the pot,Use Fogg-It 0.5 GPM for 10 sec OR Fogg-It 2 GPM for 5 sec. slowly around the outer edge of the pot,Use Fogg-It 0.5 GPM for 10 sec OR Fogg-It 2 GPM for 5 sec. s slowly around the outer edge of the pot
mum_001,< 38°F,51-75%,Cloudy,Normal (3-7),Don't water,Don't water,Don't water,Don't water,Don't water,Use Fogg-It 0.5 GPM for 5 sec OR Fogg-It 2 GPM for 5 sec. slowly around the outer edge of the pot,Use Fogg-It 0.5 GPM for 5 sec OR Fogg-It 2 GPM for 5 sec. slowly around the outer edge of the pot
mum_001,< 38°F,51-75%,Cloudy,Wet (7-10),Don't water,Don't water,Don't water,Don't water,Don't water,Don't water,Don't water
mum_001,< 38°F,76-100%,Sunny,Dry (0-3),Don't water,Use Fogg-It 0.5 GPM for 5 sec OR Fogg-It 2 GPM for 5 sec. slowly around the outer edge of the pot,Use Fogg-It 0.5 GPM for 5 sec OR Fogg-It 2 GPM for 5 sec. slowly around the outer edge of the pot,Use Fogg-It 0.5 GPM for 5 sec OR Fogg-It 2 GPM for 5 sec. slowly around the outer edge of the pot,Use Fogg-It 0.5 GPM for 10 sec OR Fogg-It 2 GPM for 5 sec. slowly around the outer edge of the pot,Use Fogg-It 0.5 GPM for 10 sec OR Fogg-It 2 GPM for 5 sec. s slowly around the outer edge of the pot,Use Fogg-It 0.5 GPM for 15 sec OR Fogg-It 2 GPM for 5 sec. slowly around the outer edge of the pot
mum_001,< 38°F,76-100%,Sunny,Normal (3-7),Don't water,Don't water,Don't water,Don't water,Use Fogg-It 0.5 GPM for 5 sec OR Fogg-It 2 GPM for 5 sec. slowly around the outer edge of the pot,Use Fogg-It 0.5 GPM for 5 sec OR Fogg-It 2 GPM for 5 sec. slowly around the outer edge of the pot,Use Fogg-It 0.5 GPM for 5 sec OR Fogg-It 2 GPM for 5 sec. slowly around the outer edge of the pot
mum_001,< 38°F,76-100%,Sunny,Wet (7-10),Don't water,Don't water,Don't water,Don't water,Don't water,Don't water,Don't water
mum_001,< 38°F,76-100%,Partly Cloudy,Dry (0-3),Don't water,Don't water,Use Fogg-It 0.5 GPM for 5 sec OR Fogg-It 2 GPM for 5 sec. slowly around the outer edge of the pot,Use Fogg-It 0.5 GPM for 5 sec OR Fogg-It 2 GPM for 5 sec. slowly around the outer edge of the pot,Use Fogg-It 0.5 GPM for 5 sec OR Fogg-It 2 GPM for 5 sec. slowly around the outer edge of the pot,Use Fogg-It 0.5 GPM for 10 sec OR Fogg-It 2 GPM for 5 sec. slowly around the outer edge of the pot,Use Fogg-It 0.5 GPM for 10 sec OR Fogg-It 2 GPM for 5 sec. s slowly around the outer edge of the pot
mum_001,< 38°F,76-100%,Partly Cloudy,Normal (3-7),Don't water,Don't water,Don't water,Don't water,Don't water,Use Fogg-It 0.5 GPM for 5 sec OR Fogg-It 2 GPM for 5 sec. slowly around the outer edge of the pot,Use Fogg-It 0.5 GPM for 5 sec OR Fogg-It 2 GPM for 5 sec. slowly around the outer edge of the pot
mum_001,< 38°F,76-100%,Partly Cloudy,Wet (7-10),Don't water,Don't water,Don't water,Don't water,Don't water,Don't water,Don't water
mum_001,< 38°F,76-100%,Cloudy,Dry (0-3),Don't water,Don't water,Don't water,Use Fogg-It 0.5 GPM for 5 sec OR Fogg-It 2 GPM for 5 sec. slowly around the outer edge of the pot,Use Fogg-It 0.5 GPM for 5 sec OR Fogg-It 2 GPM for 5 sec. slowly around the outer edge of the pot,Use Fogg-It 0.5 GPM for 5 sec OR Fogg-It 2 GPM for 5 sec. slowly around the outer edge of the pot,Use Fogg-It 0.5 GPM for 10 sec OR Fogg-It 2 GPM for 5 sec. slowly around the outer edge of the pot
mum_001,< 38°F,76-100%,Cloudy,Normal (3-7),Don't water,Don't water,Don't water,Don't water,Don't water,Don't water,Use Fogg-It 0.5 GPM for 5 sec OR Fogg-It 2 GPM for 5 sec. slowly around the outer edge of the pot
mum_001,< 38°F,76-100%,Cloudy,Wet (7-10),Don't water,Don't water,Don't water,Don't water,Don't water,Don't water,Don't water
parsley_001,< 35°F,0-25%,Sunny,Dry (0-3),Use Fogg-It 0.5 GPM for 5 sec OR Fogg-It 2 GPM for 5 sec. slowly over the parsley section,Use Fogg-It 0.5 GPM for 5 sec OR Fogg-It 2 GPM for 5 sec. slowly over the parsley section,Use Fogg-It 0.5 GPM for 5 sec OR Fogg-It 2 GPM for 5 sec. slowly over the parsley section,Use Fogg-It 0.5 GPM for 10 sec OR Fogg-It 2 GPM for 5 sec. slowly over the parsley section,Use Fogg-It 0.5 GPM for 10 sec OR Fogg-It 2 GPM for 5 sec. s slowly over the parsley section,Use Fogg-It 0.5 GPM for 15 sec OR Fogg-It 2 GPM for 5 sec. slowly over the parsley section,Use Fogg-It 0.5 GPM for 30 sec OR Fogg-It 2 GPM for 10 sec. slowly over the parsley section
parsley_001,< 35°F,0-25%,Sunny,Normal (3-7),Don't water,Use Fogg-It 0.5 GPM for 5 sec OR Fogg-It 2 GPM for 5 sec. slowly over the parsley section,Use Fogg-It 0.5 GPM for 5 sec OR Fogg-It 2 GPM for 5 sec. slowly over the parsley section,Use Fogg-It 0.5 GPM for 5 sec OR Fogg-It 2 GPM for 5 sec. slowly over the parsley section,Use Fogg-It 0.5 GPM for 10 sec OR Fogg-It 2 GPM for 5 sec. slowly over the parsley section,Use Fogg-It 0.5 GPM for 10 sec OR Fogg-It 2 GPM for 5 sec. s slowly over the parsley section,Use Fogg-It 0.5 GPM for 15 sec OR Fogg-It 2 GPM for 5 sec. slowly over the parsley section
parsley_001,< 35°F,0-25%,Sunny,Wet (7-10),Don't water,Don't water,Don't water,Don't water,Don't water,Don't water,Don't water
parsley_001,< 35°F,0-25%,Partly Cloudy,Dry (0-3),Use Fogg-It 0.5 GPM for 5 sec OR Fogg-It 2 GPM for 5 sec. slowly over the parsley section,Use Fogg-It 0.5 GPM for 5 sec OR Fogg-It 2 GPM for 5 sec. slowly over the parsley section,Use Fogg-It 0.5 GPM for 5 sec OR Fogg-It 2 GPM for 5 sec. slowly over the parsley section,Use Fogg-It 0.5 GPM for 5 sec OR Fogg-It 2 GPM for 5 sec. slowly over the parsley section,Use Fogg-It 0.5 GPM for 10 sec OR Fogg-It 2 GPM for 5 sec. slowly over the parsley section,Use Fogg-It 0.5 GPM for 10 sec OR Fogg-It 2 GPM for 5 sec. s slowly over the parsley section,Use Fogg-It 0.5 GPM for 15 sec OR Fogg-It 2 GPM for 5 sec. slowly over the parsley section
parsley_001,< 35°F,0-25%,Partly Cloudy,Normal (3-7),Don't water,Don't water,Use Fogg-It 0.5 GPM for 5 sec OR Fogg-It 2 GPM for 5 sec. slowly over the parsley section,Use Fogg-It 0.5 GPM for 5 sec OR Fogg-It 2 GPM for 5 sec. slowly over the parsley section,Use Fogg-It 0.5 GPM for 5 sec OR Fogg-It 2 GPM for 5 sec. slowly over the parsley section,Use Fogg-It 0.5 GPM for 10 sec OR Fogg-It 2 GPM for 5 sec. slowly over the parsley section,Use Fogg-It 0.5 GPM for 10 sec OR Fogg-It 2 GPM for 5 sec. s slowly over the parsley section
parsley_001,< 35°F,0-25%,Partly Cloudy,Wet (7-10),Don't water,Don't water,Don't water,Don't water,Don't water,Don't water,Don't water
parsley_001,< 35°F,0-25%,Cloudy,Dry (0-3),Use Fogg-It 0.5 GPM for 5 sec OR Fogg-It 2 GPM for 5 sec. slowly over the parsley section,Use Fogg-It 0.5 GPM for 5 sec OR Fogg-It 2 GPM for 5 sec. slowly over the parsley section,Use Fogg-It 0.5 GPM for 5 sec OR Fogg-It 2 GPM for 5 sec. slowly over the parsley section,Use Fogg-It 0.5 GPM for 5 sec OR Fogg-It 2 GPM for 5 sec. slowly over the parsley section,Use Fogg-It 0.5 GPM for 5 sec OR Fogg-It 2 GPM for 5 sec. slowly over the parsley section,Use Fogg-It 0.5 GPM for 10 sec OR Fogg-It 2 GPM for 5 sec. slowly over the parsley section,Use Fogg-It 0.5 GPM for 10 sec OR Fogg-It 2 GPM for 5 sec. s slowly over the parsley section
parsley_001,< 35°F,0-25%,Cloudy,Normal (3-7),Don't water,Don't water,Don't water,Use Fogg-It 0.5 GPM for 5 sec OR Fogg-It 2 GPM for 5 sec. slowly over the parsley section,Use Fogg-It 0.5 GPM for 5 sec OR Fogg-It 2 GPM for 5 sec. slowly over the parsley section,Use Fogg-It 0.5 GPM for 5 sec OR Fogg-It 2 GPM for 5 sec. slowly over the parsley section,Use Fogg-It 0.5 GPM for 10 sec OR Fogg-It 2 GPM for 5 sec. slowly over the parsley section
parsley_001,< 35°F,0-25%,Cloudy,Wet (7-10),Don't water,Don't water,Don't water,Don't water,Don't water,Don't water,Don't water
parsley_001,< 35°F,26-50%,Sunny,Dry (0-3),Use Fogg-It 0.5 GPM for 5 sec OR Fogg-It 2 GPM for 5 sec. slowly over the parsley section,Use Fogg-It 0.5 GPM for 5 sec OR Fogg-It 2 GPM for 5 sec. slowly over the parsley section,Use Fogg-It 0.5 GPM for 5 sec OR Fogg-It 2 GPM for 5 sec. slowly over the parsley section,Use Fogg-It 0.5 GPM for 5 sec OR Fogg-It 2 GPM for 5 sec. slowly over the parsley section,Use Fogg-It 0.5 GPM for 10 sec OR Fogg-It 2 GPM for 5 sec. slowly over the parsley section,Use Fogg-It 0.5 GPM for 15 sec OR Fogg-It 2 GPM for 5 sec. slowly over the parsley section,Use Fogg-It 0.5 GPM for 30 sec OR Fogg-It 2 GPM for 10 sec. slowly over the parsley section
parsley_001,< 35°F,26-50%,Sunny,Normal (3-7),Don't water,Don't water,Use Fogg-It 0.5 GPM for 5 sec OR Fogg-It 2 GPM for 5 sec. slowly over the parsley section,Use Fogg-It 0.5 GPM for 5 sec OR Fogg-It 2 GPM for 5 sec. slowly over the parsley section,Use Fogg-It 0.5 GPM for 5 sec OR Fogg-It 2 GPM for 5 sec. slowly over the parsley section,Use Fogg-It 0.5 GPM for 10 sec OR Fogg-It 2 GPM for 5 sec. slowly over the parsley section,Use Fogg-It 0.5 GPM for 15 sec OR Fogg-It 2 GPM for 5 sec. slowly over the parsley section
parsley_001,< 35°F,26-50%,Sunny,Wet (7-10),Don't water,Don't water,Don't water,Don't water,Don't water,Don't water,Don't water
parsley_001,< 35°F,26-50%,Partly Cloudy,Dry (0-3),Use Fogg-It 0.5 GPM for 5 sec OR Fogg-It 2 GPM for 5 sec. slowly over the parsley section,Use Fogg-It 0.5 GPM for 5 sec OR Fogg-It 2 GPM for 5 sec. slowly over the parsley section,Use Fogg-It 0.5 GPM for 5 sec OR Fogg-It 2 GPM for 5 sec. slowly over the parsley section,Use Fogg-It 0.5 GPM for 5 sec OR Fogg-It 2 GPM for 5 sec. slowly over the parsley section,Use Fogg-It 0.5 GPM for 5 sec OR Fogg-It 2 GPM for 5 sec. slowly over the parsley section,Use Fogg-It 0.5 GPM for 10 sec OR Fogg-It 2 GPM for 5 sec. slowly over the parsley section,Use Fogg-It 0.5 GPM for 10 sec OR Fogg-It 2 GPM for 5 sec. s slowly over the parsley section
parsley_001,< 35°F,26-50%,Partly Cloudy,Normal (3-7),Don't water,Don't water,Don't water,Use Fogg-It 0.5 GPM for 5 sec OR Fogg-It 2 GPM for 5 sec. slowly over the parsley section,Use Fogg-It 0.5 GPM for 5 sec OR Fogg-It 2 GPM for 5 sec. slowly over the parsley section,Use Fogg-It 0.5 GPM for 5 sec OR Fogg-It 2 GPM for 5 sec. slowly over the parsley section,Use Fogg-It 0.5 GPM for 10 sec OR Fogg-It 2 GPM for 5 sec. slowly over the parsley section
parsley_001,< 35°F,26-50%,Partly Cloudy,Wet (7-10),Don't water,Don't water,Don't water,Don't water,Don't water,Don't water,Don't water
parsley_001,< 35°F,26-50%,Cloudy,Dry (0-3),Use Fogg-It 0.5 GPM for 5 sec OR Fogg-It 2 GPM for 5 sec. slowly over the parsley section,Use Fogg-It 0.5 GPM for 5 sec OR Fogg-It 2 GPM for 5 sec. slowly over the parsley section,Use Fogg-It 0.5 GPM for 5 sec OR Fogg-It 2 GPM for 5 sec. slowly over the parsley section,Use Fogg-It 0.5 GPM for 5 sec OR Fogg-It 2 GPM for 5 sec. slowly over the parsley section,Use Fogg-It 0.5 GPM for 5 sec OR Fogg-It 2 GPM for 5 sec. slowly over the parsley section,Use Fogg-It 0.5 GPM for 5 sec OR Fogg-It 2 GPM for 5 sec. slowly over the parsley section,Use Fogg-It 0.5 GPM for 10 sec OR Fogg-It 2 GPM for 5 sec. slowly over the parsley section
parsley_001,< 35°F,26-50%,Cloudy,Normal (3-7),Don't water,Don't water,Don't water,Don't water,Use Fogg-It 0.5 GPM for 5 sec OR Fogg-It 2 GPM for 5 sec. slowly over the parsley section,Use Fogg-It 0.5 GPM for 5 sec OR Fogg-It 2 GPM for 5 sec. slowly over the parsley section,Use Fogg-It 0.5 GPM for 5 sec OR Fogg-It 2 GPM for 5 sec. slowly over the parsley section
parsley_001,< 35°F,26-50%,Cloudy,Wet (7-10),Don't water,Don't water,Don't water,Don't water,Don't water,Don't water,Don't water
parsley_001,< 35°F,51-75%,Sunny,Dry (0-3),Use Fogg-It 0.5 GPM for 5 sec OR Fogg-It 2 GPM for 5 sec. slowly over the parsley section,Use Fogg-It 0.5 GPM for 5 sec OR Fogg-It 2 GPM for 5 sec. slowly over the parsley section,Use Fogg-It 0.5 GPM for 5 sec OR Fogg-It 2 GPM for 5 sec. slowly over the parsley section,Use Fogg-It 0.5 GPM for 5 sec OR Fogg-It 2 GPM for 5 sec. slowly over the parsley section,Use Fogg-It 0.5 GPM for 10 sec OR Fogg-It 2 GPM for 5 sec. slowly over the parsley section,Use Fogg-It 0.5 GPM for 15 sec OR Fogg-It 2 GPM for 5 sec. slowly over the parsley section,Use Fogg-It 0.5 GPM for 10 sec OR Fogg-It 2 GPM for 5 sec. s slowly over the parsley section
parsley_001,< 35°F,51-75%,Sunny,Normal (3-7),Don't water,Don't water,Don't water,Use Fogg-It 0.5 GPM for 5 sec OR Fogg-It 2 GPM for 5 sec. slowly over the parsley section,Use Fogg-It 0.5 GPM for 5 sec OR Fogg-It 2 GPM for 5 sec. slowly over the parsley section,Use Fogg-It 0.5 GPM for 5 sec OR Fogg-It 2 GPM for 5 sec. slowly over the parsley section,Use Fogg-It 0.5 GPM for 10 sec OR Fogg-It 2 GPM for 5 sec. slowly over the parsley section
parsley_001,< 35°F,51-75%,Sunny,Wet (7-10),Don't water,Don't water,Don't water,Don't water,Don't water,Don't water,Don't water
parsley_001,< 35°F,51-75%,Partly Cloudy,Dry (0-3),Use Fogg-It 0.5 GPM for 5 sec OR Fogg-It 2 GPM for 5 sec. slowly over the parsley section,Use Fogg-It 0.5 GPM for 5 sec OR Fogg-It 2 GPM for 5 sec. slowly over the parsley section,Use Fogg-It 0.5 GPM for 5 sec OR Fogg-It 2 GPM for 5 sec. slowly over the parsley section,Use Fogg-It 0.5 GPM for 5 sec OR Fogg-It 2 GPM for 5 sec. slowly over the parsley section,Use Fogg-It 0.5 GPM for 5 sec OR Fogg-It 2 GPM for 5 sec. slowly over the parsley section,Use Fogg-It 0.5 GPM for 10 sec OR Fogg-It 2 GPM for 5 sec. slowly over the parsley section,Use Fogg-It 0.5 GPM for 15 sec OR Fogg-It 2 GPM for 5 sec. slowly over the parsley section
parsley_001,< 35°F,51-75%,Partly Cloudy,Normal (3-7),Don't water,Don't water,Don't water,Don't water,Use Fogg-It 0.5 GPM for 5 sec OR Fogg-It 2 GPM for 5 sec. slowly over the parsley section,Use Fogg-It 0.5 GPM for 5 sec OR Fogg-It 2 GPM for 5 sec. slowly over the parsley section,Use Fogg-It 0.5 GPM for 5 sec OR Fogg-It 2 GPM for 5 sec. slowly over the parsley section
parsley_001,< 35°F,51-75%,Partly Cloudy,Wet (7-10),Don't water,Don't water,Don't water,Don't water,Don't water,Don't water,Don't water
parsley_001,< 35°F,51-75%,Cloudy,Dry (0-3),Use Fogg-It 0.5 GPM for 5 sec OR Fogg-It 2 GPM for 5 sec. slowly over the parsley section,Use Fogg-It 0.5 GPM for 5 sec OR Fogg-It 2 GPM for 5 sec. slowly over the parsley section,Use Fogg-It 0.5 GPM for 5 sec OR Fogg-It 2 GPM for 5 sec. slowly over the parsley section,Use Fogg-It 0.5 GPM for 5 sec OR Fogg-It 2 GPM for 5 sec. slowly over the parsley section,Use Fogg-It 0.5 GPM for 5 sec OR Fogg-It 2 GPM for 5 sec. slowly over the parsley section,Use Fogg-It 0.5 GPM for 5 sec OR Fogg-It 2 GPM for 5 sec. slowly over the parsley section,Use Fogg-It 0.5 GPM for 10 sec OR Fogg-It 2 GPM for 5 sec. slowly over the parsley section
parsley_001,< 35°F,51-75%,Cloudy,Normal (3-7),Don't water,Don't water,Don't water,Don't water,Don't water,Use Fogg-It 0.5 GPM for 5 sec OR Fogg-It 2 GPM for 5 sec. slowly over the parsley section,Use Fogg-It 0.5 GPM for 5 sec OR Fogg-It 2 GPM for 5 sec. slowly over the parsley section
parsley_001,< 35°F,51-75%,Cloudy,Wet (7-10),Don't water,Don't water,Don't water,Don't water,Don't water,Don't water,Don't water
parsley_001,< 35°F,76-100%,Sunny,Dry (0-3),Use Fogg-It 0.5 GPM for 5 sec OR Fogg-It 2 GPM for 5 sec. slowly over the parsley section,Use Fogg-It 0.5 GPM for 5 sec OR Fogg-It 2 GPM for 5 sec. slowly over the parsley section,Use Fogg-It 0.5 GPM for 5 sec OR Fogg-It 2 GPM for 5 sec. slowly over the parsley section,Use Fogg-It 0.5 GPM for 10 sec OR Fogg-It 2 GPM for 5 sec. slowly over the parsley section,Use Fogg-It 0.5 GPM for 15 sec OR Fogg-It 2 GPM for 5 sec. slowly over the parsley section,Use Fogg-It 0.5 GPM for 30 sec OR Fogg-It 2 GPM for 10 sec. slowly over the parsley section,Use Fogg-It 0.5 GPM for 45 sec OR Fogg-It 2 GPM for 10 sec. s slowly over the parsley section
parsley_001,< 35°F,76-100%,Sunny,Normal (3-7),Don't water,Use Fogg-It 0.5 GPM for 5 sec OR Fogg-It 2 GPM for 5 sec. slowly over the parsley section,Use Fogg-It 0.5 GPM for 5 sec OR Fogg-It 2 GPM for 5 sec. slowly over the parsley section,Use Fogg-It 0.5 GPM for 5 sec OR Fogg-It 2 GPM for 5 sec. slowly over the parsley section,Use Fogg-It 0.5 GPM for 10 sec OR Fogg-It 2 GPM for 5 sec. slowly over the parsley section,Use Fogg-It 0.5 GPM for 15 sec OR Fogg-It 2 GPM for 5 sec. slowly over the parsley section,Use Fogg-It 0.5 GPM for 30 sec OR Fogg-It 2 GPM for 10 sec. slowly over the parsley section
parsley_001,< 35°F,76-100%,Sunny,Wet (7-10),Don't water,Don't water,Don't water,Don't water,Don't water,Don't water,Don't water
parsley_001,< 35°F,76-100%,Partly Cloudy,Dry (0-3),Use Fogg-It 0.5 GPM for 5 sec OR Fogg-It 2 GPM for 5 sec. slowly over the parsley section,Use Fogg-It 0.5 GPM for 5 sec OR Fogg-It 2 GPM for 5 sec. slowly over the parsley section,Use Fogg-It 0.5 GPM for 5 sec OR Fogg-It 2 GPM for 5 sec. slowly over the parsley section,Use Fogg-It 0.5 GPM for 5 sec OR Fogg-It 2 GPM for 5 sec. slowly over the parsley section,Use Fogg-It 0.5 GPM for 10 sec OR Fogg-It 2 GPM for 5 sec. slowly over the parsley section,Use Fogg-It 0.5 GPM for 15 sec OR Fogg-It 2 GPM for 5 sec. slowly over the parsley section,Use Fogg-It 0.5 GPM for 30 sec OR Fogg-It 2 GPM for 10 sec. slowly over the parsley section
parsley_001,< 35°F,76-100%,Partly Cloudy,Normal (3-7),Don't water,Don't water,Use Fogg-It 0.5 GPM for 5 sec OR Fogg-It 2 GPM for 5 sec. slowly over the parsley section,Use Fogg-It 0.5 GPM for 5 sec OR Fogg-It 2 GPM for 5 sec. slowly over the parsley section,Use Fogg-It 0.5 GPM for 5 sec OR Fogg-It 2 GPM for 5 sec. slowly over the parsley section,Use Fogg-It 0.5 GPM for 10 sec OR Fogg-It 2 GPM for 5 sec. slowly over the parsley section,Use Fogg-It 0.5 GPM for 15 sec OR Fogg-It 2 GPM for 5 sec. slowly over the parsley section
parsley_001,< 35°F,76-100%,Partly Cloudy,Wet (7-10),Don't water,Don't water,Don't water,Don't water,Don't water,Don't water,Don't water
parsley_001,< 35°F,76-100%,Cloudy,Dry (0-3),Use Fogg-It 0.5 GPM for 5 sec OR Fogg-It 2 GPM for 5 sec. slowly over the parsley section,Use Fogg-It 0.5 GPM for 5 sec OR Fogg-It 2 GPM for 5 sec. slowly over the parsley section,Use Fogg-It 0.5 GPM for 5 sec OR Fogg-It 2 GPM for 5 sec. slowly over the parsley section,Use Fogg-It 0.5 GPM for 5 sec OR Fogg-It 2 GPM for 5 sec. slowly over the parsley section,Use Fogg-It 0.5 GPM for 5 sec OR Fogg-It 2 GPM for 5 sec. slowly over the parsley section,Use Fogg-It 0.5 GPM for 10 sec OR Fogg-It 2 GPM for 5 sec. slowly over the parsley section,Use Fogg-It 0.5 GPM for 15 sec OR Fogg-It 2 GPM for 5 sec. slowly over the parsley section
parsley_001,< 35°F,76-100%,Cloudy,Normal (3-7),Don't water,Don't water,Don't water,Use Fogg-It 0.5 GPM for 5 sec OR Fogg-It 2 GPM for 5 sec. slowly over the parsley section,Use Fogg-It 0.5 GPM for 5 sec OR Fogg-It 2 GPM for 5 sec. slowly over the parsley section,Use Fogg-It 0.5 GPM for 5 sec OR Fogg-It 2 GPM for 5 sec. slowly over the parsley section,Use Fogg-It 0.5 GPM for 10 sec OR Fogg-It 2 GPM for 5 sec. slowly over the parsley section
parsley_001,< 35°F,76-100%,Cloudy,Wet (7-10),Don't water,Don't water,Don't water,Don't water,Don't water,Don't water,Don't water
pepper_001,< 50°F,0-25%,Sunny,Dry (0-3),Use Fogg-It 0.5 GPM for 5 sec OR Fogg-It 2 GPM for 5 sec. slowly in a ring around the stem,Use Fogg-It 0.5 GPM for 5 sec OR Fogg-It 2 GPM for 5 sec. slowly in a ring around the stem,Use Fogg-It 0.5 GPM for 5 sec OR Fogg-It 2 GPM for 5 sec. slowly in a ring around the stem,Use Fogg-It 0.5 GPM for 5 sec OR Fogg-It 2 GPM for 5 sec. slowly in a ring around the stem,Use Fogg-It 0.5 GPM for 5 sec OR Fogg-It 2 GPM for 5 sec. slowly in a ring around the stem,Use Fogg-It 0.5 GPM for 10 sec OR Fogg-It 2 GPM for 5 sec. slowly in a ring around the stem,Use Fogg-It 0.5 GPM for 10 sec OR Fogg-It 2 GPM for 5 sec. slowly in a ring around the stem
pepper_001,< 50°F,0-25%,Sunny,Normal (3-7),Don't water,Don't water,Use Fogg-It 0.5 GPM for 5 sec OR Fogg-It 2 GPM for 5 sec. slowly in a ring around the stem,Use Fogg-It 0.5 GPM for 5 sec OR Fogg-It 2 GPM for 5 sec. slowly in a ring around the stem,Use Fogg-It 0.5 GPM for 5 sec OR Fogg-It 2 GPM for 5 sec. slowly in a ring around the stem,Use Fogg-It 0.5 GPM for 5 sec OR Fogg-It 2 GPM for 5 sec. slowly in a ring around the stem,Use Fogg-It 0.5 GPM for 5 sec OR Fogg-It 2 GPM for 5 sec. slowly in a ring around the stem
pepper_001,< 50°F,0-25%,Sunny,Wet (7-10),Don't water,Don't water,Don't water,Don't water,Don't water,Don't water,Don't water
pepper_001,< 50°F,0-25%,Partly Cloudy,Dry (0-3),Use Fogg-It 0.5 GPM for 5 sec OR Fogg-It 2 GPM for 5 sec. slowly in a ring around the stem,Use Fogg-It 0.5 GPM for 5 sec OR Fogg-It 2 GPM for 5 sec. slowly in a ring around the stem,Use Fogg-It 0.5 GPM for 5 sec OR Fogg-It 2 GPM for 5 sec. slowly in a ring around the stem,Use Fogg-It 0.5 GPM for 5 sec OR Fogg-It 2 GPM for 5 sec. slowly in a ring around the stem,Use Fogg-It 0.5 GPM for 5 sec OR Fogg-It 2 GPM for 5 sec. slowly in a ring around the stem,Use Fogg-It 0.5 GPM for 5 sec OR Fogg-It 2 GPM for 5 sec. slowly in a ring around the stem,Use Fogg-It 0.5 GPM for 10 sec OR Fogg-It 2 GPM for 5 sec. slowly in a ring around the stem
pepper_001,< 50°F,0-25%,Partly Cloudy,Normal (3-7),Don't water,Don't water,Don't water,Use Fogg-It 0.5 GPM for 5 sec OR Fogg-It 2 GPM for 5 sec. slowly in a ring around the stem,Use Fogg-It 0.5 GPM for 5 sec OR Fogg-It 2 GPM for 5 sec. slowly in a ring around the stem,Use Fogg-It 0.5 GPM for 5 sec OR Fogg-It 2 GPM for 5 sec. slowly in a ring around the stem,Use Fogg-It 0.5 GPM for 5 sec OR Fogg-It 2 GPM for 5 sec. slowly in a ring around the stem
pepper_001,< 50°F,0-25%,Partly Cloudy,Wet (7-10),Don't water,Don't water,Don't water,Don't water,Don't water,Don't water,Don't water
pepper_001,< 50°F,0-25%,Cloudy,Dry (0-3),Use Fogg-It 0.5 GPM for 5 sec OR Fogg-It 2 GPM for 5 sec. slowly in a ring around the stem,Use Fogg-It 0.5 GPM for 5 sec OR Fogg-It 2 GPM for 5 sec. slowly in a ring around the stem,Use Fogg-It 0.5 GPM for 5 sec OR Fogg-It 2 GPM for 5 sec. slowly in a ring around the stem,Use Fogg-It 0.5 GPM for 5 sec OR Fogg-It 2 GPM for 5 sec. slowly in a ring around the stem,Use Fogg-It 0.5 GPM for 5 sec OR Fogg-It 2 GPM for 5 sec. slowly in a ring around the stem,Use Fogg-It 0.5 GPM for 5 sec OR Fogg-It 2 GPM for 5 sec. slowly in a ring around the stem,Use Fogg-It 0.5 GPM for 5 sec OR Fogg-It 2 GPM for 5 sec. slowly in a ring around the stem
pepper_001,< 50°F,0-25%,Cloudy,Normal (3-7),Don't water,Don't water,Don't water,Don't water,Use Fogg-It 0.5 GPM for 5 sec OR Fogg-It 2 GPM for 5 sec. slowly in a ring around the stem,Use Fogg-It 0.5 GPM for 5 sec OR Fogg-It 2 GPM for 5 sec. slowly in a ring around the stem,Use Fogg-It 0.5 GPM for 5 sec OR Fogg-It 2 GPM for 5 sec. slowly in a ring around the stem
pepper_001,< 50°F,0-25%,Cloudy,Wet (7-10),Don't water,Don't water,Don't water,Don't water,Don't water,Don't water,Don't water
pepper_001,< 50°F,26-50%,Sunny,Dry (0-3),Use Fogg-It 0.5 GPM for 5 sec OR Fogg-It 2 GPM for 5 sec. slowly in a ring around the stem,Use Fogg-It 0.5 GPM for 5 sec OR Fogg-It 2 GPM for 5 sec. slowly in a ring around the stem,Use Fogg-It 0.5 GPM for 5 sec OR Fogg-It 2 GPM for 5 sec. slowly in a ring around the stem,Use Fogg-It 0.5 GPM for 5 sec OR Fogg-It 2 GPM for 5 sec. slowly in a ring around the stem,Use Fogg-It 0.5 GPM for 5 sec OR Fogg-It 2 GPM for 5 sec. slowly in a ring around the stem,Use Fogg-It 0.5 GPM for 5 sec OR Fogg-It 2 GPM for 5 sec. slowly in a ring around the stem,Use Fogg-It 0.5 GPM for 10 sec OR Fogg-It 2 GPM for 5 sec. slowly in a ring around the stem
pepper_001,< 50°F,26-50%,Sunny,Normal (3-7),Don't water,Don't water,Don't water,Use Fogg-It 0.5 GPM for 5 sec OR Fogg-It 2 GPM for 5 sec. slowly in a ring around the stem,Use Fogg-It 0.5 GPM for 5 sec OR Fogg-It 2 GPM for 5 sec. slowly in a ring around the stem,Use Fogg-It 0.5 GPM for 5 sec OR Fogg-It 2 GPM for 5 sec. slowly in a ring around the stem,Use Fogg-It 0.5 GPM for 5 sec OR Fogg-It 2 GPM for 5 sec. slowly in a ring around the stem
pepper_001,< 50°F,26-50%,Sunny,Wet (7-10),Don't water,Don't water,Don't water,Don't water,Don't water,Don't water,Don't water
pepper_001,< 50°F,26-50%,Partly Cloudy,Dry (0-3),Use Fogg-It 0.5 GPM for 5 sec OR Fogg-It 2 GPM for 5 sec. slowly in a ring around the stem,Use Fogg-It 0.5 GPM for 5 sec OR Fogg-It 2 GPM for 5 sec. slowly in a ring around the stem,Use Fogg-It 0.5 GPM for 5 sec OR Fogg-It 2 GPM for 5 sec. slowly in a ring around the stem,Use Fogg-It 0.5 GPM for 5 sec OR Fogg-It 2 GPM for 5 sec. slowly in a ring around the stem,Use Fogg-It 0.5 GPM for 5 sec OR Fogg-It 2 GPM for 5 sec. slowly in a ring around the stem,Use Fogg-It 0.5 GPM for 5 sec OR Fogg-It 2 GPM for 5 sec. slowly in a ring around the stem,Use Fogg-It 0.5 GPM for 5 sec OR Fogg-It 2 GPM for 5 sec. slowly in a ring around the stem
pepper_001,< 50°F,26-50%,Partly Cloudy,Normal (3-7),Don't water,Don't water,Don't water,Don't water,Use Fogg-It 0.5 GPM for 5 sec OR Fogg-It 2 GPM for 5 sec. slowly in a ring around the stem,Use Fogg-It 0.5 GPM for 5 sec OR Fogg-It 2 GPM for 5 sec. slowly in a ring around the stem,Use Fogg-It 0.5 GPM for 5 sec OR Fogg-It 2 GPM for 5 sec. slowly in a ring around the stem
pepper_001,< 50°F,26-50%,Partly Cloudy,Wet (7-10),Don't water,Don't water,Don't water,Don't water,Don't water,Don't water,Don't water
pepper_001,< 50°F,26-50%,Cloudy,Dry (0-3),Use Fogg-It 0.5 GPM for 5 sec OR Fogg-It 2 GPM for 5 sec. slowly in a ring around the stem,Use Fogg-It 0.5 GPM for 5 sec OR Fogg-It 2 GPM for 5 sec. slowly in a ring around the stem,Use Fogg-It 0.5 GPM for 5 sec OR Fogg-It 2 GPM for 5 sec. slowly in a ring around the stem,Use Fogg-It 0.5 GPM for 5 sec OR Fogg-It 2 GPM for 5 sec. slowly in a ring around the stem,Use Fogg-It 0.5 GPM for 5 sec OR Fogg-It 2 GPM for 5 sec. slowly in a ring around the stem,Use Fogg-It 0.5 GPM for 5 sec OR Fogg-It 2 GPM for 5 sec. slowly in a ring around the stem,Use Fogg-It 0.5 GPM for 5 sec OR Fogg-It 2 GPM for 5 sec. slowly in a ring around the stem
pepper_001,< 50°F,26-50%,Cloudy,Normal (3-7),Don't water,Don't water,Don't water,Don't water,Don't water,Use Fogg-It 0.5 GPM for 5 sec OR Fogg-It 2 GPM for 5 sec. slowly in a ring around the stem,Use Fogg-It 0.5 GPM for 5 sec OR Fogg-It 2 GPM for 5 sec. slowly in a ring around the stem
pepper_001,< 50°F,26-50%,Cloudy,Wet (7-10),Don't water,Don't water,Don't water,Don't water,Don't water,Don't water,Don't water
pepper_001,< 50°F,51-75%,Sunny,Dry (0-3),Use Fogg-It 0.5 GPM for 5 sec OR Fogg-It 2 GPM for 5 sec. slowly in a ring around the stem,Use Fogg-It 0.5 GPM for 5 sec OR Fogg-It 2 GPM for 5 sec. slowly in a ring around the stem,Use Fogg-It 0.5 GPM for 5 sec OR Fogg-It 2 GPM for 5 sec. slowly in a ring around the stem,Use Fogg-It 0.5 GPM for 5 sec OR Fogg-It 2 GPM for 5 sec. slowly in a ring around the stem,Use Fogg-It 0.5 GPM for 5 sec OR Fogg-It 2 GPM for 5 sec. slowly in a ring around the stem,Use Fogg-It 0.5 GPM for 5 sec OR Fogg-It 2 GPM for 5 sec. slowly in a ring around the stem,Use Fogg-It 0.5 GPM for 5 sec OR Fogg-It 2 GPM for 5 sec. slowly in a ring around the stem
pepper_001,< 50°F,51-75%,Sunny,Normal (3-7),Don't water,Don't water,Don't water,Don't water,Use Fogg-It 0.5 GPM for 5 sec OR Fogg-It 2 GPM for 5 sec. slowly in a ring around the stem,Use Fogg-It 0.5 GPM for 5 sec OR Fogg-It 2 GPM for 5 sec. slowly in a ring around the stem,Use Fogg-It 0.5 GPM for 5 sec OR Fogg-It 2 GPM for 5 sec. slowly in a ring around the stem
pepper_001,< 50°F,51-75%,Sunny,Wet (7-10),Don't water,Don't water,Don't water,Don't water,Don't water,Don't water,Don't water
pepper_001,< 50°F,51-75%,Partly Cloudy,Dry (0-3),Use Fogg-It 0.5 GPM for 5 sec OR Fogg-It 2 GPM for 5 sec. slowly in a ring around the stem,Use Fogg-It 0.5 GPM for 5 sec OR Fogg-It 2 GPM for 5 sec. slowly in a ring around the stem,Use Fogg-It 0.5 GPM for 5 sec OR Fogg-It 2 GPM for 5 sec. slowly in a ring around the stem,Use Fogg-It 0.5 GPM for 5 sec OR Fogg-It 2 GPM for 5 sec. slowly in a ring around the stem,Use Fogg-It 0.5 GPM for 5 sec OR Fogg-It 2 GPM for 5 sec. slowly in a ring around the stem,Use Fogg-It 0.5 GPM for 5 sec OR Fogg-It 2 GPM for 5 sec. slowly in a ring around the stem,Use Fogg-It 0.5 GPM for 5 sec OR Fogg-It 2 GPM for 5 sec. slowly in a ring around the stem
pepper_001,< 50°F,51-75%,Partly Cloudy,Normal (3-7),Don't water,Don't water,Don't water,Don't water,Don't water,Use Fogg-It 0.5 GPM for 5 sec OR Fogg-It 2 GPM for 5 sec. slowly in a ring around the stem,Use Fogg-It 0.5 GPM for 5 sec OR Fogg-It 2 GPM for 5 sec. slowly in a ring around the stem
pepper_001,< 50°F,51-75%,Partly Cloudy,Wet (7-10),Don't water,Don't water,Don't water,Don't water,Don't water,Don't water,Don't water
pepper_001,< 50°F,51-75%,Cloudy,Dry (0-3),Use Fogg-It 0.5 GPM for 5 sec OR Fogg-It 2 GPM for 5 sec. slowly in a ring around the stem,Use Fogg-It 0.5 GPM for 5 sec OR Fogg-It 2 GPM for 5 sec. slowly in a ring around the stem,Use Fogg-It 0.5 GPM for 5 sec OR Fogg-It 2 GPM for 5 sec. slowly in a ring around the stem,Use Fogg-It 0.5 GPM for 5 sec OR Fogg-It 2 GPM for 5 sec. slowly in a ring around the stem,Use Fogg-It 0.5 GPM for 5 sec OR Fogg-It 2 GPM for 5 sec. slowly in a ring around the stem,Use Fogg-It 0.5 GPM for 5 sec OR Fogg-It 2 GPM for 5 sec. slowly in a ring around the stem,Use Fogg-It 0.5 GPM for 5 sec OR Fogg-It 2 GPM for 5 sec. slowly in a ring around the stem
pepper_001,< 50°F,51-75%,Cloudy,Normal (3-7),Don't water,Don't water,Don't water,Don't water,Don't water,Don't water,Use Fogg-It 0.5 GPM for 5 sec OR Fogg-It 2 GPM for 5 sec. slowly in a ring around the stem
pepper_001,< 50°F,51-75%,Cloudy,Wet (7-10),Don't water,Don't water,Don't water,Don't water,Don't water,Don't water,Don't water
pepper_001,< 50°F,76-100%,Sunny,Dry (0-3),Use Fogg-It 0.5 GPM for 5 sec OR Fogg-It 2 GPM for 5 sec. slowly in a ring around the stem,Use Fogg-It 0.5 GPM for 5 sec OR Fogg-It 2 GPM for 5 sec. slowly in a ring around the stem,Use Fogg-It 0.5 GPM for 5 sec OR Fogg-It 2 GPM for 5 sec. slowly in a ring around the stem,Use Fogg-It 0.5 GPM for 5 sec OR Fogg-It 2 GPM for 5 sec. slowly in a ring around the stem,Use Fogg-It 0.5 GPM for 5 sec OR Fogg-It 2 GPM for 5 sec. slowly in a ring around the stem,Use Fogg-It 0.5 GPM for 5 sec OR Fogg-It 2 GPM for 5 sec. slowly in a ring around the stem,Use Fogg-It 0.5 GPM for 5 sec OR Fogg-It 2 GPM for 5 sec. slowly in a ring around the stem
pepper_001,< 50°F,76-100%,Sunny,Normal (3-7),Don't water,Don't water,Don't water,Don't water,Don't water,Use Fogg-It 0.5 GPM for 5 sec OR Fogg-It 2 GPM for 5 sec. slowly in a ring around the stem,Use Fogg-It 0.5 GPM for 5 sec OR Fogg-It 2 GPM for 5 sec. slowly in a ring around the stem
pepper_001,< 50°F,76-100%,Sunny,Wet (7-10),Don't water,Don't water,Don't water,Don't water,Don't water,Don't water,Don't water
pepper_001,< 50°F,76-100%,Partly Cloudy,Dry (0-3),Use Fogg-It 0.5 GPM for 5 sec OR Fogg-It 2 GPM for 5 sec. slowly in a ring around the stem,Use Fogg-It 0.5 GPM for 5 sec OR Fogg-It 2 GPM for 5 sec. slowly in a ring around the stem,Use Fogg-It 0.5 GPM for 5 sec OR Fogg-It 2 GPM for 5 sec. slowly in a ring around the stem,Use Fogg-It 0.5 GPM for 5 sec OR Fogg-It 2 GPM for 5 sec. slowly in a ring around the stem,Use Fogg-It 0.5 GPM for 5 sec OR Fogg-It 2 GPM for 5 sec. slowly in a ring around the stem,Use Fogg-It 0.5 GPM for 5 sec OR Fogg-It 2 GPM for 5 sec. slowly in a ring around the stem,Use Fogg-It 0.5 GPM for 5 sec OR Fogg-It 2 GPM for 5 sec. slowly in a ring around the stem
pepper_001,< 50°F,76-100%,Partly Cloudy,Normal (3-7),Don't water,Don't water,Don't water,Don't water,Don't water,Don't water,Use Fogg-It 0.5 GPM for 5 sec OR Fogg-It 2 GPM for 5 sec. slowly in a ring around the stem
pepper_001,< 50°F,76-100%,Partly Cloudy,Wet (7-10),Don't water,Don't water,Don't water,Don't water,Don't water,Don't water,Don't water
pepper_001,< 50°F,76-100%,Cloudy,Dry (0-3),Don't water,Use Fogg-It 0.5 GPM for 5 sec OR Fogg-It 2 GPM for 5 sec. slowly in a ring around the stem,Use Fogg-It 0.5 GPM for 5 sec OR Fogg-It 2 GPM for 5 sec. slowly in a ring around the stem,Use Fogg-It 0.5 GPM for 5 sec OR Fogg-It 2 GPM for 5 sec. slowly in a ring around the stem,Use Fogg-It 0.5 GPM for 5 sec OR Fogg-It 2 GPM for 5 sec. slowly in a ring around the stem,Use Fogg-It 0.5 GPM for 5 sec OR Fogg-It 2 GPM for 5 sec. slowly in a ring around the stem,Use Fogg-It 0.5 GPM for 5 sec OR Fogg-It 2 GPM for 5 sec. slowly in a ring around the stem
pepper_001,< 50°F,76-100%,Cloudy,Normal (3-7),Don't water,Don't water,Don't water,Don't water,Don't water,Don't water,Don't water
pepper_001,< 50°F,76-100%,Cloudy,Wet (7-10),Don't water,Don't water,Don't water,Don't water,Don't water,Don't water,Don't water
pepper_002,< 45°F,0-25%,Sunny,Dry (0-3),Use Fogg-It 0.5 GPM for 5 sec OR Fogg-It 2 GPM for 5 sec. slowly in a ring around the stem,Use Fogg-It 0.5 GPM for 5 sec OR Fogg-It 2 GPM for 5 sec. slowly in a ring around the stem,Use Fogg-It 0.5 GPM for 10 sec OR Fogg-It 2 GPM for 5 sec. slowly in a ring around the stem,Use Fogg-It 0.5 GPM for 10 sec OR Fogg-It 2 GPM for 5 sec. s slowly in a ring around the stem,Use Fogg-It 0.5 GPM for 15 sec OR Fogg-It 2 GPM for 5 sec. slowly in a ring around the stem,Use Fogg-It 0.5 GPM for 30 sec OR Fogg-It 2 GPM for 10 sec. slowly in a ring around the stem,Use Fogg-It 0.5 GPM for 30 sec OR Fogg-It 2 GPM for 10 sec. slowly in a ring around the stem
pepper_002,< 45°F,0-25%,Sunny,Normal (3-7),Use Fogg-It 0.5 GPM for 5 sec OR Fogg-It 2 GPM for 5 sec. slowly in a ring around the stem,Use Fogg-It 0.5 GPM for 5 sec OR Fogg-It 2 GPM for 5 sec. slowly in a ring around the stem,Use Fogg-It 0.5 GPM for 5 sec OR Fogg-It 2 GPM for 5 sec. slowly in a ring around the stem,Use Fogg-It 0.5 GPM for 10 sec OR Fogg-It 2 GPM for 5 sec. slowly in a ring around the stem,Use Fogg-It 0.5 GPM for 10 sec OR Fogg-It 2 GPM for 5 sec. s slowly in a ring around the stem,Use Fogg-It 0.5 GPM for 15 sec OR Fogg-It 2 GPM for 5 sec. slowly in a ring around the stem,Use Fogg-It 0.5 GPM for 15 sec OR Fogg-It 2 GPM for 5 sec. slowly in a ring around the stem
pepper_002,< 45°F,0-25%,Sunny,Wet (7-10),Don't water,Don't water,Don't water,Don't water,Don't water,Don't water,Don't water
pepper_002,< 45°F,0-25%,Partly Cloudy,Dry (0-3),Use Fogg-It 0.5 GPM for 5 sec OR Fogg-It 2 GPM for 5 sec. slowly in a ring around the stem,Use Fogg-It 0.5 GPM for 5 sec OR Fogg-It 2 GPM for 5 sec. slowly in a ring around the stem,Use Fogg-It 0.5 GPM for 10 sec OR Fogg-It 2 GPM for 5 sec. slowly in a ring around the stem,Use Fogg-It 0.5 GPM for 10 sec OR Fogg-It 2 GPM for 5 sec. s slowly in a ring around the stem,Use Fogg-It 0.5 GPM for 15 sec OR Fogg-It 2 GPM for 5 sec. slowly in a ring around the stem,Use Fogg-It 0.5 GPM for 15 sec OR Fogg-It 2 GPM for 5 sec. slowly in a ring around the stem,Use Fogg-It 0.5 GPM for 30 sec OR Fogg-It 2 GPM for 10 sec. slowly in a ring around the stem
pepper_002,< 45°F,0-25%,Partly Cloudy,Normal (3-7),Use Fogg-It 0.5 GPM for 5 sec OR Fogg-It 2 GPM for 5 sec. slowly in a ring around the stem,Use Fogg-It 0.5 GPM for 5 sec OR Fogg-It 2 GPM for 5 sec. slowly in a ring around the stem,Use Fogg-It 0.5 GPM for 5 sec OR Fogg-It 2 GPM for 5 sec. slowly in a ring around the stem,Use Fogg-It 0.5 GPM for 5 sec OR Fogg-It 2 GPM for 5 sec. slowly in a ring around the stem,Use Fogg-It 0.5 GPM for 10 sec OR Fogg-It 2 GPM for 5 sec. slowly in a ring around the stem,Use Fogg-It 0.5 GPM for 10 sec OR Fogg-It 2 GPM for 5 sec. s slowly in a ring around the stem,Use Fogg-It 0.5 GPM for 15 sec OR Fogg-It 2 GPM for 5 sec. slowly in a ring around the stem
pepper_002,< 45°F,0-25%,Partly Cloudy,Wet (7-10),Don't water,Don't water,Don't water,Don't water,Don't water,Don't water,Don't water
pepper_002,< 45°F,0-25%,Cloudy,Dry (0-3),Use Fogg-It 0.5 GPM for 5 sec OR Fogg-It 2 GPM for 5 sec. slowly in a ring around the stem,Use Fogg-It 0.5 GPM for 5 sec OR Fogg-It 2 GPM for 5 sec. slowly in a ring around the stem,Use Fogg-It 0.5 GPM for 5 sec OR Fogg-It 2 GPM for 5 sec. slowly in a ring around the stem,Use Fogg-It 0.5 GPM for 10 sec OR Fogg-It 2 GPM for 5 sec. slowly in a ring around the stem,Use Fogg-It 0.5 GPM for 10 sec OR Fogg-It 2 GPM for 5 sec. s slowly in a ring around the stem,Use Fogg-It 0.5 GPM for 15 sec OR Fogg-It 2 GPM for 5 sec. slowly in a ring around the stem,Use Fogg-It 0.5 GPM for 15 sec OR Fogg-It 2 GPM for 5 sec. slowly in a ring around the stem
pepper_002,< 45°F,0-25%,Cloudy,Normal (3-7),Don't water,Use Fogg-It 0.5 GPM for 5 sec OR Fogg-It 2 GPM for 5 sec. slowly in a ring around the stem,Use Fogg-It 0.5 GPM for 5 sec OR Fogg-It 2 GPM for 5 sec. slowly in a ring around the stem,Use Fogg-It 0.5 GPM for 5 sec OR Fogg-It 2 GPM for 5 sec. slowly in a ring around the stem,Use Fogg-It 0.5 GPM for 5 sec OR Fogg-It 2 GPM for 5 sec. slowly in a ring around the stem,Use Fogg-It 0.5 GPM for 10 sec OR Fogg-It 2 GPM for 5 sec. slowly in a ring around the stem,Use Fogg-It 0.5 GPM for 10 sec OR Fogg-It 2 GPM for 5 sec. s slowly in a ring around the stem
pepper_002,< 45°F,0-25%,Cloudy,Wet (7-10),Don't water,Don't water,Don't water,Don't water,Don't water,Don't water,Don't water
pepper_002,< 45°F,26-50%,Sunny,Dry (0-3),Use Fogg-It 0.5 GPM for 5 sec OR Fogg-It 2 GPM for 5 sec. slowly in a ring around the stem,Use Fogg-It 0.5 GPM for 5 sec OR Fogg-It 2 GPM for 5 sec. slowly in a ring around the stem,Use Fogg-It 0.5 GPM for 10 sec OR Fogg-It 2 GPM for 5 sec. slowly in a ring around the stem,Use Fogg-It 0.5 GPM for 10 sec OR Fogg-It 2 GPM for 5 sec. s slowly in a ring around the stem,Use Fogg-It 0.5 GPM for 15 sec OR Fogg-It 2 GPM for 5 sec. slowly in a ring around the stem,Use Fogg-It 0.5 GPM for 15 sec OR Fogg-It 2 GPM for 5 sec. slowly in a ring around the stem,Use Fogg-It 0.5 GPM for 30 sec OR Fogg-It 2 GPM for 10 sec. slowly in a ring around the stem
pepper_002,< 45°F,26-50%,Sunny,Normal (3-7),Use Fogg-It 0.5 GPM for 5 sec OR Fogg-It 2 GPM for 5 sec. slowly in a ring around the stem,Use Fogg-It 0.5 GPM for 5 sec OR Fogg-It 2 GPM for 5 sec. slowly in a ring around the stem,Use Fogg-It 0.5 GPM for 5 sec OR Fogg-It 2 GPM for 5 sec. slowly in a ring around the stem,Use Fogg-It 0.5 GPM for 5 sec OR Fogg-It 2 GPM for 5 sec. slowly in a ring around the stem,Use Fogg-It 0.5 GPM for 10 sec OR Fogg-It 2 GPM for 5 sec. slowly in a ring around the stem,Use Fogg-It 0.5 GPM for 10 sec OR Fogg-It 2 GPM for 5 sec. s slowly in a ring around the stem,Use Fogg-It 0.5 GPM for 15 sec OR Fogg-It 2 GPM for 5 sec. slowly in a ring around the stem
pepper_002,< 45°F,26-50%,Sunny,Wet (7-10),Don't water,Don't water,Don't water,Don't water,Don't water,Don't water,Don't water
pepper_002,< 45°F,26-50%,Partly Cloudy,Dry (0-3),Use Fogg-It 0.5 GPM for 5 sec OR Fogg-It 2 GPM for 5 sec. slowly in a ring around the stem,Use Fogg-It 0.5 GPM for 5 sec OR Fogg-It 2 GPM for 5 sec. slowly in a ring around the stem,Use Fogg-It 0.5 GPM for 10 sec OR Fogg-It 2 GPM for 5 sec. slowly in a ring around the stem,Use Fogg-It 0.5 GPM for 15 sec OR Fogg-It 2 GPM for 5 sec. slowly in a ring around the stem,Use Fogg-It 0.5 GPM for 15 sec OR Fogg-It 2 GPM for 5 sec. slowly in a ring around the stem,Use Fogg-It 0.5 GPM for 30 sec OR Fogg-It 2 GPM for 10 sec. slowly in a ring around the stem,Use Fogg-It 0.5 GPM for 30 sec OR Fogg-It 2 GPM for 10 sec. slowly in a ring around the stem
pepper_002,< 45°F,26-50%,Partly Cloudy,Normal (3-7),Use Fogg-It 0.5 GPM for 5 sec OR Fogg-It 2 GPM for 5 sec. slowly in a ring around the stem,Use Fogg-It 0.5 GPM for 5 sec OR Fogg-It 2 GPM for 5 sec. slowly in a ring around the stem,Use Fogg-It 0.5 GPM for 5 sec OR Fogg-It 2 GPM for 5 sec. slowly in a ring around the stem,Use Fogg-It 0.5 GPM for 5 sec OR Fogg-It 2 GPM for 5 sec. slowly in a ring around the stem,Use Fogg-It 0.5 GPM for 10 sec OR Fogg-It 2 GPM for 5 sec. slowly in a ring around the stem,Use Fogg-It 0.5 GPM for 15 sec OR Fogg-It 2 GPM for 5 sec. slowly in a ring around the stem,Use Fogg-It 0.5 GPM for 15 sec OR Fogg-It 2 GPM for 5 sec. slowly in a ring around the stem
pepper_002,< 45°F,26-50%,Partly Cloudy,Wet (7-10),Don't water,Don't water,Don't water,Don't water,Don't water,Don't water,Don't water
pepper_002,< 45°F,26-50%,Cloudy,Dry (0-3),Use Fogg-It 0.5 GPM for 5 sec OR Fogg-It 2 GPM for 5 sec. slowly in a ring around the stem,Use Fogg-It 0.5 GPM for 5 sec OR Fogg-It 2 GPM for 5 sec. slowly in a ring around the stem,Use Fogg-It 0.5 GPM for 5 sec OR Fogg-It 2 GPM for 5 sec. slowly in a ring around the stem,Use Fogg-It 0.5 GPM for 10 sec OR Fogg-It 2 GPM for 5 sec. slowly in a ring around the stem,Use Fogg-It 0.5 GPM for 15 sec OR Fogg-It 2 GPM for 5 sec. slowly in a ring around the stem,Use Fogg-It 0.5 GPM for 15 sec OR Fogg-It 2 GPM for 5 sec. slowly in a ring around the stem,Use Fogg-It 0.5 GPM for 30 sec OR Fogg-It 2 GPM for 10 sec. slowly in a ring around the stem
pepper_002,< 45°F,26-50%,Cloudy,Normal (3-7),Don't water,Use Fogg-It 0.5 GPM for 5 sec OR Fogg-It 2 GPM for 5 sec. slowly in a ring around the stem,Use Fogg-It 0.5 GPM for 5 sec OR Fogg-It 2 GPM for 5 sec. slowly in a ring around the stem,Use Fogg-It 0.5 GPM for 5 sec OR Fogg-It 2 GPM for 5 sec. slowly in a ring around the stem,Use Fogg-It 0.5 GPM for 5 sec OR Fogg-It 2 GPM for 5 sec. slowly in a ring around the stem,Use Fogg-It 0.5 GPM for 10 sec OR Fogg-It 2 GPM for 5 sec. slowly in a ring around the stem,Use Fogg-It 0.5 GPM for 15 sec OR Fogg-It 2 GPM for 5 sec. slowly in a ring around the stem
pepper_002,< 45°F,26-50%,Cloudy,Wet (7-10),Don't water,Don't water,Don't water,Don't water,Don't water,Don't water,Don't water
pepper_002,< 45°F,51-75%,Sunny,Dry (0-3),Use Fogg-It 0.5 GPM for 5 sec OR Fogg-It 2 GPM for 5 sec. slowly in a ring around the stem,Use Fogg-It 0.5 GPM for 5 sec OR Fogg-It 2 GPM for 5 sec. slowly in a ring around the stem,Use Fogg-It 0.5 GPM for 10 sec OR Fogg-It 2 GPM for 5 sec. slowly in a ring around the stem,Use Fogg-It 0.5 GPM for 10 sec OR Fogg-It 2 GPM for 5 sec. s slowly in a ring around the stem,Use Fogg-It 0.5 GPM for 15 sec OR Fogg-It 2 GPM for 5 sec. slowly in a ring around the stem,Use Fogg-It 0.5 GPM for 30 sec OR Fogg-It 2 GPM for 10 sec. slowly in a ring around the stem,Use Fogg-It 0.5 GPM for 30 sec OR Fogg-It 2 GPM for 10 sec. slowly in a ring around the stem
pepper_002,< 45°F,51-75%,Sunny,Normal (3-7),Use Fogg-It 0.5 GPM for 5 sec OR Fogg-It 2 GPM for 5 sec. slowly in a ring around the stem,Use Fogg-It 0.5 GPM for 5 sec OR Fogg-It 2 GPM for 5 sec. slowly in a ring around the stem,Use Fogg-It 0.5 GPM for 5 sec OR Fogg-It 2 GPM for 5 sec. slowly in a ring around the stem,Use Fogg-It 0.5 GPM for 10 sec OR Fogg-It 2 GPM for 5 sec. slowly in a ring around the stem,Use Fogg-It 0.5 GPM for 10 sec OR Fogg-It 2 GPM for 5 sec. s slowly in a ring around the stem,Use Fogg-It 0.5 GPM for 15 sec OR Fogg-It 2 GPM for 5 sec. slowly in a ring around the stem,Use Fogg-It 0.5 GPM for 15 sec OR Fogg-It 2 GPM for 5 sec. slowly in a ring around the stem
pepper_002,< 45°F,51-75%,Sunny,Wet (7-10),Don't water,Don't water,Don't water,Don't water,Don't water,Don't water,Don't water
pepper_002,< 45°F,51-75%,Partly Cloudy,Dry (0-3),Use Fogg-It 0.5 GPM for 5 sec OR Fogg-It 2 GPM for 5 sec. slowly in a ring around the stem,Use Fogg-It 0.5 GPM for 5 sec OR Fogg-It 2 GPM for 5 sec. slowly in a ring around the stem,Use Fogg-It 0.5 GPM for 10 sec OR Fogg-It 2 GPM for 5 sec. slowly in a ring around the stem,Use Fogg-It 0.5 GPM for 15 sec OR Fogg-It 2 GPM for 5 sec. slowly in a ring around the stem,Use Fogg-It 0.5 GPM for 15 sec OR Fogg-It 2 GPM for 5 sec. slowly in a ring around the stem,Use Fogg-It 0.5 GPM for 30 sec OR Fogg-It 2 GPM for 10 sec. slowly in a ring around the stem,Use Fogg-It 0.5 GPM for 30 sec OR Fogg-It 2 GPM for 10 sec. slowly in a ring around the stem
pepper_002,< 45°F,51-75%,Partly Cloudy,Normal (3-7),Use Fogg-It 0.5 GPM for 5 sec OR Fogg-It 2 GPM for 5 sec. slowly in a ring around the stem,Use Fogg-It 0.5 GPM for 5 sec OR Fogg-It 2 GPM for 5 sec. slowly in a ring around the stem,Use Fogg-It 0.5 GPM for 5 sec OR Fogg-It 2 GPM for 5 sec. slowly in a ring around the stem,Use Fogg-It 0.5 GPM for 5 sec OR Fogg-It 2 GPM for 5 sec. slowly in a ring around the stem,Use Fogg-It 0.5 GPM for 10 sec OR Fogg-It 2 GPM for 5 sec. slowly in a ring around the stem,Use Fogg-It 0.5 GPM for 15 sec OR Fogg-It 2 GPM for 5 sec. slowly in a ring around the stem,Use Fogg-It 0.5 GPM for 15 sec OR Fogg-It 2 GPM for 5 sec. slowly in a ring around the stem
pepper_002,< 45°F,51-75%,Partly Cloudy,Wet (7-10),Don't water,Don't water,Don't water,Don't water,Don't water,Don't water,Don't water
pepper_002,< 45°F,51-75%,Cloudy,Dry (0-3),Use Fogg-It 0.5 GPM for 5 sec OR Fogg-It 2 GPM for 5 sec. slowly in a ring around the stem,Use Fogg-It 0.5 GPM for 5 sec OR Fogg-It 2 GPM for 5 sec. slowly in a ring around the stem,Use Fogg-It 0.5 GPM for 5 sec OR Fogg-It 2 GPM for 5 sec. slowly in a ring around the stem,Use Fogg-It 0.5 GPM for 10 sec OR Fogg-It 2 GPM for 5 sec. slowly in a ring around the stem,Use Fogg-It 0.5 GPM for 15 sec OR Fogg-It 2 GPM for 5 sec. slowly in a ring around the stem,Use Fogg-It 0.5 GPM for 15 sec OR Fogg-It 2 GPM for 5 sec. slowly in a ring around the stem,Use Fogg-It 0.5 GPM for 30 sec OR Fogg-It 2 GPM for 10 sec. slowly in a ring around the stem
pepper_002,< 45°F,51-75%,Cloudy,Normal (3-7),Don't water,Use Fogg-It 0.5 GPM for 5 sec OR Fogg-It 2 GPM for 5 sec. slowly in a ring around the stem,Use Fogg-It 0.5 GPM for 5 sec OR Fogg-It 2 GPM for 5 sec. slowly in a ring around the stem,Use Fogg-It 0.5 GPM for 5 sec OR Fogg-It 2 GPM for 5 sec. slowly in a ring around the stem,Use Fogg-It 0.5 GPM for 5 sec OR Fogg-It 2 GPM for 5 sec. slowly in a ring around the stem,Use Fogg-It 0.5 GPM for 10 sec OR Fogg-It 2 GPM for 5 sec. slowly in a ring around the stem,Use Fogg-It 0.5 GPM for 15 sec OR Fogg-It 2 GPM for 5 sec. slowly in a ring around the stem
pepper_002,< 45°F,51-75%,Cloudy,Wet (7-10),Don't water,Don't water,Don't water,Don't water,Don't water,Don't water,Don't water
pepper_002,< 45°F,76-100%,Sunny,Dry (0-3),Use Fogg-It 0.5 GPM for 5 sec OR Fogg-It 2 GPM for 5 sec. slowly in a ring around the stem,Use Fogg-It 0.5 GPM for 5 sec OR Fogg-It 2 GPM for 5 sec. slowly in a ring around the stem,Use Fogg-It 0.5 GPM for 10 sec OR Fogg-It 2 GPM for 5 sec. slowly in a ring around the stem,Use Fogg-It 0.5 GPM for 10 sec OR Fogg-It 2 GPM for 5 sec. s slowly in a ring around the stem,Use Fogg-It 0.5 GPM for 15 sec OR Fogg-It 2 GPM for 5 sec. slowly in a ring around the stem,Use Fogg-It 0.5 GPM for 30 sec OR Fogg-It 2 GPM for 10 sec. slowly in a ring around the stem,Use Fogg-It 0.5 GPM for 30 sec OR Fogg-It 2 GPM for 10 sec. slowly in a ring around the stem
pepper_002,< 45°F,76-100%,Sunny,Normal (3-7),Use Fogg-It 0.5 GPM for 5 sec OR Fogg-It 2 GPM for 5 sec. slowly in a ring around the stem,Use Fogg-It 0.5 GPM for 5 sec OR Fogg-It 2 GPM for 5 sec. slowly in a ring around the stem,Use Fogg-It 0.5 GPM for 5 sec OR Fogg-It 2 GPM for 5 sec. slowly in a ring around the stem,Use Fogg-It 0.5 GPM for 5 sec OR Fogg-It 2 GPM for 5 sec. slowly in a ring around the stem,Use Fogg-It 0.5 GPM for 10 sec OR Fogg-It 2 GPM for 5 sec. slowly in a ring around the stem,Use Fogg-It 0.5 GPM for 10 sec OR Fogg-It 2 GPM for 5 sec. s slowly in a ring around the stem,Use Fogg-It 0.5 GPM for 15 sec OR Fogg-It 2 GPM for 5 sec. slowly in a ring around the stem
pepper_002,< 45°F,76-100%,Sunny,Wet (7-10),Don't water,Don't water,Don't water,Don't water,Don't water,Don't water,Don't water
pepper_002,< 45°F,76-100%,Partly Cloudy,Dry (0-3),Use Fogg-It 0.5 GPM for 5 sec OR Fogg-It 2 GPM for 5 sec. slowly in a ring around the stem,Use Fogg-It 0.5 GPM for 5 sec OR Fogg-It 2 GPM for 5 sec. slowly in a ring around the stem,Use Fogg-It 0.5 GPM for 10 sec OR Fogg-It 2 GPM for 5 sec. slowly in a ring around the stem,Use Fogg-It 0.5 GPM for 15 sec OR Fogg-It 2 GPM for 5 sec. slowly in a ring around the stem,Use Fogg-It 0.5 GPM for 15 sec OR Fogg-It 2 GPM for 5 sec. slowly in a ring around the stem,Use Fogg-It 0.5 GPM for 30 sec OR Fogg-It 2 GPM for 10 sec. slowly in a ring around the stem,Use Fogg-It 0.5 GPM for 30 sec OR Fogg-It 2 GPM for 10 sec. slowly in a ring around the stem
pepper_002,< 45°F,76-100%,Partly Cloudy,Normal (3-7),Use Fogg-It 0.5 GPM for 5 sec OR Fogg-It 2 GPM for 5 sec. slowly in a ring around the stem,Use Fogg-It 0.5 GPM for 5 sec OR Fogg-It 2 GPM for 5 sec. slowly in a ring around the stem,Use Fogg-It 0.5 GPM for 5 sec OR Fogg-It 2 GPM for 5 sec. slowly in a ring around the stem,Use Fogg-It 0.5 GPM for 5 sec OR Fogg-It 2 GPM for 5 sec. slowly in a ring around the stem,Use Fogg-It 0.5 GPM for 10 sec OR Fogg-It 2 GPM for 5 sec. slowly in a ring around the stem,Use Fogg-It 0.5 GPM for 15 sec OR Fogg-It 2 GPM for 5 sec. slowly in a ring around the stem,Use Fogg-It 0.5 GPM for 15 sec OR Fogg-It 2 GPM for 5 sec. slowly in a ring around the stem
pepper_002,< 45°F,76-100%,Partly Cloudy,Wet (7-10),Don't water,Don't water,Don't water,Don't water,Don't water,Don't water,Don't water
pepper_002,< 45°F,76-100%,Cloudy,Dry (0-3),Use Fogg-It 0.5 GPM for 5 sec OR Fogg-It 2 GPM for 5 sec. slowly in a ring around the stem,Use Fogg-It 0.5 GPM for 5 sec OR Fogg-It 2 GPM for 5 sec. slowly in a ring around the stem,Use Fogg-It 0.5 GPM for 5 sec OR Fogg-It 2 GPM for 5 sec. slowly in a ring around the stem,Use Fogg-It 0.5 GPM for 10 sec OR Fogg-It 2 GPM for 5 sec. slowly in a ring around the stem,Use Fogg-It 0.5 GPM for 15 sec OR Fogg-It 2 GPM for 5 sec. slowly in a ring around the stem,Use Fogg-It 0.5 GPM for 15 sec OR Fogg-It 2 GPM for 5 sec. slowly in a ring around the stem,Use Fogg-It 0.5 GPM for 30 sec OR Fogg-It 2 GPM for 10 sec. slowly in a ring around the stem
pepper_002,< 45°F,76-100%,Cloudy,Normal (3-7),Don't water,Use Fogg-It 0.5 GPM for 5 sec OR Fogg-It 2 GPM for 5 sec. slowly in a ring around the stem,Use Fogg-It 0.5 GPM for 5 sec OR Fogg-It 2 GPM for 5 sec. slowly in a ring around the stem,Use Fogg-It 0.5 GPM for 5 sec OR Fogg-It 2 GPM for 5 sec. slowly in a ring around the stem,Use Fogg-It 0.5 GPM for 5 sec OR Fogg-It 2 GPM for 5 sec. slowly in a ring around the stem,Use Fogg-It 0.5 GPM for 10 sec OR Fogg-It 2 GPM for 5 sec. slowly in a ring around the stem,Use Fogg-It 0.5 GPM for 15 sec OR Fogg-It 2 GPM for 5 sec. slowly in a ring around the stem
pepper_002,< 45°F,76-100%,Cloudy,Wet (7-10),Don't water,Don't water,Don't water,Don't water,Don't water,Don't water,Don't water
pepper_003,< 50°F,0-25%,Sunny,Dry (0-3),Use Fogg-It 0.5 GPM for 5 sec OR Fogg-It 2 GPM for 5 sec. slowly in a ring around the stem,Use Fogg-It 0.5 GPM for 5 sec OR Fogg-It 2 GPM for 5 sec. slowly in a ring around the stem,Use Fogg-It 0.5 GPM for 5 sec OR Fogg-It 2 GPM for 5 sec. slowly in a ring around the stem,Use Fogg-It 0.5 GPM for 5 sec OR Fogg-It 2 GPM for 5 sec. slowly in a ring around the stem,Use Fogg-It 0.5 GPM for 10 sec OR Fogg-It 2 GPM for 5 sec. slowly in a ring around the stem,Use Fogg-It 0.5 GPM for 15 sec OR Fogg-It 2 GPM for 5 sec. slowly in a ring around the stem,Use Fogg-It 0.5 GPM for 30 sec OR Fogg-It 2 GPM for 10 sec. slowly in a ring around the stem
pepper_003,< 50°F,0-25%,Sunny,Normal (3-7),Don't water,Don't water,Use Fogg-It 0.5 GPM for 5 sec OR Fogg-It 2 GPM for 5 sec. slowly in a ring around the stem,Use Fogg-It 0.5 GPM for 5 sec OR Fogg-It 2 GPM for 5 sec. slowly in a ring around the stem,Use Fogg-It 0.5 GPM for 5 sec OR Fogg-It 2 GPM for 5 sec. slowly in a ring around the stem,Use Fogg-It 0.5 GPM for 5 sec OR Fogg-It 2 GPM for 5 sec. slowly in a ring around the stem,Use Fogg-It 0.5 GPM for 10 sec OR Fogg-It 2 GPM for 5 sec. slowly in a ring around the stem
pepper_003,< 50°F,0-25%,Sunny,Wet (7-10),Don't water,Don't water,Don't water,Don't water,Don't water,Don't water,Don't water
pepper_003,< 50°F,0-25%,Partly Cloudy,Dry (0-3),Use Fogg-It 0.5 GPM for 5 sec OR Fogg-It 2 GPM for 5 sec. slowly in a ring around the stem,Use Fogg-It 0.5 GPM for 5 sec OR Fogg-It 2 GPM for 5 sec. slowly in a ring around the stem,Use Fogg-It 0.5 GPM for 5 sec OR Fogg-It 2 GPM for 5 sec. slowly in a ring around the stem,Use Fogg-It 0.5 GPM for 5 sec OR Fogg-It 2 GPM for 5 sec. slowly in a ring around the stem,Use Fogg-It 0.5 GPM for 5 sec OR Fogg-It 2 GPM for 5 sec. slowly in a ring around the stem,Use Fogg-It 0.5 GPM for 10 sec OR Fogg-It 2 GPM for 5 sec. slowly in a ring around the stem,Use Fogg-It 0.5 GPM for 15 sec OR Fogg-It 2 GPM for 5 sec. slowly in a ring around the stem
pepper_003,< 50°F,0-25%,Partly Cloudy,Normal (3-7),Don't water,Don't water,Don't water,Use Fogg-It 0.5 GPM for 5 sec OR Fogg-It 2 GPM for 5 sec. slowly in a ring around the stem,Use Fogg-It 0.5 GPM for 5 sec OR Fogg-It 2 GPM for 5 sec. slowly in a ring around the stem,Use Fogg-It 0.5 GPM for 5 sec OR Fogg-It 2 GPM for 5 sec. slowly in a ring around the stem,Use Fogg-It 0.5 GPM for 5 sec OR Fogg-It 2 GPM for 5 sec. slowly in a ring around the stem
pepper_003,< 50°F,0-25%,Partly Cloudy,Wet (7-10),Don't water,Don't water,Don't water,Don't water,Don't water,Don't water,Don't water
pepper_003,< 50°F,0-25%,Cloudy,Dry (0-3),Use Fogg-It 0.5 GPM for 5 sec OR Fogg-It 2 GPM for 5 sec. slowly in a ring around the stem,Use Fogg-It 0.5 GPM for 5 sec OR Fogg-It 2 GPM for 5 sec. slowly in a ring around the stem,Use Fogg-It 0.5 GPM for 5 sec OR Fogg-It 2 GPM for 5 sec. slowly in a ring around the stem,Use Fogg-It 0.5 GPM for 5 sec OR Fogg-It 2 GPM for 5 sec. slowly in a ring around the stem,Use Fogg-It 0.5 GPM for 5 sec OR Fogg-It 2 GPM for 5 sec. slowly in a ring around the stem,Use Fogg-It 0.5 GPM for 5 sec OR Fogg-It 2 GPM for 5 sec. slowly in a ring around the stem,Use Fogg-It 0.5 GPM for 10 sec OR Fogg-It 2 GPM for 5 sec. slowly in a ring around the stem
pepper_003,< 50°F,0-25%,Cloudy,Normal (3-7),Don't water,Don't water,Don't water,Don't water,Use Fogg-It 0.5 GPM for 5 sec OR Fogg-It 2 GPM for 5 sec. slowly in a ring around the stem,Use Fogg-It 0.5 GPM for 5 sec OR Fogg-It 2 GPM for 5 sec. slowly in a ring around the stem,Use Fogg-It 0.5 GPM for 5 sec OR Fogg-It 2 GPM for 5 sec. slowly in a ring around the stem
pepper_003,< 50°F,0-25%,Cloudy,Wet (7-10),Don't water,Don't water,Don't water,Don't water,Don't water,Don't water,Don't water
pepper_003,< 50°F,26-50%,Sunny,Dry (0-3),Use Fogg-It 0.5 GPM for 5 sec OR Fogg-It 2 GPM for 5 sec. slowly in a ring around the stem,Use Fogg-It 0.5 GPM for 5 sec OR Fogg-It 2 GPM for 5 sec. slowly in a ring around the stem,Use Fogg-It 0.5 GPM for 5 sec OR Fogg-It 2 GPM for 5 sec. slowly in a ring around the stem,Use Fogg-It 0.5 GPM for 5 sec OR Fogg-It 2 GPM for 5 sec. slowly in a ring around the stem,Use Fogg-It 0.5 GPM for 5 sec OR Fogg-It 2 GPM for 5 sec. slowly in a ring around the stem,Use Fogg-It 0.5 GPM for 10 sec OR Fogg-It 2 GPM for 5 sec. slowly in a ring around the stem,Use Fogg-It 0.5 GPM for 15 sec OR Fogg-It 2 GPM for 5 sec. slowly in a ring around the stem
pepper_003,< 50°F,26-50%,Sunny,Normal (3-7),Don't water,Don't water,Don't water,Use Fogg-It 0.5 GPM for 5 sec OR Fogg-It 2 GPM for 5 sec. slowly in a ring around the stem,Use Fogg-It 0.5 GPM for 5 sec OR Fogg-It 2 GPM for 5 sec. slowly in a ring around the stem,Use Fogg-It 0.5 GPM for 5 sec OR Fogg-It 2 GPM for 5 sec. slowly in a ring around the stem,Use Fogg-It 0.5 GPM for 5 sec OR Fogg-It 2 GPM for 5 sec. slowly in a ring around the stem
pepper_003,< 50°F,26-50%,Sunny,Wet (7-10),Don't water,Don't water,Don't water,Don't water,Don't water,Don't water,Don't water
pepper_003,< 50°F,26-50%,Partly Cloudy,Dry (0-3),Use Fogg-It 0.5 GPM for 5 sec OR Fogg-It 2 GPM for 5 sec. slowly in a ring around the stem,Use Fogg-It 0.5 GPM for 5 sec OR Fogg-It 2 GPM for 5 sec. slowly in a ring around the stem,Use Fogg-It 0.5 GPM for 5 sec OR Fogg-It 2 GPM for 5 sec. slowly in a ring around the stem,Use Fogg-It 0.5 GPM for 5 sec OR Fogg-It 2 GPM for 5 sec. slowly in a ring around the stem,Use Fogg-It 0.5 GPM for 5 sec OR Fogg-It 2 GPM for 5 sec. slowly in a ring around the stem,Use Fogg-It 0.5 GPM for 5 sec OR Fogg-It 2 GPM for 5 sec. slowly in a ring around the stem,Use Fogg-It 0.5 GPM for 10 sec OR Fogg-It 2 GPM for 5 sec. slowly in a ring around the stem
pepper_003,< 50°F,26-50%,Partly Cloudy,Normal (3-7),Don't water,Don't water,Don't water,Don't water,Use Fogg-It 0.5 GPM for 5 sec OR Fogg-It 2 GPM for 5 sec. slowly in a ring around the stem,Use Fogg-It 0.5 GPM for 5 sec OR Fogg-It 2 GPM for 5 sec. slowly in a ring around the stem,Use Fogg-It 0.5 GPM for 5 sec OR Fogg-It 2 GPM for 5 sec. slowly in a ring around the stem
pepper_003,< 50°F,26-50%,Partly Cloudy,Wet (7-10),Don't water,Don't water,Don't water,Don't water,Don't water,Don't water,Don't water
pepper_003,< 50°F,26-50%,Cloudy,Dry (0-3),Use Fogg-It 0.5 GPM for 5 sec OR Fogg-It 2 GPM for 5 sec. slowly in a ring around the stem,Use Fogg-It 0.5 GPM for 5 sec OR Fogg-It 2 GPM for 5 sec. slowly in a ring around the stem,Use Fogg-It 0.5 GPM for 5 sec OR Fogg-It 2 GPM for 5 sec. slowly in a ring around the stem,Use Fogg-It 0.5 GPM for 5 sec OR Fogg-It 2 GPM for 5 sec. slowly in a ring around the stem,Use Fogg-It 0.5 GPM for 5 sec OR Fogg-It 2 GPM for 5 sec. slowly in a ring around the stem,Use Fogg-It 0.5 GPM for 5 sec OR Fogg-It 2 GPM for 5 sec. slowly in a ring around the stem,Use Fogg-It 0.5 GPM for 5 sec OR Fogg-It 2 GPM for 5 sec. slowly in a ring around the stem
pepper_003,< 50°F,26-50%,Cloudy,Normal (3-7),Don't water,Don't water,Don't water,Don't water,Don't water,Use Fogg-It 0.5 GPM for 5 sec OR Fogg-It 2 GPM for 5 sec. slowly in a ring around the stem,Use Fogg-It 0.5 GPM for 5 sec OR Fogg-It 2 GPM for 5 sec. slowly in a ring around the stem
pepper_003,< 50°F,26-50%,Cloudy,Wet (7-10),Don't water,Don't water,Don't water,Don't water,Don't water,Don't water,Don't water
pepper_003,< 50°F,51-75%,Sunny,Dry (0-3),Use Fogg-It 0.5 GPM for 5 sec OR Fogg-It 2 GPM for 5 sec. slowly in a ring around the stem,Use Fogg-It 0.5 GPM for 5 sec OR Fogg-It 2 GPM for 5 sec. slowly in a ring around the stem,Use Fogg-It 0.5 GPM for 5 sec OR Fogg-It 2 GPM for 5 sec. slowly in a ring around the stem,Use Fogg-It 0.5 GPM for 5 sec OR Fogg-It 2 GPM for 5 sec. slowly in a ring around the stem,Use Fogg-It 0.5 GPM for 5 sec OR Fogg-It 2 GPM for 5 sec. slowly in a ring around the stem,Use Fogg-It 0.5 GPM for 5 sec OR Fogg-It 2 GPM for 5 sec. slowly in a ring around the stem,Use Fogg-It 0.5 GPM for 10 sec OR Fogg-It 2 GPM for 5 sec. slowly in a ring around the stem
pepper_003,< 50°F,51-75%,Sunny,Normal (3-7),Don't water,Don't water,Don't water,Don't water,Use Fogg-It 0.5 GPM for 5 sec OR Fogg-It 2 GPM for 5 sec. slowly in a ring around the stem,Use Fogg-It 0.5 GPM for 5 sec OR Fogg-It 2 GPM for 5 sec. slowly in a ring around the stem,Use Fogg-It 0.5 GPM for 5 sec OR Fogg-It 2 GPM for 5 sec. slowly in a ring around the stem
pepper_003,< 50°F,51-75%,Sunny,Wet (7-10),Don't water,Don't water,Don't water,Don't water,Don't water,Don't water,Don't water
pepper_003,< 50°F,51-75%,Partly Cloudy,Dry (0-3),Use Fogg-It 0.5 GPM for 5 sec OR Fogg-It 2 GPM for 5 sec. slowly in a ring around the stem,Use Fogg-It 0.5 GPM for 5 sec OR Fogg-It 2 GPM for 5 sec. slowly in a ring around the stem,Use Fogg-It 0.5 GPM for 5 sec OR Fogg-It 2 GPM for 5 sec. slowly in a ring around the stem,Use Fogg-It 0.5 GPM for 5 sec OR Fogg-It 2 GPM for 5 sec. slowly in a ring around the stem,Use Fogg-It 0.5 GPM for 5 sec OR Fogg-It 2 GPM for 5 sec. slowly in a ring around the stem,Use Fogg-It 0.5 GPM for 5 sec OR Fogg-It 2 GPM for 5 sec. slowly in a ring around the stem,Use Fogg-It 0.5 GPM for 5 sec OR Fogg-It 2 GPM for 5 sec. slowly in a ring around the stem
pepper_003,< 50°F,51-75%,Partly Cloudy,Normal (3-7),Don't water,Don't water,Don't water,Don't water,Don't water,Use Fogg-It 0.5 GPM for 5 sec OR Fogg-It 2 GPM for 5 sec. slowly in a ring around the stem,Use Fogg-It 0.5 GPM for 5 sec OR Fogg-It 2 GPM for 5 sec. slowly in a ring around the stem
pepper_003,< 50°F,51-75%,Partly Cloudy,Wet (7-10),Don't water,Don't water,Don't water,Don't water,Don't water,Don't water,Don't water
pepper_003,< 50°F,51-75%,Cloudy,Dry (0-3),Don't water,Don't water,Use Fogg-It 0.5 GPM for 5 sec OR Fogg-It 2 GPM for 5 sec. slowly in a ring around the stem,Use Fogg-It 0.5 GPM for 5 sec OR Fogg-It 2 GPM for 5 sec. slowly in a ring around the stem,Use Fogg-It 0.5 GPM for 5 sec OR Fogg-It 2 GPM for 5 sec. slowly in a ring around the stem,Use Fogg-It 0.5 GPM for 5 sec OR Fogg-It 2 GPM for 5 sec. slowly in a ring around the stem,Use Fogg-It 0.5 GPM for 5 sec OR Fogg-It 2 GPM for 5 sec. slowly in a ring around the stem
pepper_003,< 50°F,51-75%,Cloudy,Normal (3-7),Don't water,Don't water,Don't water,Don't water,Don't water,Don't water,Use Fogg-It 0.5 GPM for 5 sec OR Fogg-It 2 GPM for 5 sec. slowly in a ring around the stem
pepper_003,< 50°F,51-75%,Cloudy,Wet (7-10),Don't water,Don't water,Don't water,Don't water,Don't water,Don't water,Don't water
pepper_003,< 50°F,76-100%,Sunny,Dry (0-3),Use Fogg-It 0.5 GPM for 5 sec OR Fogg-It 2 GPM for 5 sec. slowly in a ring around the stem,Use Fogg-It 0.5 GPM for 5 sec OR Fogg-It 2 GPM for 5 sec. slowly in a ring around the stem,Use Fogg-It 0.5 GPM for 5 sec OR Fogg-It 2 GPM for 5 sec. slowly in a ring around the stem,Use Fogg-It 0.5 GPM for 5 sec OR Fogg-It 2 GPM for 5 sec. slowly in a ring around the stem,Use Fogg-It 0.5 GPM for 5 sec OR Fogg-It 2 GPM for 5 sec. slowly in a ring around the stem,Use Fogg-It 0.5 GPM for 5 sec OR Fogg-It 2 GPM for 5 sec. slowly in a ring around the stem,Use Fogg-It 0.5 GPM for 5 sec OR Fogg-It 2 GPM for 5 sec. slowly in a ring around the stem
pepper_003,< 50°F,76-100%,Sunny,Normal (3-7),Don't water,Don't water,Don't water,Don't water,Don't water,Use Fogg-It 0.5 GPM for 5 sec OR Fogg-It 2 GPM for 5 sec. slowly in a ring around the stem,Use Fogg-It 0.5 GPM for 5 sec OR Fogg-It 2 GPM for 5 sec. slowly in a ring around the stem
pepper_003,< 50°F,76-100%,Sunny,Wet (7-10),Don't water,Don't water,Don't water,Don't water,Don't water,Don't water,Don't water
pepper_003,< 50°F,76-100%,Partly Cloudy,Dry (0-3),Don't water,Don't water,Use Fogg-It 0.5 GPM for 5 sec OR Fogg-It 2 GPM for 5 sec. slowly in a ring around the stem,Use Fogg-It 0.5 GPM for 5 sec OR Fogg-It 2 GPM for 5 sec. slowly in a ring around the stem,Use Fogg-It 0.5 GPM for 5 sec OR Fogg-It 2 GPM for 5 sec. slowly in a ring around the stem,Use Fogg-It 0.5 GPM for 5 sec OR Fogg-It 2 GPM for 5 sec. slowly in a ring around the stem,Use Fogg-It 0.5 GPM for 5 sec OR Fogg-It 2 GPM for 5 sec. slowly in a ring around the stem
pepper_003,< 50°F,76-100%,Partly Cloudy,Normal (3-7),Don't water,Don't water,Don't water,Don't water,Don't water,Don't water,Use Fogg-It 0.5 GPM for 5 sec OR Fogg-It 2 GPM for 5 sec. slowly in a ring around the stem
pepper_003,< 50°F,76-100%,Partly Cloudy,Wet (7-10),Don't water,Don't water,Don't water,Don't water,Don't water,Don't water,Don't water
pepper_003,< 50°F,76-100%,Cloudy,Dry (0-3),Don't water,Don't water,Don't water,Use Fogg-It 0.5 GPM for 5 sec OR Fogg-It 2 GPM for 5 sec. slowly in a ring around the stem,Use Fogg-It 0.5 GPM for 5 sec OR Fogg-It 2 GPM for 5 sec. slowly in a ring around the stem,Use Fogg-It 0.5 GPM for 5 sec OR Fogg-It 2 GPM for 5 sec. slowly in a ring around the stem,Use Fogg-It 0.5 GPM for 5 sec OR Fogg-It 2 GPM for 5 sec. slowly in a ring around the stem
pepper_003,< 50°F,76-100%,Cloudy,Normal (3-7),Don't water,Don't water,Don't water,Don't water,Don't water,Don't water,Don't water
pepper_003,< 50°F,76-100%,Cloudy,Wet (7-10),Don't water,Don't water,Don't water,Don't water,Don't water,Don't water,Don't water
shallots_001,< 32°F,0-25%,Sunny,Dry (0-3),Use Fogg-It 0.5 GPM for 5 sec OR Fogg-It 2 GPM for 5 sec. total across shallots section (avoid the crowns),Use Fogg-It 0.5 GPM for 5 sec OR Fogg-It 2 GPM for 5 sec. total across shallots section (avoid the crowns),Use Fogg-It 0.5 GPM for 10 sec OR Fogg-It 2 GPM for 5 sec. total across shallots section (avoid the crowns),Use Fogg-It 0.5 GPM for 10 sec OR Fogg-It 2 GPM for 5 sec. total across shallots section (avoid the crowns),Use Fogg-It 0.5 GPM for 10 sec OR Fogg-It 2 GPM for 5 sec. s total across shallots section (avoid the crowns),Use Fogg-It 0.5 GPM for 15 sec OR Fogg-It 2 GPM for 5 sec. total across shallots section (avoid the crowns),Use Fogg-It 0.5 GPM for 30 sec OR Fogg-It 2 GPM for 10 sec. total across shallots section (avoid the crowns)
shallots_001,< 32°F,0-25%,Sunny,Normal (3-7),Don't water,Use Fogg-It 0.5 GPM for 5 sec OR Fogg-It 2 GPM for 5 sec. total across shallots section (avoid the crowns),Use Fogg-It 0.5 GPM for 5 sec OR Fogg-It 2 GPM for 5 sec. total across shallots section (avoid the crowns),Use Fogg-It 0.5 GPM for 5 sec OR Fogg-It 2 GPM for 5 sec. total across shallots section (avoid the crowns),Use Fogg-It 0.5 GPM for 5 sec OR Fogg-It 2 GPM for 5 sec. total across shallots section (avoid the crowns),Use Fogg-It 0.5 GPM for 10 sec OR Fogg-It 2 GPM for 5 sec. total across shallots section (avoid the crowns),Use Fogg-It 0.5 GPM for 10 sec OR Fogg-It 2 GPM for 5 sec. s total across shallots section (avoid the crowns)
shallots_001,< 32°F,0-25%,Sunny,Wet (7-10),Don't water,Don't water,Don't water,Don't water,Don't water,Don't water,Don't water
shallots_001,< 32°F,0-25%,Partly Cloudy,Dry (0-3),Use Fogg-It 0.5 GPM for 5 sec OR Fogg-It 2 GPM for 5 sec. total across shallots section (avoid the crowns),Use Fogg-It 0.5 GPM for 5 sec OR Fogg-It 2 GPM for 5 sec. total across shallots section (avoid the crowns),Use Fogg-It 0.5 GPM for 5 sec OR Fogg-It 2 GPM for 5 sec. total across shallots section (avoid the crowns),Use Fogg-It 0.5 GPM for 10 sec OR Fogg-It 2 GPM for 5 sec. total across shallots section (avoid the crowns),Use Fogg-It 0.5 GPM for 10 sec OR Fogg-It 2 GPM for 5 sec. total across shallots section (avoid the crowns),Use Fogg-It 0.5 GPM for 10 sec OR Fogg-It 2 GPM for 5 sec. s total across shallots section (avoid the crowns),Use Fogg-It 0.5 GPM for 15 sec OR Fogg-It 2 GPM for 5 sec. total across shallots section (avoid the crowns)
shallots_001,< 32°F,0-25%,Partly Cloudy,Normal (3-7),Don't water,Don't water,Use Fogg-It 0.5 GPM for 5 sec OR Fogg-It 2 GPM for 5 sec. total across shallots section (avoid the crowns),Use Fogg-It 0.5 GPM for 5 sec OR Fogg-It 2 GPM for 5 sec. total across shallots section (avoid the crowns),Use Fogg-It 0.5 GPM for 5 sec OR Fogg-It 2 GPM for 5 sec. total across shallots section (avoid the crowns),Use Fogg-It 0.5 GPM for 5 sec OR Fogg-It 2 GPM for 5 sec. total across shallots section (avoid the crowns),Use Fogg-It 0.5 GPM for 10 sec OR Fogg-It 2 GPM for 5 sec. total across shallots section (avoid the crowns)
shallots_001,< 32°F,0-25%,Partly Cloudy,Wet (7-10),Don't water,Don't water,Don't water,Don't water,Don't water,Don't water,Don't water
shallots_001,< 32°F,0-25%,Cloudy,Dry (0-3),Use Fogg-It 0.5 GPM for 5 sec OR Fogg-It 2 GPM for 5 sec. total across shallots section (avoid the crowns),Use Fogg-It 0.5 GPM for 5 sec OR Fogg-It 2 GPM for 5 sec. total across shallots section (avoid the crowns),Use Fogg-It 0.5 GPM for 5 sec OR Fogg-It 2 GPM for 5 sec. total across shallots section (avoid the crowns),Use Fogg-It 0.5 GPM for 5 sec OR Fogg-It 2 GPM for 5 sec. total across shallots section (avoid the crowns),Use Fogg-It 0.5 GPM for 10 sec OR Fogg-It 2 GPM for 5 sec. total across shallots section (avoid the crowns),Use Fogg-It 0.5 GPM for 10 sec OR Fogg-It 2 GPM for 5 sec. total across shallots section (avoid the crowns),Use Fogg-It 0.5 GPM for 10 sec OR Fogg-It 2 GPM for 5 sec. s total across shallots section (avoid the crowns)
shallots_001,< 32°F,0-25%,Cloudy,Normal (3-7),Don't water,Don't water,Don't water,Use Fogg-It 0.5 GPM for 5 sec OR Fogg-It 2 GPM for 5 sec. total across shallots section (avoid the crowns),Use Fogg-It 0.5 GPM for 5 sec OR Fogg-It 2 GPM for 5 sec. total across shallots section (avoid the crowns),Use Fogg-It 0.5 GPM for 5 sec OR Fogg-It 2 GPM for 5 sec. total across shallots section (avoid the crowns),Use Fogg-It 0.5 GPM for 5 sec OR Fogg-It 2 GPM for 5 sec. total across shallots section (avoid the crowns)
shallots_001,< 32°F,0-25%,Cloudy,Wet (7-10),Don't water,Don't water,Don't water,Don't water,Don't water,Don't water,Don't water
shallots_001,< 32°F,26-50%,Sunny,Dry (0-3),Use Fogg-It 0.5 GPM for 5 sec OR Fogg-It 2 GPM for 5 sec. total across shallots section (avoid the crowns),Use Fogg-It 0.5 GPM for 5 sec OR Fogg-It 2 GPM for 5 sec. total across shallots section (avoid the crowns),Use Fogg-It 0.5 GPM for 5 sec OR Fogg-It 2 GPM for 5 sec. total across shallots section (avoid the crowns),Use Fogg-It 0.5 GPM for 10 sec OR Fogg-It 2 GPM for 5 sec. total across shallots section (avoid the crowns),Use Fogg-It 0.5 GPM for 10 sec OR Fogg-It 2 GPM for 5 sec. total across shallots section (avoid the crowns),Use Fogg-It 0.5 GPM for 10 sec OR Fogg-It 2 GPM for 5 sec. s total across shallots section (avoid the crowns),Use Fogg-It 0.5 GPM for 15 sec OR Fogg-It 2 GPM for 5 sec. total across shallots section (avoid the crowns)
shallots_001,< 32°F,26-50%,Sunny,Normal (3-7),Don't water,Don't water,Use Fogg-It 0.5 GPM for 5 sec OR Fogg-It 2 GPM for 5 sec. total across shallots section (avoid the crowns),Use Fogg-It 0.5 GPM for 5 sec OR Fogg-It 2 GPM for 5 sec. total across shallots section (avoid the crowns),Use Fogg-It 0.5 GPM for 5 sec OR Fogg-It 2 GPM for 5 sec. total across shallots section (avoid the crowns),Use Fogg-It 0.5 GPM for 5 sec OR Fogg-It 2 GPM for 5 sec. total across shallots section (avoid the crowns),Use Fogg-It 0.5 GPM for 10 sec OR Fogg-It 2 GPM for 5 sec. total across shallots section (avoid the crowns)
shallots_001,< 32°F,26-50%,Sunny,Wet (7-10),Don't water,Don't water,Don't water,Don't water,Don't water,Don't water,Don't water
shallots_001,< 32°F,26-50%,Partly Cloudy,Dry (0-3),Use Fogg-It 0.5 GPM for 5 sec OR Fogg-It 2 GPM for 5 sec. total across shallots section (avoid the crowns),Use Fogg-It 0.5 GPM for 5 sec OR Fogg-It 2 GPM for 5 sec. total across shallots section (avoid the crowns),Use Fogg-It 0.5 GPM for 5 sec OR Fogg-It 2 GPM for 5 sec. total across shallots section (avoid the crowns),Use Fogg-It 0.5 GPM for 5 sec OR Fogg-It 2 GPM for 5 sec. total across shallots section (avoid the crowns),Use Fogg-It 0.5 GPM for 10 sec OR Fogg-It 2 GPM for 5 sec. total across shallots section (avoid the crowns),Use Fogg-It 0.5 GPM for 10 sec OR Fogg-It 2 GPM for 5 sec. total across shallots section (avoid the crowns),Use Fogg-It 0.5 GPM for 10 sec OR Fogg-It 2 GPM for 5 sec. s total across shallots section (avoid the crowns)
shallots_001,< 32°F,26-50%,Partly Cloudy,Normal (3-7),Don't water,Don't water,Don't water,Use Fogg-It 0.5 GPM for 5 sec OR Fogg-It 2 GPM for 5 sec. total across shallots section (avoid the crowns),Use Fogg-It 0.5 GPM for 5 sec OR Fogg-It 2 GPM for 5 sec. total across shallots section (avoid the crowns),Use Fogg-It 0.5 GPM for 5 sec OR Fogg-It 2 GPM for 5 sec. total across shallots section (avoid the crowns),Use Fogg-It 0.5 GPM for 5 sec OR Fogg-It 2 GPM for 5 sec. total across shallots section (avoid the crowns)
shallots_001,< 32°F,26-50%,Partly Cloudy,Wet (7-10),Don't water,Don't water,Don't water,Don't water,Don't water,Don't water,Don't water
shallots_001,< 32°F,26-50%,Cloudy,Dry (0-3),Use Fogg-It 0.5 GPM for 5 sec OR Fogg-It 2 GPM for 5 sec. total across shallots section (avoid the crowns),Use Fogg-It 0.5 GPM for 5 sec OR Fogg-It 2 GPM for 5 sec. total across shallots section (avoid the crowns),Use Fogg-It 0.5 GPM for 5 sec OR Fogg-It 2 GPM for 5 sec. total across shallots section (avoid the crowns),Use Fogg-It 0.5 GPM for 5 sec OR Fogg-It 2 GPM for 5 sec. total across shallots section (avoid the crowns),Use Fogg-It 0.5 GPM for 5 sec OR Fogg-It 2 GPM for 5 sec. total across shallots section (avoid the crowns),Use Fogg-It 0.5 GPM for 10 sec OR Fogg-It 2 GPM for 5 sec. total across shallots section (avoid the crowns),Use Fogg-It 0.5 GPM for 10 sec OR Fogg-It 2 GPM for 5 sec. total across shallots section (avoid the crowns)
shallots_001,< 32°F,26-50%,Cloudy,Normal (3-7),Don't water,Don't water,Don't water,Don't water,Use Fogg-It 0.5 GPM for 5 sec OR Fogg-It 2 GPM for 5 sec. total across shallots section (avoid the crowns),Use Fogg-It 0.5 GPM for 5 sec OR Fogg-It 2 GPM for 5 sec. total across shallots section (avoid the crowns),Use Fogg-It 0.5 GPM for 5 sec OR Fogg-It 2 GPM for 5 sec. total across shallots section (avoid the crowns)
shallots_001,< 32°F,26-50%,Cloudy,Wet (7-10),Don't water,Don't water,Don't water,Don't water,Don't water,Don't water,Don't water
shallots_001,< 32°F,51-75%,Sunny,Dry (0-3),Use Fogg-It 0.5 GPM for 5 sec OR Fogg-It 2 GPM for 5 sec. total across shallots section (avoid the crowns),Use Fogg-It 0.5 GPM for 5 sec OR Fogg-It 2 GPM for 5 sec. total across shallots section (avoid the crowns),Use Fogg-It 0.5 GPM for 5 sec OR Fogg-It 2 GPM for 5 sec. total across shallots section (avoid the crowns),Use Fogg-It 0.5 GPM for 5 sec OR Fogg-It 2 GPM for 5 sec. total across shallots section (avoid the crowns),Use Fogg-It 0.5 GPM for 10 sec OR Fogg-It 2 GPM for 5 sec. total across shallots section (avoid the crowns),Use Fogg-It 0.5 GPM for 10 sec OR Fogg-It 2 GPM for 5 sec. total across shallots section (avoid the crowns),Use Fogg-It 0.5 GPM for 10 sec OR Fogg-It 2 GPM for 5 sec. s total across shallots section (avoid the crowns)
shallots_001,< 32°F,51-75%,Sunny,Normal (3-7),Don't water,Don't water,Don't water,Use Fogg-It 0.5 GPM for 5 sec OR Fogg-It 2 GPM for 5 sec. total across shallots section (avoid the crowns),Use Fogg-It 0.5 GPM for 5 sec OR Fogg-It 2 GPM for 5 sec. total across shallots section (avoid the crowns),Use Fogg-It 0.5 GPM for 5 sec OR Fogg-It 2 GPM for 5 sec. total across shallots section (avoid the crowns),Use Fogg-It 0.5 GPM for 5 sec OR Fogg-It 2 GPM for 5 sec. total across shallots section (avoid the crowns)
shallots_001,< 32°F,51-75%,Sunny,Wet (7-10),Don't water,Don't water,Don't water,Don't water,Don't water,Don't water,Don't water
shallots_001,< 32°F,51-75%,Partly Cloudy,Dry (0-3),Use Fogg-It 0.5 GPM for 5 sec OR Fogg-It 2 GPM for 5 sec. total across shallots section (avoid the crowns),Use Fogg-It 0.5 GPM for 5 sec OR Fogg-It 2 GPM for 5 sec. total across shallots section (avoid the crowns),Use Fogg-It 0.5 GPM for 5 sec OR Fogg-It 2 GPM for 5 sec. total across shallots section (avoid the crowns),Use Fogg-It 0.5 GPM for 5 sec OR Fogg-It 2 GPM for 5 sec. total across shallots section (avoid the crowns),Use Fogg-It 0.5 GPM for 5 sec OR Fogg-It 2 GPM for 5 sec. total across shallots section (avoid the crowns),Use Fogg-It 0.5 GPM for 10 sec OR Fogg-It 2 GPM for 5 sec. total across shallots section (avoid the crowns),Use Fogg-It 0.5 GPM for 10 sec OR Fogg-It 2 GPM for 5 sec. total across shallots section (avoid the crowns)
shallots_001,< 32°F,51-75%,Partly Cloudy,Normal (3-7),Don't water,Don't water,Don't water,Don't water,Use Fogg-It 0.5 GPM for 5 sec OR Fogg-It 2 GPM for 5 sec. total across shallots section (avoid the crowns),Use Fogg-It 0.5 GPM for 5 sec OR Fogg-It 2 GPM for 5 sec. total across shallots section (avoid the crowns),Use Fogg-It 0.5 GPM for 5 sec OR Fogg-It 2 GPM for 5 sec. total across shallots section (avoid the crowns)
shallots_001,< 32°F,51-75%,Partly Cloudy,Wet (7-10),Don't water,Don't water,Don't water,Don't water,Don't water,Don't water,Don't water
shallots_001,< 32°F,51-75%,Cloudy,Dry (0-3),Use Fogg-It 0.5 GPM for 5 sec OR Fogg-It 2 GPM for 5 sec. total across shallots section (avoid the crowns),Use Fogg-It 0.5 GPM for 5 sec OR Fogg-It 2 GPM for 5 sec. total across shallots section (avoid the crowns),Use Fogg-It 0.5 GPM for 5 sec OR Fogg-It 2 GPM for 5 sec. total across shallots section (avoid the crowns),Use Fogg-It 0.5 GPM for 5 sec OR Fogg-It 2 GPM for 5 sec. total across shallots section (avoid the crowns),Use Fogg-It 0.5 GPM for 5 sec OR Fogg-It 2 GPM for 5 sec. total across shallots section (avoid the crowns),Use Fogg-It 0.5 GPM for 5 sec OR Fogg-It 2 GPM for 5 sec. total across shallots section (avoid the crowns),Use Fogg-It 0.5 GPM for 10 sec OR Fogg-It 2 GPM for 5 sec. total across shallots section (avoid the crowns)
shallots_001,< 32°F,51-75%,Cloudy,Normal (3-7),Don't water,Don't water,Don't water,Don't water,Don't water,Use Fogg-It 0.5 GPM for 5 sec OR Fogg-It 2 GPM for 5 sec. total across shallots section (avoid the crowns),Use Fogg-It 0.5 GPM for 5 sec OR Fogg-It 2 GPM for 5 sec. total across shallots section (avoid the crowns)
shallots_001,< 32°F,51-75%,Cloudy,Wet (7-10),Don't water,Don't water,Don't water,Don't water,Don't water,Don't water,Don't water
shallots_001,< 32°F,76-100%,Sunny,Dry (0-3),Use Fogg-It 0.5 GPM for 5 sec OR Fogg-It 2 GPM for 5 sec. total across shallots section (avoid the crowns),Use Fogg-It 0.5 GPM for 5 sec OR Fogg-It 2 GPM for 5 sec. total across shallots section (avoid the crowns),Use Fogg-It 0.5 GPM for 5 sec OR Fogg-It 2 GPM for 5 sec. total across shallots section (avoid the crowns),Use Fogg-It 0.5 GPM for 5 sec OR Fogg-It 2 GPM for 5 sec. total across shallots section (avoid the crowns),Use Fogg-It 0.5 GPM for 5 sec OR Fogg-It 2 GPM for 5 sec. total across shallots section (avoid the crowns),Use Fogg-It 0.5 GPM for 10 sec OR Fogg-It 2 GPM for 5 sec. total across shallots section (avoid the crowns),Use Fogg-It 0.5 GPM for 10 sec OR Fogg-It 2 GPM for 5 sec. total across shallots section (avoid the crowns)
shallots_001,< 32°F,76-100%,Sunny,Normal (3-7),Don't water,Don't water,Don't water,Don't water,Use Fogg-It 0.5 GPM for 5 sec OR Fogg-It 2 GPM for 5 sec. total across shallots section (avoid the crowns),Use Fogg-It 0.5 GPM for 5 sec OR Fogg-It 2 GPM for 5 sec. total across shallots section (avoid the crowns),Use Fogg-It 0.5 GPM for 5 sec OR Fogg-It 2 GPM for 5 sec. total across shallots section (avoid the crowns)
shallots_001,< 32°F,76-100%,Sunny,Wet (7-10),Don't water,Don't water,Don't water,Don't water,Don't water,Don't water,Don't water
shallots_001,< 32°F,76-100%,Partly Cloudy,Dry (0-3),Use Fogg-It 0.5 GPM for 5 sec OR Fogg-It 2 GPM for 5 sec. total across shallots section (avoid the crowns),Use Fogg-It 0.5 GPM for 5 sec OR Fogg-It 2 GPM for 5 sec. total across shallots section (avoid the crowns),Use Fogg-It 0.5 GPM for 5 sec OR Fogg-It 2 GPM for 5 sec. total across shallots section (avoid the crowns),Use Fogg-It 0.5 GPM for 5 sec OR Fogg-It 2 GPM for 5 sec. total across shallots section (avoid the crowns),Use Fogg-It 0.5 GPM for 5 sec OR Fogg-It 2 GPM for 5 sec. total across shallots section (avoid the crowns),Use Fogg-It 0.5 GPM for 5 sec OR Fogg-It 2 GPM for 5 sec. total across shallots section (avoid the crowns),Use Fogg-It 0.5 GPM for 10 sec OR Fogg-It 2 GPM for 5 sec. total across shallots section (avoid the crowns)
shallots_001,< 32°F,76-100%,Partly Cloudy,Normal (3-7),Don't water,Don't water,Don't water,Don't water,Don't water,Use Fogg-It 0.5 GPM for 5 sec OR Fogg-It 2 GPM for 5 sec. total across shallots section (avoid the crowns),Use Fogg-It 0.5 GPM for 5 sec OR Fogg-It 2 GPM for 5 sec. total across shallots section (avoid the crowns)
shallots_001,< 32°F,76-100%,Partly Cloudy,Wet (7-10),Don't water,Don't water,Don't water,Don't water,Don't water,Don't water,Don't water
shallots_001,< 32°F,76-100%,Cloudy,Dry (0-3),Use Fogg-It 0.5 GPM for 5 sec OR Fogg-It 2 GPM for 5 sec. total across shallots section (avoid the crowns),Use Fogg-It 0.5 GPM for 5 sec OR Fogg-It 2 GPM for 5 sec. total across shallots section (avoid the crowns),Use Fogg-It 0.5 GPM for 5 sec OR Fogg-It 2 GPM for 5 sec. total across shallots section (avoid the crowns),Use Fogg-It 0.5 GPM for 5 sec OR Fogg-It 2 GPM for 5 sec. total across shallots section (avoid the crowns),Use Fogg-It 0.5 GPM for 5 sec OR Fogg-It 2 GPM for 5 sec. total across shallots section (avoid the crowns),Use Fogg-It 0.5 GPM for 5 sec OR Fogg-It 2 GPM for 5 sec. total across shallots section (avoid the crowns),Use Fogg-It 0.5 GPM for 5 sec OR Fogg-It 2 GPM for 5 sec. total across shallots section (avoid the crowns)
shallots_001,< 32°F,76-100%,Cloudy,Normal (3-7),Don't water,Don't water,Don't water,Don't water,Don't water,Don't water,Use Fogg-It 0.5 GPM for 5 sec OR Fogg-It 2 GPM for 5 sec. total across shallots section (avoid the crowns)
shallots_001,< 32°F,76-100%,Cloudy,Wet (7-10),Don't water,Don't water,Don't water,Don't water,Don't water,Don't water,Don't water
strawberry_002,< 40°F,0-25%,Sunny,Dry (0-3),Use Fogg-It 0.5 GPM for 5 sec OR Fogg-It 2 GPM for 5 sec. slowly in a circle around but avoiding the crown,Use Fogg-It 0.5 GPM for 5 sec OR Fogg-It 2 GPM for 5 sec. slowly in a circle around but avoiding the crown,Use Fogg-It 0.5 GPM for 10 sec OR Fogg-It 2 GPM for 5 sec. slowly in a circle around but avoiding the crown,Use Fogg-It 0.5 GPM for 10 sec OR Fogg-It 2 GPM for 5 sec. slowly in a circle around but avoiding the crown,Use Fogg-It 0.5 GPM for 10 sec OR Fogg-It 2 GPM for 5 sec. s slowly in a circle around but avoiding the crown,Use Fogg-It 0.5 GPM for 15 sec OR Fogg-It 2 GPM for 5 sec. slowly in a circle around but avoiding the crown,Use Fogg-It 0.5 GPM for 30 sec OR Fogg-It 2 GPM for 10 sec. slowly in a circle around but avoiding the crown
strawberry_002,< 40°F,0-25%,Sunny,Normal (3-7),Use Fogg-It 0.5 GPM for 5 sec OR Fogg-It 2 GPM for 5 sec. slowly in a circle around but avoiding the crown,Use Fogg-It 0.5 GPM for 5 sec OR Fogg-It 2 GPM for 5 sec. slowly in a circle around but avoiding the crown,Use Fogg-It 0.5 GPM for 5 sec OR Fogg-It 2 GPM for 5 sec. slowly in a circle around but avoiding the crown,Use Fogg-It 0.5 GPM for 5 sec OR Fogg-It 2 GPM for 5 sec. slowly in a circle around but avoiding the crown,Use Fogg-It 0.5 GPM for 10 sec OR Fogg-It 2 GPM for 5 sec. slowly in a circle around but avoiding the crown,Use Fogg-It 0.5 GPM for 10 sec OR Fogg-It 2 GPM for 5 sec. slowly in a circle around but avoiding the crown,Use Fogg-It 0.5 GPM for 10 sec OR Fogg-It 2 GPM for 5 sec. s slowly in a circle around but avoiding the crown
strawberry_002,< 40°F,0-25%,Sunny,Wet (7-10),Don't water,Don't water,Don't water,Don't water,Don't water,Don't water,Don't water
strawberry_002,< 40°F,0-25%,Partly Cloudy,Dry (0-3),Use Fogg-It 0.5 GPM for 5 sec OR Fogg-It 2 GPM for 5 sec. slowly in a circle around but avoiding the crown,Use Fogg-It 0.5 GPM for 5 sec OR Fogg-It 2 GPM for 5 sec. slowly in a circle around but avoiding the crown,Use Fogg-It 0.5 GPM for 5 sec OR Fogg-It 2 GPM for 5 sec. slowly in a circle around but avoiding the crown,Use Fogg-It 0.5 GPM for 10 sec OR Fogg-It 2 GPM for 5 sec. slowly in a circle around but avoiding the crown,Use Fogg-It 0.5 GPM for 10 sec OR Fogg-It 2 GPM for 5 sec. slowly in a circle around but avoiding the crown,Use Fogg-It 0.5 GPM for 10 sec OR Fogg-It 2 GPM for 5 sec. s slowly in a circle around but avoiding the crown,Use Fogg-It 0.5 GPM for 15 sec OR Fogg-It 2 GPM for 5 sec. slowly in a circle around but avoiding the crown
strawberry_002,< 40°F,0-25%,Partly Cloudy,Normal (3-7),Use Fogg-It 0.5 GPM for 5 sec OR Fogg-It 2 GPM for 5 sec. slowly in a circle around but avoiding the crown,Use Fogg-It 0.5 GPM for 5 sec OR Fogg-It 2 GPM for 5 sec. slowly in a circle around but avoiding the crown,Use Fogg-It 0.5 GPM for 5 sec OR Fogg-It 2 GPM for 5 sec. slowly in a circle around but avoiding the crown,Use Fogg-It 0.5 GPM for 5 sec OR Fogg-It 2 GPM for 5 sec. slowly in a circle around but avoiding the crown,Use Fogg-It 0.5 GPM for 5 sec OR Fogg-It 2 GPM for 5 sec. slowly in a circle around but avoiding the crown,Use Fogg-It 0.5 GPM for 10 sec OR Fogg-It 2 GPM for 5 sec. slowly in a circle around but avoiding the crown,Use Fogg-It 0.5 GPM for 10 sec OR Fogg-It 2 GPM for 5 sec. slowly in a circle around but avoiding the crown
strawberry_002,< 40°F,0-25%,Partly Cloudy,Wet (7-10),Don't water,Don't water,Don't water,Don't water,Don't water,Don't water,Don't water
strawberry_002,< 40°F,0-25%,Cloudy,Dry (0-3),Use Fogg-It 0.5 GPM for 5 sec OR Fogg-It 2 GPM for 5 sec. slowly in a circle around but avoiding the crown,Use Fogg-It 0.5 GPM for 5 sec OR Fogg-It 2 GPM for 5 sec. slowly in a circle around but avoiding the crown,Use Fogg-It 0.5 GPM for 5 sec OR Fogg-It 2 GPM for 5 sec. slowly in a circle around but avoiding the crown,Use Fogg-It 0.5 GPM for 5 sec OR Fogg-It 2 GPM for 5 sec. slowly in a circle around but avoiding the crown,Use Fogg-It 0.5 GPM for 10 sec OR Fogg-It 2 GPM for 5 sec. slowly in a circle around but avoiding the crown,Use Fogg-It 0.5 GPM for 10 sec OR Fogg-It 2 GPM for 5 sec. slowly in a circle around but avoiding the crown,Use Fogg-It 0.5 GPM for 10 sec OR Fogg-It 2 GPM for 5 sec. s slowly in a circle around but avoiding the crown
strawberry_002,< 40°F,0-25%,Cloudy,Normal (3-7),Use Fogg-It 0.5 GPM for 5 sec OR Fogg-It 2 GPM for 5 sec. slowly in a circle around but avoiding the crown,Use Fogg-It 0.5 GPM for 5 sec OR Fogg-It 2 GPM for 5 sec. slowly in a circle around but avoiding the crown,Use Fogg-It 0.5 GPM for 5 sec OR Fogg-It 2 GPM for 5 sec. slowly in a circle around but avoiding the crown,Use Fogg-It 0.5 GPM for 5 sec OR Fogg-It 2 GPM for 5 sec. slowly in a circle around but avoiding the crown,Use Fogg-It 0.5 GPM for 5 sec OR Fogg-It 2 GPM for 5 sec. slowly in a circle around but avoiding the crown,Use Fogg-It 0.5 GPM for 5 sec OR Fogg-It 2 GPM for 5 sec. slowly in a circle around but avoiding the crown,Use Fogg-It 0.5 GPM for 10 sec OR Fogg-It 2 GPM for 5 sec. slowly in a circle around but avoiding the crown
strawberry_002,< 40°F,0-25%,Cloudy,Wet (7-10),Don't water,Don't water,Don't water,Don't water,Don't water,Don't water,Don't water
strawberry_002,< 40°F,26-50%,Sunny,Dry (0-3),Use Fogg-It 0.5 GPM for 5 sec OR Fogg-It 2 GPM for 5 sec. slowly in a circle around but avoiding the crown,Use Fogg-It 0.5 GPM for 5 sec OR Fogg-It 2 GPM for 5 sec. slowly in a circle around but avoiding the crown,Use Fogg-It 0.5 GPM for 10 sec OR Fogg-It 2 GPM for 5 sec. slowly in a circle around but avoiding the crown,Use Fogg-It 0.5 GPM for 10 sec OR Fogg-It 2 GPM for 5 sec. slowly in a circle around but avoiding the crown,Use Fogg-It 0.5 GPM for 10 sec OR Fogg-It 2 GPM for 5 sec. s slowly in a circle around but avoiding the crown,Use Fogg-It 0.5 GPM for 15 sec OR Fogg-It 2 GPM for 5 sec. slowly in a circle around but avoiding the crown,Use Fogg-It 0.5 GPM for 30 sec OR Fogg-It 2 GPM for 10 sec. slowly in a circle around but avoiding the crown
strawberry_002,< 40°F,26-50%,Sunny,Normal (3-7),Use Fogg-It 0.5 GPM for 5 sec OR Fogg-It 2 GPM for 5 sec. slowly in a circle around but avoiding the crown,Use Fogg-It 0.5 GPM for 5 sec OR Fogg-It 2 GPM for 5 sec. slowly in a circle around but avoiding the crown,Use Fogg-It 0.5 GPM for 5 sec OR Fogg-It 2 GPM for 5 sec. slowly in a circle around but avoiding the crown,Use Fogg-It 0.5 GPM for 5 sec OR Fogg-It 2 GPM for 5 sec. slowly in a circle around but avoiding the crown,Use Fogg-It 0.5 GPM for 5 sec OR Fogg-It 2 GPM for 5 sec. slowly in a circle around but avoiding the crown,Use Fogg-It 0.5 GPM for 10 sec OR Fogg-It 2 GPM for 5 sec. slowly in a circle around but avoiding the crown,Use Fogg-It 0.5 GPM for 10 sec OR Fogg-It 2 GPM for 5 sec. slowly in a circle around but avoiding the crown
strawberry_002,< 40°F,26-50%,Sunny,Wet (7-10),Don't water,Don't water,Don't water,Don't water,Don't water,Don't water,Don't water
strawberry_002,< 40°F,26-50%,Partly Cloudy,Dry (0-3),Use Fogg-It 0.5 GPM for 5 sec OR Fogg-It 2 GPM for 5 sec. slowly in a circle around but avoiding the crown,Use Fogg-It 0.5 GPM for 5 sec OR Fogg-It 2 GPM for 5 sec. slowly in a circle around but avoiding the crown,Use Fogg-It 0.5 GPM for 5 sec OR Fogg-It 2 GPM for 5 sec. slowly in a circle around but avoiding the crown,Use Fogg-It 0.5 GPM for 10 sec OR Fogg-It 2 GPM for 5 sec. slowly in a circle around but avoiding the crown,Use Fogg-It 0.5 GPM for 10 sec OR Fogg-It 2 GPM for 5 sec. slowly in a circle around but avoiding the crown,Use Fogg-It 0.5 GPM for 10 sec OR Fogg-It 2 GPM for 5 sec. s slowly in a circle around but avoiding the crown,Use Fogg-It 0.5 GPM for 15 sec OR Fogg-It 2 GPM for 5 sec. slowly in a circle around but avoiding the crown
strawberry_002,< 40°F,26-50%,Partly Cloudy,Normal (3-7),Use Fogg-It 0.5 GPM for 5 sec OR Fogg-It 2 GPM for 5 sec. slowly in a circle around but avoiding the crown,Use Fogg-It 0.5 GPM for 5 sec OR Fogg-It 2 GPM for 5 sec. slowly in a circle around but avoiding the crown,Use Fogg-It 0.5 GPM for 5 sec OR Fogg-It 2 GPM for 5 sec. slowly in a circle around but avoiding the crown,Use Fogg-It 0.5 GPM for 5 sec OR Fogg-It 2 GPM for 5 sec. slowly in a circle around but avoiding the crown,Use Fogg-It 0.5 GPM for 5 sec OR Fogg-It 2 GPM for 5 sec. slowly in a circle around but avoiding the crown,Use Fogg-It 0.5 GPM for 5 sec OR Fogg-It 2 GPM for 5 sec. slowly in a circle around but avoiding the crown,Use Fogg-It 0.5 GPM for 10 sec OR Fogg-It 2 GPM for 5 sec. slowly in a circle around but avoiding the crown
strawberry_002,< 40°F,26-50%,Partly Cloudy,Wet (7-10),Don't water,Don't water,Don't water,Don't water,Don't water,Don't water,Don't water
strawberry_002,< 40°F,26-50%,Cloudy,Dry (0-3),Use Fogg-It 0.5 GPM for 5 sec OR Fogg-It 2 GPM for 5 sec. slowly in a circle around but avoiding the crown,Use Fogg-It 0.5 GPM for 5 sec OR Fogg-It 2 GPM for 5 sec. slowly in a circle around but avoiding the crown,Use Fogg-It 0.5 GPM for 5 sec OR Fogg-It 2 GPM for 5 sec. slowly in a circle around but avoiding the crown,Use Fogg-It 0.5 GPM for 5 sec OR Fogg-It 2 GPM for 5 sec. slowly in a circle around but avoiding the crown,Use Fogg-It 0.5 GPM for 10 sec OR Fogg-It 2 GPM for 5 sec. slowly in a circle around but avoiding the crown,Use Fogg-It 0.5 GPM for 10 sec OR Fogg-It 2 GPM for 5 sec. slowly in a circle around but avoiding the crown,Use Fogg-It 0.5 GPM for 10 sec OR Fogg-It 2 GPM for 5 sec. s slowly in a circle around but avoiding the crown
strawberry_002,< 40°F,26-50%,Cloudy,Normal (3-7),Use Fogg-It 0.5 GPM for 5 sec OR Fogg-It 2 GPM for 5 sec. slowly in a circle around but avoiding the crown,Use Fogg-It 0.5 GPM for 5 sec OR Fogg-It 2 GPM for 5 sec. slowly in a circle around but avoiding the crown,Use Fogg-It 0.5 GPM for 5 sec OR Fogg-It 2 GPM for 5 sec. slowly in a circle around but avoiding the crown,Use Fogg-It 0.5 GPM for 5 sec OR Fogg-It 2 GPM for 5 sec. slowly in a circle around but avoiding the crown,Use Fogg-It 0.5 GPM for 5 sec OR Fogg-It 2 GPM for 5 sec. slowly in a circle around but avoiding the crown,Use Fogg-It 0.5 GPM for 5 sec OR Fogg-It 2 GPM for 5 sec. slowly in a circle around but avoiding the crown,Use Fogg-It 0.5 GPM for 5 sec OR Fogg-It 2 GPM for 5 sec. slowly in a circle around but avoiding the crown
strawberry_002,< 40°F,26-50%,Cloudy,Wet (7-10),Don't water,Don't water,Don't water,Don't water,Don't water,Don't water,Don't water
strawberry_002,< 40°F,51-75%,Sunny,Dry (0-3),Use Fogg-It 0.5 GPM for 5 sec OR Fogg-It 2 GPM for 5 sec. slowly in a circle around but avoiding the crown,Use Fogg-It 0.5 GPM for 5 sec OR Fogg-It 2 GPM for 5 sec. slowly in a circle around but avoiding the crown,Use Fogg-It 0.5 GPM for 10 sec OR Fogg-It 2 GPM for 5 sec. slowly in a circle around but avoiding the crown,Use Fogg-It 0.5 GPM for 10 sec OR Fogg-It 2 GPM for 5 sec. slowly in a circle around but avoiding the crown,Use Fogg-It 0.5 GPM for 10 sec OR Fogg-It 2 GPM for 5 sec. s slowly in a circle around but avoiding the crown,Use Fogg-It 0.5 GPM for 15 sec OR Fogg-It 2 GPM for 5 sec. slowly in a circle around but avoiding the crown,Use Fogg-It 0.5 GPM for 30 sec OR Fogg-It 2 GPM for 10 sec. slowly in a circle around but avoiding the crown
strawberry_002,< 40°F,51-75%,Sunny,Normal (3-7),Use Fogg-It 0.5 GPM for 5 sec OR Fogg-It 2 GPM for 5 sec. slowly in a circle around but avoiding the crown,Use Fogg-It 0.5 GPM for 5 sec OR Fogg-It 2 GPM for 5 sec. slowly in a circle around but avoiding the crown,Use Fogg-It 0.5 GPM for 5 sec OR Fogg-It 2 GPM for 5 sec. slowly in a circle around but avoiding the crown,Use Fogg-It 0.5 GPM for 5 sec OR Fogg-It 2 GPM for 5 sec. slowly in a circle around but avoiding the crown,Use Fogg-It 0.5 GPM for 5 sec OR Fogg-It 2 GPM for 5 sec. slowly in a circle around but avoiding the crown,Use Fogg-It 0.5 GPM for 5 sec OR Fogg-It 2 GPM for 5 sec. slowly in a circle around but avoiding the crown,Use Fogg-It 0.5 GPM for 10 sec OR Fogg-It 2 GPM for 5 sec. slowly in a circle around but avoiding the crown
strawberry_002,< 40°F,51-75%,Sunny,Wet (7-10),Don't water,Don't water,Don't water,Don't water,Don't water,Don't water,Don't water
strawberry_002,< 40°F,51-75%,Partly Cloudy,Dry (0-3),Use Fogg-It 0.5 GPM for 5 sec OR Fogg-It 2 GPM for 5 sec. slowly in a circle around but avoiding the crown,Use Fogg-It 0.5 GPM for 5 sec OR Fogg-It 2 GPM for 5 sec. slowly in a circle around but avoiding the crown,Use Fogg-It 0.5 GPM for 5 sec OR Fogg-It 2 GPM for 5 sec. slowly in a circle around but avoiding the crown,Use Fogg-It 0.5 GPM for 10 sec OR Fogg-It 2 GPM for 5 sec. slowly in a circle around but avoiding the crown,Use Fogg-It 0.5 GPM for 10 sec OR Fogg-It 2 GPM for 5 sec. slowly in a circle around but avoiding the crown,Use Fogg-It 0.5 GPM for 10 sec OR Fogg-It 2 GPM for 5 sec. s slowly in a circle around but avoiding the crown,Use Fogg-It 0.5 GPM for 15 sec OR Fogg-It 2 GPM for 5 sec. slowly in a circle around but avoiding the crown
strawberry_002,< 40°F,51-75%,Partly Cloudy,Normal (3-7),Use Fogg-It 0.5 GPM for 5 sec OR Fogg-It 2 GPM for 5 sec. slowly in a circle around but avoiding the crown,Use Fogg-It 0.5 GPM for 5 sec OR Fogg-It 2 GPM for 5 sec. slowly in a circle around but avoiding the crown,Use Fogg-It 0.5 GPM for 5 sec OR Fogg-It 2 GPM for 5 sec. slowly in a circle around but avoiding the crown,Use Fogg-It 0.5 GPM for 5 sec OR Fogg-It 2 GPM for 5 sec. slowly in a circle around but avoiding the crown,Use Fogg-It 0.5 GPM for 5 sec OR Fogg-It 2 GPM for 5 sec. slowly in a circle around but avoiding the crown,Use Fogg-It 0.5 GPM for 5 sec OR Fogg-It 2 GPM for 5 sec. slowly in a circle around but avoiding the crown,Use Fogg-It 0.5 GPM for 5 sec OR Fogg-It 2 GPM for 5 sec. slowly in a circle around but avoiding the crown
strawberry_002,< 40°F,51-75%,Partly Cloudy,Wet (7-10),Don't water,Don't water,Don't water,Don't water,Don't water,Don't water,Don't water
strawberry_002,< 40°F,51-75%,Cloudy,Dry (0-3),Use Fogg-It 0.5 GPM for 5 sec OR Fogg-It 2 GPM for 5 sec. slowly in a circle around but avoiding the crown,Use Fogg-It 0.5 GPM for 5 sec OR Fogg-It 2 GPM for 5 sec. slowly in a circle around but avoiding the crown,Use Fogg-It 0.5 GPM for 5 sec OR Fogg-It 2 GPM for 5 sec. slowly in a circle around but avoiding the crown,Use Fogg-It 0.5 GPM for 5 sec OR Fogg-It 2 GPM for 5 sec. slowly in a circle around but avoiding the crown,Use Fogg-It 0.5 GPM for 10 sec OR Fogg-It 2 GPM for 5 sec. slowly in a circle around but avoiding the crown,Use Fogg-It 0.5 GPM for 10 sec OR Fogg-It 2 GPM for 5 sec. slowly in a circle around but avoiding the crown,Use Fogg-It 0.5 GPM for 10 sec OR Fogg-It 2 GPM for 5 sec. s slowly in a circle around but avoiding the crown
strawberry_002,< 40°F,51-75%,Cloudy,Normal (3-7),Use Fogg-It 0.5 GPM for 5 sec OR Fogg-It 2 GPM for 5 sec. slowly in a circle around but avoiding the crown,Use Fogg-It 0.5 GPM for 5 sec OR Fogg-It 2 GPM for 5 sec. slowly in a circle around but avoiding the crown,Use Fogg-It 0.5 GPM for 5 sec OR Fogg-It 2 GPM for 5 sec. slowly in a circle around but avoiding the crown,Use Fogg-It 0.5 GPM for 5 sec OR Fogg-It 2 GPM for 5 sec. slowly in a circle around but avoiding the crown,Use Fogg-It 0.5 GPM for 5 sec OR Fogg-It 2 GPM for 5 sec. slowly in a circle around but avoiding the crown,Use Fogg-It 0.5 GPM for 5 sec OR Fogg-It 2 GPM for 5 sec. slowly in a circle around but avoiding the crown,Use Fogg-It 0.5 GPM for 5 sec OR Fogg-It 2 GPM for 5 sec. slowly in a circle around but avoiding the crown
strawberry_002,< 40°F,51-75%,Cloudy,Wet (7-10),Don't water,Don't water,Don't water,Don't water,Don't water,Don't water,Don't water
strawberry_002,< 40°F,76-100%,Sunny,Dry (0-3),Use Fogg-It 0.5 GPM for 5 sec OR Fogg-It 2 GPM for 5 sec. slowly in a circle around but avoiding the crown,Use Fogg-It 0.5 GPM for 5 sec OR Fogg-It 2 GPM for 5 sec. slowly in a circle around but avoiding the crown,Use Fogg-It 0.5 GPM for 10 sec OR Fogg-It 2 GPM for 5 sec. slowly in a circle around but avoiding the crown,Use Fogg-It 0.5 GPM for 10 sec OR Fogg-It 2 GPM for 5 sec. slowly in a circle around but avoiding the crown,Use Fogg-It 0.5 GPM for 10 sec OR Fogg-It 2 GPM for 5 sec. s slowly in a circle around but avoiding the crown,Use Fogg-It 0.5 GPM for 15 sec OR Fogg-It 2 GPM for 5 sec. slowly in a circle around but avoiding the crown,Use Fogg-It 0.5 GPM for 30 sec OR Fogg-It 2 GPM for 10 sec. slowly in a circle around but avoiding the crown
strawberry_002,< 40°F,76-100%,Sunny,Normal (3-7),Use Fogg-It 0.5 GPM for 5 sec OR Fogg-It 2 GPM for 5 sec. slowly in a circle around but avoiding the crown,Use Fogg-It 0.5 GPM for 5 sec OR Fogg-It 2 GPM for 5 sec. slowly in a circle around but avoiding the crown,Use Fogg-It 0.5 GPM for 5 sec OR Fogg-It 2 GPM for 5 sec. slowly in a circle around but avoiding the crown,Use Fogg-It 0.5 GPM for 5 sec OR Fogg-It 2 GPM for 5 sec. slowly in a circle around but avoiding the crown,Use Fogg-It 0.5 GPM for 5 sec OR Fogg-It 2 GPM for 5 sec. slowly in a circle around but avoiding the crown,Use Fogg-It 0.5 GPM for 5 sec OR Fogg-It 2 GPM for 5 sec. slowly in a circle around but avoiding the crown,Use Fogg-It 0.5 GPM for 5 sec OR Fogg-It 2 GPM for 5 sec. slowly in a circle around but avoiding the crown
strawberry_002,< 40°F,76-100%,Sunny,Wet (7-10),Don't water,Don't water,Don't water,Don't water,Don't water,Don't water,Don't water
strawberry_002,< 40°F,76-100%,Partly Cloudy,Dry (0-3),Use Fogg-It 0.5 GPM for 5 sec OR Fogg-It 2 GPM for 5 sec. slowly in a circle around but avoiding the crown,Use Fogg-It 0.5 GPM for 5 sec OR Fogg-It 2 GPM for 5 sec. slowly in a circle around but avoiding the crown,Use Fogg-It 0.5 GPM for 5 sec OR Fogg-It 2 GPM for 5 sec. slowly in a circle around but avoiding the crown,Use Fogg-It 0.5 GPM for 10 sec OR Fogg-It 2 GPM for 5 sec. slowly in a circle around but avoiding the crown,Use Fogg-It 0.5 GPM for 10 sec OR Fogg-It 2 GPM for 5 sec. slowly in a circle around but avoiding the crown,Use Fogg-It 0.5 GPM for 10 sec OR Fogg-It 2 GPM for 5 sec. s slowly in a circle around but avoiding the crown,Use Fogg-It 0.5 GPM for 15 sec OR Fogg-It 2 GPM for 5 sec. slowly in a circle around but avoiding the crown
strawberry_002,< 40°F,76-100%,Partly Cloudy,Normal (3-7),Use Fogg-It 0.5 GPM for 5 sec OR Fogg-It 2 GPM for 5 sec. slowly in a circle around but avoiding the crown,Use Fogg-It 0.5 GPM for 5 sec OR Fogg-It 2 GPM for 5 sec. slowly in a circle around but avoiding the crown,Use Fogg-It 0.5 GPM for 5 sec OR Fogg-It 2 GPM for 5 sec. slowly in a circle around but avoiding the crown,Use Fogg-It 0.5 GPM for 5 sec OR Fogg-It 2 GPM for 5 sec. slowly in a circle around but avoiding the crown,Use Fogg-It 0.5 GPM for 5 sec OR Fogg-It 2 GPM for 5 sec. slowly in a circle around but avoiding the crown,Use Fogg-It 0.5 GPM for 5 sec OR Fogg-It 2 GPM for 5 sec. slowly in a circle around but avoiding the crown,Use Fogg-It 0.5 GPM for 5 sec OR Fogg-It 2 GPM for 5 sec. slowly in a circle around but avoiding the crown
strawberry_002,< 40°F,76-100%,Partly Cloudy,Wet (7-10),Don't water,Don't water,Don't water,Don't water,Don't water,Don't water,Don't water
strawberry_002,< 40°F,76-100%,Cloudy,Dry (0-3),Use Fogg-It 0.5 GPM for 5 sec OR Fogg-It 2 GPM for 5 sec. slowly in a circle around but avoiding the crown,Use Fogg-It 0.5 GPM for 5 sec OR Fogg-It 2 GPM for 5 sec. slowly in a circle around but avoiding the crown,Use Fogg-It 0.5 GPM for 5 sec OR Fogg-It 2 GPM for 5 sec. slowly in a circle around but avoiding the crown,Use Fogg-It 0.5 GPM for 5 sec OR Fogg-It 2 GPM for 5 sec. slowly in a circle around but avoiding the crown,Use Fogg-It 0.5 GPM for 10 sec OR Fogg-It 2 GPM for 5 sec. slowly in a circle around but avoiding the crown,Use Fogg-It 0.5 GPM for 10 sec OR Fogg-It 2 GPM for 5 sec. slowly in a circle around but avoiding the crown,Use Fogg-It 0.5 GPM for 10 sec OR Fogg-It 2 GPM for 5 sec. s slowly in a circle around but avoiding the crown
strawberry_002,< 40°F,76-100%,Cloudy,Normal (3-7),Use Fogg-It 0.5 GPM for 5 sec OR Fogg-It 2 GPM for 5 sec. slowly in a circle around but avoiding the crown,Use Fogg-It 0.5 GPM for 5 sec OR Fogg-It 2 GPM for 5 sec. slowly in a circle around but avoiding the crown,Use Fogg-It 0.5 GPM for 5 sec OR Fogg-It 2 GPM for 5 sec. slowly in a circle around but avoiding the crown,Use Fogg-It 0.5 GPM for 5 sec OR Fogg-It 2 GPM for 5 sec. slowly in a circle around but avoiding the crown,Use Fogg-It 0.5 GPM for 5 sec OR Fogg-It 2 GPM for 5 sec. slowly in a circle around but avoiding the crown,Use Fogg-It 0.5 GPM for 5 sec OR Fogg-It 2 GPM for 5 sec. slowly in a circle around but avoiding the crown,Use Fogg-It 0.5 GPM for 5 sec OR Fogg-It 2 GPM for 5 sec. slowly in a circle around but avoiding the crown
strawberry_002,< 40°F,76-100%,Cloudy,Wet (7-10),Don't water,Don't water,Don't water,Don't water,Don't water,Don't water,Don't water
strawberry_001,< 40°F,0-25%,Sunny,Dry (0-3),Use Fogg-It 0.5 GPM for 5 sec OR Fogg-It 2 GPM for 5 sec. slowly in a circle around but avoiding the crown,Use Fogg-It 0.5 GPM for 5 sec OR Fogg-It 2 GPM for 5 sec. slowly in a circle around but avoiding the crown,Use Fogg-It 0.5 GPM for 10 sec OR Fogg-It 2 GPM for 5 sec. slowly in a circle around but avoiding the crown,Use Fogg-It 0.5 GPM for 10 sec OR Fogg-It 2 GPM for 5 sec. s slowly in a circle around but avoiding the crown,Use Fogg-It 0.5 GPM for 15 sec OR Fogg-It 2 GPM for 5 sec. slowly in a circle around but avoiding the crown,Use Fogg-It 0.5 GPM for 30 sec OR Fogg-It 2 GPM for 10 sec. slowly in a circle around but avoiding the crown,Use Fogg-It 0.5 GPM for 30 sec OR Fogg-It 2 GPM for 10 sec. slowly in a circle around but avoiding the crown
strawberry_001,< 40°F,0-25%,Sunny,Normal (3-7),Don't water,Use Fogg-It 0.5 GPM for 5 sec OR Fogg-It 2 GPM for 5 sec. slowly in a circle around but avoiding the crown,Use Fogg-It 0.5 GPM for 5 sec OR Fogg-It 2 GPM for 5 sec. slowly in a circle around but avoiding the crown,Use Fogg-It 0.5 GPM for 5 sec OR Fogg-It 2 GPM for 5 sec. slowly in a circle around but avoiding the crown,Use Fogg-It 0.5 GPM for 10 sec OR Fogg-It 2 GPM for 5 sec. slowly in a circle around but avoiding the crown,Use Fogg-It 0.5 GPM for 10 sec OR Fogg-It 2 GPM for 5 sec. s slowly in a circle around but avoiding the crown,Use Fogg-It 0.5 GPM for 15 sec OR Fogg-It 2 GPM for 5 sec. slowly in a circle around but avoiding the crown
strawberry_001,< 40°F,0-25%,Sunny,Wet (7-10),Don't water,Don't water,Don't water,Don't water,Don't water,Don't water,Don't water
strawberry_001,< 40°F,0-25%,Partly Cloudy,Dry (0-3),Use Fogg-It 0.5 GPM for 5 sec OR Fogg-It 2 GPM for 5 sec. slowly in a circle around but avoiding the crown,Use Fogg-It 0.5 GPM for 5 sec OR Fogg-It 2 GPM for 5 sec. slowly in a circle around but avoiding the crown,Use Fogg-It 0.5 GPM for 5 sec OR Fogg-It 2 GPM for 5 sec. slowly in a circle around but avoiding the crown,Use Fogg-It 0.5 GPM for 10 sec OR Fogg-It 2 GPM for 5 sec. slowly in a circle around but avoiding the crown,Use Fogg-It 0.5 GPM for 10 sec OR Fogg-It 2 GPM for 5 sec. s slowly in a circle around but avoiding the crown,Use Fogg-It 0.5 GPM for 15 sec OR Fogg-It 2 GPM for 5 sec. slowly in a circle around but avoiding the crown,Use Fogg-It 0.5 GPM for 30 sec OR Fogg-It 2 GPM for 10 sec. slowly in a circle around but avoiding the crown
strawberry_001,< 40°F,0-25%,Partly Cloudy,Normal (3-7),Don't water,Don't water,Use Fogg-It 0.5 GPM for 5 sec OR Fogg-It 2 GPM for 5 sec. slowly in a circle around but avoiding the crown,Use Fogg-It 0.5 GPM for 5 sec OR Fogg-It 2 GPM for 5 sec. slowly in a circle around but avoiding the crown,Use Fogg-It 0.5 GPM for 5 sec OR Fogg-It 2 GPM for 5 sec. slowly in a circle around but avoiding the crown,Use Fogg-It 0.5 GPM for 10 sec OR Fogg-It 2 GPM for 5 sec. slowly in a circle around but avoiding the crown,Use Fogg-It 0.5 GPM for 10 sec OR Fogg-It 2 GPM for 5 sec. s slowly in a circle around but avoiding the crown
strawberry_001,< 40°F,0-25%,Partly Cloudy,Wet (7-10),Don't water,Don't water,Don't water,Don't water,Don't water,Don't water,Don't water
strawberry_001,< 40°F,0-25%,Cloudy,Dry (0-3),Use Fogg-It 0.5 GPM for 5 sec OR Fogg-It 2 GPM for 5 sec. slowly in a circle around but avoiding the crown,Use Fogg-It 0.5 GPM for 5 sec OR Fogg-It 2 GPM for 5 sec. slowly in a circle around but avoiding the crown,Use Fogg-It 0.5 GPM for 5 sec OR Fogg-It 2 GPM for 5 sec. slowly in a circle around but avoiding the crown,Use Fogg-It 0.5 GPM for 5 sec OR Fogg-It 2 GPM for 5 sec. slowly in a circle around but avoiding the crown,Use Fogg-It 0.5 GPM for 10 sec OR Fogg-It 2 GPM for 5 sec. slowly in a circle around but avoiding the crown,Use Fogg-It 0.5 GPM for 10 sec OR Fogg-It 2 GPM for 5 sec. s slowly in a circle around but avoiding the crown,Use Fogg-It 0.5 GPM for 15 sec OR Fogg-It 2 GPM for 5 sec. slowly in a circle around but avoiding the crown
strawberry_001,< 40°F,0-25%,Cloudy,Normal (3-7),Don't water,Don't water,Don't water,Use Fogg-It 0.5 GPM for 5 sec OR Fogg-It 2 GPM for 5 sec. slowly in a circle around but avoiding the crown,Use Fogg-It 0.5 GPM for 5 sec OR Fogg-It 2 GPM for 5 sec. slowly in a circle around but avoiding the crown,Use Fogg-It 0.5 GPM for 5 sec OR Fogg-It 2 GPM for 5 sec. slowly in a circle around but avoiding the crown,Use Fogg-It 0.5 GPM for 10 sec OR Fogg-It 2 GPM for 5 sec. slowly in a circle around but avoiding the crown
strawberry_001,< 40°F,0-25%,Cloudy,Wet (7-10),Don't water,Don't water,Don't water,Don't water,Don't water,Don't water,Don't water
strawberry_001,< 40°F,26-50%,Sunny,Dry (0-3),Use Fogg-It 0.5 GPM for 5 sec OR Fogg-It 2 GPM for 5 sec. slowly in a circle around but avoiding the crown,Use Fogg-It 0.5 GPM for 5 sec OR Fogg-It 2 GPM for 5 sec. slowly in a circle around but avoiding the crown,Use Fogg-It 0.5 GPM for 5 sec OR Fogg-It 2 GPM for 5 sec. slowly in a circle around but avoiding the crown,Use Fogg-It 0.5 GPM for 10 sec OR Fogg-It 2 GPM for 5 sec. slowly in a circle around but avoiding the crown,Use Fogg-It 0.5 GPM for 10 sec OR Fogg-It 2 GPM for 5 sec. s slowly in a circle around but avoiding the crown,Use Fogg-It 0.5 GPM for 15 sec OR Fogg-It 2 GPM for 5 sec. slowly in a circle around but avoiding the crown,Use Fogg-It 0.5 GPM for 30 sec OR Fogg-It 2 GPM for 10 sec. slowly in a circle around but avoiding the crown
strawberry_001,< 40°F,26-50%,Sunny,Normal (3-7),Don't water,Don't water,Use Fogg-It 0.5 GPM for 5 sec OR Fogg-It 2 GPM for 5 sec. slowly in a circle around but avoiding the crown,Use Fogg-It 0.5 GPM for 5 sec OR Fogg-It 2 GPM for 5 sec. slowly in a circle around but avoiding the crown,Use Fogg-It 0.5 GPM for 5 sec OR Fogg-It 2 GPM for 5 sec. slowly in a circle around but avoiding the crown,Use Fogg-It 0.5 GPM for 10 sec OR Fogg-It 2 GPM for 5 sec. slowly in a circle around but avoiding the crown,Use Fogg-It 0.5 GPM for 10 sec OR Fogg-It 2 GPM for 5 sec. s slowly in a circle around but avoiding the crown
strawberry_001,< 40°F,26-50%,Sunny,Wet (7-10),Don't water,Don't water,Don't water,Don't water,Don't water,Don't water,Don't water
strawberry_001,< 40°F,26-50%,Partly Cloudy,Dry (0-3),Use Fogg-It 0.5 GPM for 5 sec OR Fogg-It 2 GPM for 5 sec. slowly in a circle around but avoiding the crown,Use Fogg-It 0.5 GPM for 5 sec OR Fogg-It 2 GPM for 5 sec. slowly in a circle around but avoiding the crown,Use Fogg-It 0.5 GPM for 5 sec OR Fogg-It 2 GPM for 5 sec. slowly in a circle around but avoiding the crown,Use Fogg-It 0.5 GPM for 5 sec OR Fogg-It 2 GPM for 5 sec. slowly in a circle around but avoiding the crown,Use Fogg-It 0.5 GPM for 10 sec OR Fogg-It 2 GPM for 5 sec. slowly in a circle around but avoiding the crown,Use Fogg-It 0.5 GPM for 10 sec OR Fogg-It 2 GPM for 5 sec. s slowly in a circle around but avoiding the crown,Use Fogg-It 0.5 GPM for 15 sec OR Fogg-It 2 GPM for 5 sec. slowly in a circle around but avoiding the crown
strawberry_001,< 40°F,26-50%,Partly Cloudy,Normal (3-7),Don't water,Don't water,Don't water,Use Fogg-It 0.5 GPM for 5 sec OR Fogg-It 2 GPM for 5 sec. slowly in a circle around but avoiding the crown,Use Fogg-It 0.5 GPM for 5 sec OR Fogg-It 2 GPM for 5 sec. slowly in a circle around but avoiding the crown,Use Fogg-It 0.5 GPM for 5 sec OR Fogg-It 2 GPM for 5 sec. slowly in a circle around but avoiding the crown,Use Fogg-It 0.5 GPM for 10 sec OR Fogg-It 2 GPM for 5 sec. slowly in a circle around but avoiding the crown
strawberry_001,< 40°F,26-50%,Partly Cloudy,Wet (7-10),Don't water,Don't water,Don't water,Don't water,Don't water,Don't water,Don't water
strawberry_001,< 40°F,26-50%,Cloudy,Dry (0-3),Use Fogg-It 0.5 GPM for 5 sec OR Fogg-It 2 GPM for 5 sec. slowly in a circle around but avoiding the crown,Use Fogg-It 0.5 GPM for 5 sec OR Fogg-It 2 GPM for 5 sec. slowly in a circle around but avoiding the crown,Use Fogg-It 0.5 GPM for 5 sec OR Fogg-It 2 GPM for 5 sec. slowly in a circle around but avoiding the crown,Use Fogg-It 0.5 GPM for 5 sec OR Fogg-It 2 GPM for 5 sec. slowly in a circle around but avoiding the crown,Use Fogg-It 0.5 GPM for 5 sec OR Fogg-It 2 GPM for 5 sec. slowly in a circle around but avoiding the crown,Use Fogg-It 0.5 GPM for 10 sec OR Fogg-It 2 GPM for 5 sec. slowly in a circle around but avoiding the crown,Use Fogg-It 0.5 GPM for 10 sec OR Fogg-It 2 GPM for 5 sec. s slowly in a circle around but avoiding the crown
strawberry_001,< 40°F,26-50%,Cloudy,Normal (3-7),Don't water,Don't water,Don't water,Don't water,Use Fogg-It 0.5 GPM for 5 sec OR Fogg-It 2 GPM for 5 sec. slowly in a circle around but avoiding the crown,Use Fogg-It 0.5 GPM for 5 sec OR Fogg-It 2 GPM for 5 sec. slowly in a circle around but avoiding the crown,Use Fogg-It 0.5 GPM for 5 sec OR Fogg-It 2 GPM for 5 sec. slowly in a circle around but avoiding the crown
strawberry_001,< 40°F,26-50%,Cloudy,Wet (7-10),Don't water,Don't water,Don't water,Don't water,Don't water,Don't water,Don't water
strawberry_001,< 40°F,51-75%,Sunny,Dry (0-3),Use Fogg-It 0.5 GPM for 5 sec OR Fogg-It 2 GPM for 5 sec. slowly in a circle around but avoiding the crown,Use Fogg-It 0.5 GPM for 5 sec OR Fogg-It 2 GPM for 5 sec. slowly in a circle around but avoiding the crown,Use Fogg-It 0.5 GPM for 5 sec OR Fogg-It 2 GPM for 5 sec. slowly in a circle around but avoiding the crown,Use Fogg-It 0.5 GPM for 5 sec OR Fogg-It 2 GPM for 5 sec. slowly in a circle around but avoiding the crown,Use Fogg-It 0.5 GPM for 10 sec OR Fogg-It 2 GPM for 5 sec. slowly in a circle around but avoiding the crown,Use Fogg-It 0.5 GPM for 10 sec OR Fogg-It 2 GPM for 5 sec. s slowly in a circle around but avoiding the crown,Use Fogg-It 0.5 GPM for 15 sec OR Fogg-It 2 GPM for 5 sec. slowly in a circle around but avoiding the crown
strawberry_001,< 40°F,51-75%,Sunny,Normal (3-7),Don't water,Don't water,Don't water,Use Fogg-It 0.5 GPM for 5 sec OR Fogg-It 2 GPM for 5 sec. slowly in a circle around but avoiding the crown,Use Fogg-It 0.5 GPM for 5 sec OR Fogg-It 2 GPM for 5 sec. slowly in a circle around but avoiding the crown,Use Fogg-It 0.5 GPM for 5 sec OR Fogg-It 2 GPM for 5 sec. slowly in a circle around but avoiding the crown,Use Fogg-It 0.5 GPM for 10 sec OR Fogg-It 2 GPM for 5 sec. slowly in a circle around but avoiding the crown
strawberry_001,< 40°F,51-75%,Sunny,Wet (7-10),Don't water,Don't water,Don't water,Don't water,Don't water,Don't water,Don't water
strawberry_001,< 40°F,51-75%,Partly Cloudy,Dry (0-3),Use Fogg-It 0.5 GPM for 5 sec OR Fogg-It 2 GPM for 5 sec. slowly in a circle around but avoiding the crown,Use Fogg-It 0.5 GPM for 5 sec OR Fogg-It 2 GPM for 5 sec. slowly in a circle around but avoiding the crown,Use Fogg-It 0.5 GPM for 5 sec OR Fogg-It 2 GPM for 5 sec. slowly in a circle around but avoiding the crown,Use Fogg-It 0.5 GPM for 5 sec OR Fogg-It 2 GPM for 5 sec. slowly in a circle around but avoiding the crown,Use Fogg-It 0.5 GPM for 5 sec OR Fogg-It 2 GPM for 5 sec. slowly in a circle around but avoiding the crown,Use Fogg-It 0.5 GPM for 10 sec OR Fogg-It 2 GPM for 5 sec. slowly in a circle around but avoiding the crown,Use Fogg-It 0.5 GPM for 10 sec OR Fogg-It 2 GPM for 5 sec. s slowly in a circle around but avoiding the crown
strawberry_001,< 40°F,51-75%,Partly Cloudy,Normal (3-7),Don't water,Don't water,Don't water,Don't water,Use Fogg-It 0.5 GPM for 5 sec OR Fogg-It 2 GPM for 5 sec. slowly in a circle around but avoiding the crown,Use Fogg-It 0.5 GPM for 5 sec OR Fogg-It 2 GPM for 5 sec. slowly in a circle around but avoiding the crown,Use Fogg-It 0.5 GPM for 5 sec OR Fogg-It 2 GPM for 5 sec. slowly in a circle around but avoiding the crown
strawberry_001,< 40°F,51-75%,Partly Cloudy,Wet (7-10),Don't water,Don't water,Don't water,Don't water,Don't water,Don't water,Don't water
strawberry_001,< 40°F,51-75%,Cloudy,Dry (0-3),Use Fogg-It 0.5 GPM for 5 sec OR Fogg-It 2 GPM for 5 sec. slowly in a circle around but avoiding the crown,Use Fogg-It 0.5 GPM for 5 sec OR Fogg-It 2 GPM for 5 sec. slowly in a circle around but avoiding the crown,Use Fogg-It 0.5 GPM for 5 sec OR Fogg-It 2 GPM for 5 sec. slowly in a circle around but avoiding the crown,Use Fogg-It 0.5 GPM for 5 sec OR Fogg-It 2 GPM for 5 sec. slowly in a circle around but avoiding the crown,Use Fogg-It 0.5 GPM for 5 sec OR Fogg-It 2 GPM for 5 sec. slowly in a circle around but avoiding the crown,Use Fogg-It 0.5 GPM for 5 sec OR Fogg-It 2 GPM for 5 sec. slowly in a circle around but avoiding the crown,Use Fogg-It 0.5 GPM for 10 sec OR Fogg-It 2 GPM for 5 sec. slowly in a circle around but avoiding the crown
strawberry_001,< 40°F,51-75%,Cloudy,Normal (3-7),Don't water,Don't water,Don't water,Don't water,Don't water,Use Fogg-It 0.5 GPM for 5 sec OR Fogg-It 2 GPM for 5 sec. slowly in a circle around but avoiding the crown,Use Fogg-It 0.5 GPM for 5 sec OR Fogg-It 2 GPM for 5 sec. slowly in a circle around but avoiding the crown
strawberry_001,< 40°F,51-75%,Cloudy,Wet (7-10),Don't water,Don't water,Don't water,Don't water,Don't water,Don't water,Don't water
strawberry_001,< 40°F,76-100%,Sunny,Dry (0-3),Use Fogg-It 0.5 GPM for 5 sec OR Fogg-It 2 GPM for 5 sec. slowly in a circle around but avoiding the crown,Use Fogg-It 0.5 GPM for 5 sec OR Fogg-It 2 GPM for 5 sec. slowly in a circle around but avoiding the crown,Use Fogg-It 0.5 GPM for 5 sec OR Fogg-It 2 GPM for 5 sec. slowly in a circle around but avoiding the crown,Use Fogg-It 0.5 GPM for 10 sec OR Fogg-It 2 GPM for 5 sec. slowly in a circle around but avoiding the crown,Use Fogg-It 0.5 GPM for 10 sec OR Fogg-It 2 GPM for 5 sec. s slowly in a circle around but avoiding the crown,Use Fogg-It 0.5 GPM for 15 sec OR Fogg-It 2 GPM for 5 sec. slowly in a circle around but avoiding the crown,Use Fogg-It 0.5 GPM for 30 sec OR Fogg-It 2 GPM for 10 sec. slowly in a circle around but avoiding the crown
strawberry_001,< 40°F,76-100%,Sunny,Normal (3-7),Don't water,Don't water,Use Fogg-It 0.5 GPM for 5 sec OR Fogg-It 2 GPM for 5 sec. slowly in a circle around but avoiding the crown,Use Fogg-It 0.5 GPM for 5 sec OR Fogg-It 2 GPM for 5 sec. slowly in a circle around but avoiding the crown,Use Fogg-It 0.5 GPM for 5 sec OR Fogg-It 2 GPM for 5 sec. slowly in a circle around but avoiding the crown,Use Fogg-It 0.5 GPM for 10 sec OR Fogg-It 2 GPM for 5 sec. slowly in a circle around but avoiding the crown,Use Fogg-It 0.5 GPM for 10 sec OR Fogg-It 2 GPM for 5 sec. s slowly in a circle around but avoiding the crown
strawberry_001,< 40°F,76-100%,Sunny,Wet (7-10),Don't water,Don't water,Don't water,Don't water,Don't water,Don't water,Don't water
strawberry_001,< 40°F,76-100%,Partly Cloudy,Dry (0-3),Use Fogg-It 0.5 GPM for 5 sec OR Fogg-It 2 GPM for 5 sec. slowly in a circle around but avoiding the crown,Use Fogg-It 0.5 GPM for 5 sec OR Fogg-It 2 GPM for 5 sec. slowly in a circle around but avoiding the crown,Use Fogg-It 0.5 GPM for 5 sec OR Fogg-It 2 GPM for 5 sec. slowly in a circle around but avoiding the crown,Use Fogg-It 0.5 GPM for 5 sec OR Fogg-It 2 GPM for 5 sec. slowly in a circle around but avoiding the crown,Use Fogg-It 0.5 GPM for 5 sec OR Fogg-It 2 GPM for 5 sec. slowly in a circle around but avoiding the crown,Use Fogg-It 0.5 GPM for 10 sec OR Fogg-It 2 GPM for 5 sec. slowly in a circle around but avoiding the crown,Use Fogg-It 0.5 GPM for 10 sec OR Fogg-It 2 GPM for 5 sec. s slowly in a circle around but avoiding the crown
strawberry_001,< 40°F,76-100%,Partly Cloudy,Normal (3-7),Don't water,Don't water,Don't water,Don't water,Use Fogg-It 0.5 GPM for 5 sec OR Fogg-It 2 GPM for 5 sec. slowly in a circle around but avoiding the crown,Use Fogg-It 0.5 GPM for 5 sec OR Fogg-It 2 GPM for 5 sec. slowly in a circle around but avoiding the crown,Use Fogg-It 0.5 GPM for 5 sec OR Fogg-It 2 GPM for 5 sec. slowly in a circle around but avoiding the crown
strawberry_001,< 40°F,76-100%,Partly Cloudy,Wet (7-10),Don't water,Don't water,Don't water,Don't water,Don't water,Don't water,Don't water
strawberry_001,< 40°F,76-100%,Cloudy,Dry (0-3),Use Fogg-It 0.5 GPM for 5 sec OR Fogg-It 2 GPM for 5 sec. slowly in a circle around but avoiding the crown,Use Fogg-It 0.5 GPM for 5 sec OR Fogg-It 2 GPM for 5 sec. slowly in a circle around but avoiding the crown,Use Fogg-It 0.5 GPM for 5 sec OR Fogg-It 2 GPM for 5 sec. slowly in a circle around but avoiding the crown,Use Fogg-It 0.5 GPM for 5 sec OR Fogg-It 2 GPM for 5 sec. slowly in a circle around but avoiding the crown,Use Fogg-It 0.5 GPM for 5 sec OR Fogg-It 2 GPM for 5 sec. slowly in a circle around but avoiding the crown,Use Fogg-It 0.5 GPM for 5 sec OR Fogg-It 2 GPM for 5 sec. slowly in a circle around but avoiding the crown,Use Fogg-It 0.5 GPM for 10 sec OR Fogg-It 2 GPM for 5 sec. slowly in a circle around but avoiding the crown
strawberry_001,< 40°F,76-100%,Cloudy,Normal (3-7),Don't water,Don't water,Don't water,Don't water,Don't water,Use Fogg-It 0.5 GPM for 5 sec OR Fogg-It 2 GPM for 5 sec. slowly in a circle around but avoiding the crown,Use Fogg-It 0.5 GPM for 5 sec OR Fogg-It 2 GPM for 5 sec. slowly in a circle around but avoiding the crown
strawberry_001,< 40°F,76-100%,Cloudy,Wet (7-10),Don't water,Don't water,Don't water,Don't water,Don't water,Don't water,Don't water
scallions_001,< 35°F,0-25%,Sunny,Dry (0-3),Use Fogg-It 0.5 GPM for 5 sec OR Fogg-It 2 GPM for 5 sec. each along the front row and back row (around the crown).,Use Fogg-It 0.5 GPM for 5 sec OR Fogg-It 2 GPM for 5 sec. each along the front row and back row (around the crown).,Use Fogg-It 0.5 GPM for 5 sec OR Fogg-It 2 GPM for 5 sec. each along the front row and back row (around the crown).,Use Fogg-It 0.5 GPM for 5 sec OR Fogg-It 2 GPM for 5 sec. each along the front row and back row (around the crown).,Use Fogg-It 0.5 GPM for 5 sec OR Fogg-It 2 GPM for 5 sec. each along the front row and back row (around the crown).,Use Fogg-It 0.5 GPM for 10 sec OR Fogg-It 2 GPM for 5 sec. each along the front row and back row (around the crown).,Use Fogg-It 0.5 GPM for 15 sec OR Fogg-It 2 GPM for 5 sec. each along the front row and back row (around the crown).
scallions_001,< 35°F,0-25%,Sunny,Normal (3-7),Don't water,Don't water,Use Fogg-It 0.5 GPM for 5 sec OR Fogg-It 2 GPM for 5 sec. each along the front row and back row (around the crown).,Use Fogg-It 0.5 GPM for 5 sec OR Fogg-It 2 GPM for 5 sec. each along the front row and back row (around the crown).,Use Fogg-It 0.5 GPM for 5 sec OR Fogg-It 2 GPM for 5 sec. each along the front row and back row (around the crown).,Use Fogg-It 0.5 GPM for 5 sec OR Fogg-It 2 GPM for 5 sec. each along the front row and back row (around the crown).,Use Fogg-It 0.5 GPM for 5 sec OR Fogg-It 2 GPM for 5 sec. each along the front row and back row (around the crown).
scallions_001,< 35°F,0-25%,Sunny,Wet (7-10),Don't water,Don't water,Don't water,Don't water,Don't water,Don't water,Don't water
scallions_001,< 35°F,0-25%,Partly Cloudy,Dry (0-3),Use Fogg-It 0.5 GPM for 5 sec OR Fogg-It 2 GPM for 5 sec. each along the front row and back row (around the crown).,Use Fogg-It 0.5 GPM for 5 sec OR Fogg-It 2 GPM for 5 sec. each along the front row and back row (around the crown).,Use Fogg-It 0.5 GPM for 5 sec OR Fogg-It 2 GPM for 5 sec. each along the front row and back row (around the crown).,Use Fogg-It 0.5 GPM for 5 sec OR Fogg-It 2 GPM for 5 sec. each along the front row and back row (around the crown).,Use Fogg-It 0.5 GPM for 5 sec OR Fogg-It 2 GPM for 5 sec. each along the front row and back row (around the crown).,Use Fogg-It 0.5 GPM for 5 sec OR Fogg-It 2 GPM for 5 sec. each along the front row and back row (around the crown).,Use Fogg-It 0.5 GPM for 10 sec OR Fogg-It 2 GPM for 5 sec. each along the front row and back row (around the crown).
scallions_001,< 35°F,0-25%,Partly Cloudy,Normal (3-7),Don't water,Don't water,Don't water,Use Fogg-It 0.5 GPM for 5 sec OR Fogg-It 2 GPM for 5 sec. each along the front row and back row (around the crown).,Use Fogg-It 0.5 GPM for 5 sec OR Fogg-It 2 GPM for 5 sec. each along the front row and back row (around the crown).,Use Fogg-It 0.5 GPM for 5 sec OR Fogg-It 2 GPM for 5 sec. each along the front row and back row (around the crown).,Use Fogg-It 0.5 GPM for 5 sec OR Fogg-It 2 GPM for 5 sec. each along the front row and back row (around the crown).
scallions_001,< 35°F,0-25%,Partly Cloudy,Wet (7-10),Don't water,Don't water,Don't water,Don't water,Don't water,Don't water,Don't water
scallions_001,< 35°F,0-25%,Cloudy,Dry (0-3),Use Fogg-It 0.5 GPM for 5 sec OR Fogg-It 2 GPM for 5 sec. each along the front row and back row (around the crown).,Use Fogg-It 0.5 GPM for 5 sec OR Fogg-It 2 GPM for 5 sec. each along the front row and back row (around the crown).,Use Fogg-It 0.5 GPM for 5 sec OR Fogg-It 2 GPM for 5 sec. each along the front row and back row (around the crown).,Use Fogg-It 0.5 GPM for 5 sec OR Fogg-It 2 GPM for 5 sec. each along the front row and back row (around the crown).,Use Fogg-It 0.5 GPM for 5 sec OR Fogg-It 2 GPM for 5 sec. each along the front row and back row (around the crown).,Use Fogg-It 0.5 GPM for 5 sec OR Fogg-It 2 GPM for 5 sec. each along the front row and back row (around the crown).,Use Fogg-It 0.5 GPM for 5 sec OR Fogg-It 2 GPM for 5 sec. each along the front row and back row (around the crown).
scallions_001,< 35°F,0-25%,Cloudy,Normal (3-7),Don't water,Don't water,Don't water,Don't water,Use Fogg-It 0.5 GPM for 5 sec OR Fogg-It 2 GPM for 5 sec. each along the front row and back row (around the crown).,Use Fogg-It 0.5 GPM for 5 sec OR Fogg-It 2 GPM for 5 sec. each along the front row and back row (around the crown).,Use Fogg-It 0.5 GPM for 5 sec OR Fogg-It 2 GPM for 5 sec. each along the front row and back row (around the crown).
scallions_001,< 35°F,0-25%,Cloudy,Wet (7-10),Don't water,Don't water,Don't water,Don't water,Don't water,Don't water,Don't water
scallions_001,< 35°F,26-50%,Sunny,Dry (0-3),Use Fogg-It 0.5 GPM for 5 sec OR Fogg-It 2 GPM for 5 sec. each along the front row and back row (around the crown).,Use Fogg-It 0.5 GPM for 5 sec OR Fogg-It 2 GPM for 5 sec. each along the front row and back row (around the crown).,Use Fogg-It 0.5 GPM for 5 sec OR Fogg-It 2 GPM for 5 sec. each along the front row and back row (around the crown).,Use Fogg-It 0.5 GPM for 5 sec OR Fogg-It 2 GPM for 5 sec. each along the front row and back row (around the crown).,Use Fogg-It 0.5 GPM for 5 sec OR Fogg-It 2 GPM for 5 sec. each along the front row and back row (around the crown).,Use Fogg-It 0.5 GPM for 5 sec OR Fogg-It 2 GPM for 5 sec. each along the front row and back row (around the crown).,Use Fogg-It 0.5 GPM for 10 sec OR Fogg-It 2 GPM for 5 sec. each along the front row and back row (around the crown).
scallions_001,< 35°F,26-50%,Sunny,Normal (3-7),Don't water,Don't water,Don't water,Use Fogg-It 0.5 GPM for 5 sec OR Fogg-It 2 GPM for 5 sec. each along the front row and back row (around the crown).,Use Fogg-It 0.5 GPM for 5 sec OR Fogg-It 2 GPM for 5 sec. each along the front row and back row (around the crown).,Use Fogg-It 0.5 GPM for 5 sec OR Fogg-It 2 GPM for 5 sec. each along the front row and back row (around the crown).,Use Fogg-It 0.5 GPM for 5 sec OR Fogg-It 2 GPM for 5 sec. each along the front row and back row (around the crown).
scallions_001,< 35°F,26-50%,Sunny,Wet (7-10),Don't water,Don't water,Don't water,Don't water,Don't water,Don't water,Don't water
scallions_001,< 35°F,26-50%,Partly Cloudy,Dry (0-3),Use Fogg-It 0.5 GPM for 5 sec OR Fogg-It 2 GPM for 5 sec. each along the front row and back row (around the crown).,Use Fogg-It 0.5 GPM for 5 sec OR Fogg-It 2 GPM for 5 sec. each along the front row and back row (around the crown).,Use Fogg-It 0.5 GPM for 5 sec OR Fogg-It 2 GPM for 5 sec. each along the front row and back row (around the crown).,Use Fogg-It 0.5 GPM for 5 sec OR Fogg-It 2 GPM for 5 sec. each along the front row and back row (around the crown).,Use Fogg-It 0.5 GPM for 5 sec OR Fogg-It 2 GPM for 5 sec. each along the front row and back row (around the crown).,Use Fogg-It 0.5 GPM for 5 sec OR Fogg-It 2 GPM for 5 sec. each along the front row and back row (around the crown).,Use Fogg-It 0.5 GPM for 5 sec OR Fogg-It 2 GPM for 5 sec. each along the front row and back row (around the crown).
scallions_001,< 35°F,26-50%,Partly Cloudy,Normal (3-7),Don't water,Don't water,Don't water,Don't water,Use Fogg-It 0.5 GPM for 5 sec OR Fogg-It 2 GPM for 5 sec. each along the front row and back row (around the crown).,Use Fogg-It 0.5 GPM for 5 sec OR Fogg-It 2 GPM for 5 sec. each along the front row and back row (around the crown).,Use Fogg-It 0.5 GPM for 5 sec OR Fogg-It 2 GPM for 5 sec. each along the front row and back row (around the crown).
scallions_001,< 35°F,26-50%,Partly Cloudy,Wet (7-10),Don't water,Don't water,Don't water,Don't water,Don't water,Don't water,Don't water
scallions_001,< 35°F,26-50%,Cloudy,Dry (0-3),Use Fogg-It 0.5 GPM for 5 sec OR Fogg-It 2 GPM for 5 sec. each along the front row and back row (around the crown).,Use Fogg-It 0.5 GPM for 5 sec OR Fogg-It 2 GPM for 5 sec. each along the front row and back row (around the crown).,Use Fogg-It 0.5 GPM for 5 sec OR Fogg-It 2 GPM for 5 sec. each along the front row and back row (around the crown).,Use Fogg-It 0.5 GPM for 5 sec OR Fogg-It 2 GPM for 5 sec. each along the front row and back row (around the crown).,Use Fogg-It 0.5 GPM for 5 sec OR Fogg-It 2 GPM for 5 sec. each along the front row and back row (around the crown).,Use Fogg-It 0.5 GPM for 5 sec OR Fogg-It 2 GPM for 5 sec. each along the front row and back row (around the crown).,Use Fogg-It 0.5 GPM for 5 sec OR Fogg-It 2 GPM for 5 sec. each along the front row and back row (around the crown).
scallions_001,< 35°F,26-50%,Cloudy,Normal (3-7),Don't water,Don't water,Don't water,Don't water,Don't water,Use Fogg-It 0.5 GPM for 5 sec OR Fogg-It 2 GPM for 5 sec. each along the front row and back row (around the crown).,Use Fogg-It 0.5 GPM for 5 sec OR Fogg-It 2 GPM for 5 sec. each along the front row and back row (around the crown).
scallions_001,< 35°F,26-50%,Cloudy,Wet (7-10),Don't water,Don't water,Don't water,Don't water,Don't water,Don't water,Don't water
scallions_001,< 35°F,51-75%,Sunny,Dry (0-3),Use Fogg-It 0.5 GPM for 5 sec OR Fogg-It 2 GPM for 5 sec. each along the front row and back row (around the crown).,Use Fogg-It 0.5 GPM for 5 sec OR Fogg-It 2 GPM for 5 sec. each along the front row and back row (around the crown).,Use Fogg-It 0.5 GPM for 5 sec OR Fogg-It 2 GPM for 5 sec. each along the front row and back row (around the crown).,Use Fogg-It 0.5 GPM for 5 sec OR Fogg-It 2 GPM for 5 sec. each along the front row and back row (around the crown).,Use Fogg-It 0.5 GPM for 5 sec OR Fogg-It 2 GPM for 5 sec. each along the front row and back row (around the crown).,Use Fogg-It 0.5 GPM for 5 sec OR Fogg-It 2 GPM for 5 sec. each along the front row and back row (around the crown).,Use Fogg-It 0.5 GPM for 5 sec OR Fogg-It 2 GPM for 5 sec. each along the front row and back row (around the crown).
scallions_001,< 35°F,51-75%,Sunny,Normal (3-7),Don't water,Don't water,Don't water,Don't water,Use Fogg-It 0.5 GPM for 5 sec OR Fogg-It 2 GPM for 5 sec. each along the front row and back row (around the crown).,Use Fogg-It 0.5 GPM for 5 sec OR Fogg-It 2 GPM for 5 sec. each along the front row and back row (around the crown).,Use Fogg-It 0.5 GPM for 5 sec OR Fogg-It 2 GPM for 5 sec. each along the front row and back row (around the crown).
scallions_001,< 35°F,51-75%,Sunny,Wet (7-10),Don't water,Don't water,Don't water,Don't water,Don't water,Don't water,Don't water
scallions_001,< 35°F,51-75%,Partly Cloudy,Dry (0-3),Use Fogg-It 0.5 GPM for 5 sec OR Fogg-It 2 GPM for 5 sec. each along the front row and back row (around the crown).,Use Fogg-It 0.5 GPM for 5 sec OR Fogg-It 2 GPM for 5 sec. each along the front row and back row (around the crown).,Use Fogg-It 0.5 GPM for 5 sec OR Fogg-It 2 GPM for 5 sec. each along the front row and back row (around the crown).,Use Fogg-It 0.5 GPM for 5 sec OR Fogg-It 2 GPM for 5 sec. each along the front row and back row (around the crown).,Use Fogg-It 0.5 GPM for 5 sec OR Fogg-It 2 GPM for 5 sec. each along the front row and back row (around the crown).,Use Fogg-It 0.5 GPM for 5 sec OR Fogg-It 2 GPM for 5 sec. each along the front row and back row (around the crown).,Use Fogg-It 0.5 GPM for 5 sec OR Fogg-It 2 GPM for 5 sec. each along the front row and back row (around the crown).
scallions_001,< 35°F,51-75%,Partly Cloudy,Normal (3-7),Don't water,Don't water,Don't water,Don't water,Don't water,Use Fogg-It 0.5 GPM for 5 sec OR Fogg-It 2 GPM for 5 sec. each along the front row and back row (around the crown).,Use Fogg-It 0.5 GPM for 5 sec OR Fogg-It 2 GPM for 5 sec. each along the front row and back row (around the crown).
scallions_001,< 35°F,51-75%,Partly Cloudy,Wet (7-10),Don't water,Don't water,Don't water,Don't water,Don't water,Don't water,Don't water
scallions_001,< 35°F,51-75%,Cloudy,Dry (0-3),Use Fogg-It 0.5 GPM for 5 sec OR Fogg-It 2 GPM for 5 sec. each along the front row and back row (around the crown).,Use Fogg-It 0.5 GPM for 5 sec OR Fogg-It 2 GPM for 5 sec. each along the front row and back row (around the crown).,Use Fogg-It 0.5 GPM for 5 sec OR Fogg-It 2 GPM for 5 sec. each along the front row and back row (around the crown).,Use Fogg-It 0.5 GPM for 5 sec OR Fogg-It 2 GPM for 5 sec. each along the front row and back row (around the crown).,Use Fogg-It 0.5 GPM for 5 sec OR Fogg-It 2 GPM for 5 sec. each along the front row and back row (around the crown).,Use Fogg-It 0.5 GPM for 5 sec OR Fogg-It 2 GPM for 5 sec. each along the front row and back row (around the crown).,Use Fogg-It 0.5 GPM for 5 sec OR Fogg-It 2 GPM for 5 sec. each along the front row and back row (around the crown).
scallions_001,< 35°F,51-75%,Cloudy,Normal (3-7),Don't water,Don't water,Don't water,Don't water,Don't water,Don't water,Use Fogg-It 0.5 GPM for 5 sec OR Fogg-It 2 GPM for 5 sec. each along the front row and back row (around the crown).
scallions_001,< 35°F,51-75%,Cloudy,Wet (7-10),Don't water,Don't water,Don't water,Don't water,Don't water,Don't water,Don't water
scallions_001,< 35°F,76-100%,Sunny,Dry (0-3),Don't water,Don't water,Use Fogg-It 0.5 GPM for 5 sec OR Fogg-It 2 GPM for 5 sec. each along the front row and back row (around the crown).,Use Fogg-It 0.5 GPM for 5 sec OR Fogg-It 2 GPM for 5 sec. each along the front row and back row (around the crown).,Use Fogg-It 0.5 GPM for 5 sec OR Fogg-It 2 GPM for 5 sec. each along the front row and back row (around the crown).,Use Fogg-It 0.5 GPM for 5 sec OR Fogg-It 2 GPM for 5 sec. each along the front row and back row (around the crown).,Use Fogg-It 0.5 GPM for 5 sec OR Fogg-It 2 GPM for 5 sec. each along the front row and back row (around the crown).
scallions_001,< 35°F,76-100%,Sunny,Normal (3-7),Don't water,Don't water,Don't water,Don't water,Don't water,Don't water,Don't water
scallions_001,< 35°F,76-100%,Sunny,Wet (7-10),Don't water,Don't water,Don't water,Don't water,Don't water,Don't water,Don't water
scallions_001,< 35°F,76-100%,Partly Cloudy,Dry (0-3),Don't water,Don't water,Don't water,Use Fogg-It 0.5 GPM for 5 sec OR Fogg-It 2 GPM for 5 sec. each along the front row and back row (around the crown).,Use Fogg-It 0.5 GPM for 5 sec OR Fogg-It 2 GPM for 5 sec. each along the front row and back row (around the crown).,Use Fogg-It 0.5 GPM for 5 sec OR Fogg-It 2 GPM for 5 sec. each along the front row and back row (around the crown).,Use Fogg-It 0.5 GPM for 5 sec OR Fogg-It 2 GPM for 5 sec. each along the front row and back row (around the crown).
scallions_001,< 35°F,76-100%,Partly Cloudy,Normal (3-7),Don't water,Don't water,Don't water,Don't water,Don't water,Don't water,Don't water
scallions_001,< 35°F,76-100%,Partly Cloudy,Wet (7-10),Don't water,Don't water,Don't water,Don't water,Don't water,Don't water,Don't water
scallions_001,< 35°F,76-100%,Cloudy,Dry (0-3),Don't water,Don't water,Don't water,Don't water,Use Fogg-It 0.5 GPM for 5 sec OR Fogg-It 2 GPM for 5 sec. each along the front row and back row (around the crown).,Use Fogg-It 0.5 GPM for 5 sec OR Fogg-It 2 GPM for 5 sec. each along the front row and back row (around the crown).,Use Fogg-It 0.5 GPM for 5 sec OR Fogg-It 2 GPM for 5 sec. each along the front row and back row (around the crown).
scallions_001,< 35°F,76-100%,Cloudy,Normal (3-7),Don't water,Don't water,Don't water,Don't water,Don't water,Don't water,Don't water
scallions_001,< 35°F,76-100%,Cloudy,Wet (7-10),Don't water,Don't water,Don't water,Don't water,Don't water,Don't water,Don't water
thyme_001,< 32°F,0-25%,Sunny,Dry (0-3),Use Fogg-It 0.5 GPM for 5 sec OR Fogg-It 2 GPM for 5 sec. slowly across the thyme section,Use Fogg-It 0.5 GPM for 5 sec OR Fogg-It 2 GPM for 5 sec. slowly across the thyme section,Use Fogg-It 0.5 GPM for 5 sec OR Fogg-It 2 GPM for 5 sec. slowly across the thyme section,Use Fogg-It 0.5 GPM for 5 sec OR Fogg-It 2 GPM for 5 sec. slowly across the thyme section,Use Fogg-It 0.5 GPM for 5 sec OR Fogg-It 2 GPM for 5 sec. slowly across the thyme section,Use Fogg-It 0.5 GPM for 5 sec OR Fogg-It 2 GPM for 5 sec. slowly across the thyme section,Use Fogg-It 0.5 GPM for 5 sec OR Fogg-It 2 GPM for 5 sec. slowly across the thyme section
thyme_001,< 32°F,0-25%,Sunny,Normal (3-7),Don't water,Don't water,Use Fogg-It 0.5 GPM for 5 sec OR Fogg-It 2 GPM for 5 sec. slowly across the thyme section,Use Fogg-It 0.5 GPM for 5 sec OR Fogg-It 2 GPM for 5 sec. slowly across the thyme section,Use Fogg-It 0.5 GPM for 5 sec OR Fogg-It 2 GPM for 5 sec. slowly across the thyme section,Use Fogg-It 0.5 GPM for 5 sec OR Fogg-It 2 GPM for 5 sec. slowly across the thyme section,Use Fogg-It 0.5 GPM for 5 sec OR Fogg-It 2 GPM for 5 sec. slowly across the thyme section
thyme_001,< 32°F,0-25%,Sunny,Wet (7-10),Don't water,Don't water,Don't water,Don't water,Don't water,Don't water,Don't water
thyme_001,< 32°F,0-25%,Partly Cloudy,Dry (0-3),Use Fogg-It 0.5 GPM for 5 sec OR Fogg-It 2 GPM for 5 sec. slowly across the thyme section,Use Fogg-It 0.5 GPM for 5 sec OR Fogg-It 2 GPM for 5 sec. slowly across the thyme section,Use Fogg-It 0.5 GPM for 5 sec OR Fogg-It 2 GPM for 5 sec. slowly across the thyme section,Use Fogg-It 0.5 GPM for 5 sec OR Fogg-It 2 GPM for 5 sec. slowly across the thyme section,Use Fogg-It 0.5 GPM for 5 sec OR Fogg-It 2 GPM for 5 sec. slowly across the thyme section,Use Fogg-It 0.5 GPM for 5 sec OR Fogg-It 2 GPM for 5 sec. slowly across the thyme section,Use Fogg-It 0.5 GPM for 5 sec OR Fogg-It 2 GPM for 5 sec. slowly across the thyme section
thyme_001,< 32°F,0-25%,Partly Cloudy,Normal (3-7),Don't water,Don't water,Don't water,Use Fogg-It 0.5 GPM for 5 sec OR Fogg-It 2 GPM for 5 sec. slowly across the thyme section,Use Fogg-It 0.5 GPM for 5 sec OR Fogg-It 2 GPM for 5 sec. slowly across the thyme section,Use Fogg-It 0.5 GPM for 5 sec OR Fogg-It 2 GPM for 5 sec. slowly across the thyme section,Use Fogg-It 0.5 GPM for 5 sec OR Fogg-It 2 GPM for 5 sec. slowly across the thyme section
thyme_001,< 32°F,0-25%,Partly Cloudy,Wet (7-10),Don't water,Don't water,Don't water,Don't water,Don't water,Don't water,Don't water
thyme_001,< 32°F,0-25%,Cloudy,Dry (0-3),Use Fogg-It 0.5 GPM for 5 sec OR Fogg-It 2 GPM for 5 sec. slowly across the thyme section,Use Fogg-It 0.5 GPM for 5 sec OR Fogg-It 2 GPM for 5 sec. slowly across the thyme section,Use Fogg-It 0.5 GPM for 5 sec OR Fogg-It 2 GPM for 5 sec. slowly across the thyme section,Use Fogg-It 0.5 GPM for 5 sec OR Fogg-It 2 GPM for 5 sec. slowly across the thyme section,Use Fogg-It 0.5 GPM for 5 sec OR Fogg-It 2 GPM for 5 sec. slowly across the thyme section,Use Fogg-It 0.5 GPM for 5 sec OR Fogg-It 2 GPM for 5 sec. slowly across the thyme section,Use Fogg-It 0.5 GPM for 5 sec OR Fogg-It 2 GPM for 5 sec. slowly across the thyme section
thyme_001,< 32°F,0-25%,Cloudy,Normal (3-7),Don't water,Don't water,Don't water,Don't water,Use Fogg-It 0.5 GPM for 5 sec OR Fogg-It 2 GPM for 5 sec. slowly across the thyme section,Use Fogg-It 0.5 GPM for 5 sec OR Fogg-It 2 GPM for 5 sec. slowly across the thyme section,Use Fogg-It 0.5 GPM for 5 sec OR Fogg-It 2 GPM for 5 sec. slowly across the thyme section
thyme_001,< 32°F,0-25%,Cloudy,Wet (7-10),Don't water,Don't water,Don't water,Don't water,Don't water,Don't water,Don't water
thyme_001,< 32°F,26-50%,Sunny,Dry (0-3),Use Fogg-It 0.5 GPM for 5 sec OR Fogg-It 2 GPM for 5 sec. slowly across the thyme section,Use Fogg-It 0.5 GPM for 5 sec OR Fogg-It 2 GPM for 5 sec. slowly across the thyme section,Use Fogg-It 0.5 GPM for 5 sec OR Fogg-It 2 GPM for 5 sec. slowly across the thyme section,Use Fogg-It 0.5 GPM for 5 sec OR Fogg-It 2 GPM for 5 sec. slowly across the thyme section,Use Fogg-It 0.5 GPM for 5 sec OR Fogg-It 2 GPM for 5 sec. slowly across the thyme section,Use Fogg-It 0.5 GPM for 5 sec OR Fogg-It 2 GPM for 5 sec. slowly across the thyme section,Use Fogg-It 0.5 GPM for 5 sec OR Fogg-It 2 GPM for 5 sec. slowly across the thyme section
thyme_001,< 32°F,26-50%,Sunny,Normal (3-7),Don't water,Don't water,Don't water,Use Fogg-It 0.5 GPM for 5 sec OR Fogg-It 2 GPM for 5 sec. slowly across the thyme section,Use Fogg-It 0.5 GPM for 5 sec OR Fogg-It 2 GPM for 5 sec. slowly across the thyme section,Use Fogg-It 0.5 GPM for 5 sec OR Fogg-It 2 GPM for 5 sec. slowly across the thyme section,Use Fogg-It 0.5 GPM for 5 sec OR Fogg-It 2 GPM for 5 sec. slowly across the thyme section
thyme_001,< 32°F,26-50%,Sunny,Wet (7-10),Don't water,Don't water,Don't water,Don't water,Don't water,Don't water,Don't water
thyme_001,< 32°F,26-50%,Partly Cloudy,Dry (0-3),Use Fogg-It 0.5 GPM for 5 sec OR Fogg-It 2 GPM for 5 sec. slowly across the thyme section,Use Fogg-It 0.5 GPM for 5 sec OR Fogg-It 2 GPM for 5 sec. slowly across the thyme section,Use Fogg-It 0.5 GPM for 5 sec OR Fogg-It 2 GPM for 5 sec. slowly across the thyme section,Use Fogg-It 0.5 GPM for 5 sec OR Fogg-It 2 GPM for 5 sec. slowly across the thyme section,Use Fogg-It 0.5 GPM for 5 sec OR Fogg-It 2 GPM for 5 sec. slowly across the thyme section,Use Fogg-It 0.5 GPM for 5 sec OR Fogg-It 2 GPM for 5 sec. slowly across the thyme section,Use Fogg-It 0.5 GPM for 5 sec OR Fogg-It 2 GPM for 5 sec. slowly across the thyme section
thyme_001,< 32°F,26-50%,Partly Cloudy,Normal (3-7),Don't water,Don't water,Don't water,Don't water,Use Fogg-It 0.5 GPM for 5 sec OR Fogg-It 2 GPM for 5 sec. slowly across the thyme section,Use Fogg-It 0.5 GPM for 5 sec OR Fogg-It 2 GPM for 5 sec. slowly across the thyme section,Use Fogg-It 0.5 GPM for 5 sec OR Fogg-It 2 GPM for 5 sec. slowly across the thyme section
thyme_001,< 32°F,26-50%,Partly Cloudy,Wet (7-10),Don't water,Don't water,Don't water,Don't water,Don't water,Don't water,Don't water
thyme_001,< 32°F,26-50%,Cloudy,Dry (0-3),Use Fogg-It 0.5 GPM for 5 sec OR Fogg-It 2 GPM for 5 sec. slowly across the thyme section,Use Fogg-It 0.5 GPM for 5 sec OR Fogg-It 2 GPM for 5 sec. slowly across the thyme section,Use Fogg-It 0.5 GPM for 5 sec OR Fogg-It 2 GPM for 5 sec. slowly across the thyme section,Use Fogg-It 0.5 GPM for 5 sec OR Fogg-It 2 GPM for 5 sec. slowly across the thyme section,Use Fogg-It 0.5 GPM for 5 sec OR Fogg-It 2 GPM for 5 sec. slowly across the thyme section,Use Fogg-It 0.5 GPM for 5 sec OR Fogg-It 2 GPM for 5 sec. slowly across the thyme section,Use Fogg-It 0.5 GPM for 5 sec OR Fogg-It 2 GPM for 5 sec. slowly across the thyme section
thyme_001,< 32°F,26-50%,Cloudy,Normal (3-7),Don't water,Don't water,Don't water,Don't water,Don't water,Use Fogg-It 0.5 GPM for 5 sec OR Fogg-It 2 GPM for 5 sec. slowly across the thyme section,Use Fogg-It 0.5 GPM for 5 sec OR Fogg-It 2 GPM for 5 sec. slowly across the thyme section
thyme_001,< 32°F,26-50%,Cloudy,Wet (7-10),Don't water,Don't water,Don't water,Don't water,Don't water,Don't water,Don't water
thyme_001,< 32°F,51-75%,Sunny,Dry (0-3),Use Fogg-It 0.5 GPM for 5 sec OR Fogg-It 2 GPM for 5 sec. slowly across the thyme section,Use Fogg-It 0.5 GPM for 5 sec OR Fogg-It 2 GPM for 5 sec. slowly across the thyme section,Use Fogg-It 0.5 GPM for 5 sec OR Fogg-It 2 GPM for 5 sec. slowly across the thyme section,Use Fogg-It 0.5 GPM for 5 sec OR Fogg-It 2 GPM for 5 sec. slowly across the thyme section,Use Fogg-It 0.5 GPM for 5 sec OR Fogg-It 2 GPM for 5 sec. slowly across the thyme section,Use Fogg-It 0.5 GPM for 5 sec OR Fogg-It 2 GPM for 5 sec. slowly across the thyme section,Use Fogg-It 0.5 GPM for 5 sec OR Fogg-It 2 GPM for 5 sec. slowly across the thyme section
thyme_001,< 32°F,51-75%,Sunny,Normal (3-7),Don't water,Don't water,Don't water,Don't water,Use Fogg-It 0.5 GPM for 5 sec OR Fogg-It 2 GPM for 5 sec. slowly across the thyme section,Use Fogg-It 0.5 GPM for 5 sec OR Fogg-It 2 GPM for 5 sec. slowly across the thyme section,Use Fogg-It 0.5 GPM for 5 sec OR Fogg-It 2 GPM for 5 sec. slowly across the thyme section
thyme_001,< 32°F,51-75%,Sunny,Wet (7-10),Don't water,Don't water,Don't water,Don't water,Don't water,Don't water,Don't water
thyme_001,< 32°F,51-75%,Partly Cloudy,Dry (0-3),Use Fogg-It 0.5 GPM for 5 sec OR Fogg-It 2 GPM for 5 sec. slowly across the thyme section,Use Fogg-It 0.5 GPM for 5 sec OR Fogg-It 2 GPM for 5 sec. slowly across the thyme section,Use Fogg-It 0.5 GPM for 5 sec OR Fogg-It 2 GPM for 5 sec. slowly across the thyme section,Use Fogg-It 0.5 GPM for 5 sec OR Fogg-It 2 GPM for 5 sec. slowly across the thyme section,Use Fogg-It 0.5 GPM for 5 sec OR Fogg-It 2 GPM for 5 sec. slowly across the thyme section,Use Fogg-It 0.5 GPM for 5 sec OR Fogg-It 2 GPM for 5 sec. slowly across the thyme section,Use Fogg-It 0.5 GPM for 5 sec OR Fogg-It 2 GPM for 5 sec. slowly across the thyme section
thyme_001,< 32°F,51-75%,Partly Cloudy,Normal (3-7),Don't water,Don't water,Don't water,Don't water,Don't water,Use Fogg-It 0.5 GPM for 5 sec OR Fogg-It 2 GPM for 5 sec. slowly across the thyme section,Use Fogg-It 0.5 GPM for 5 sec OR Fogg-It 2 GPM for 5 sec. slowly across the thyme section
thyme_001,< 32°F,51-75%,Partly Cloudy,Wet (7-10),Don't water,Don't water,Don't water,Don't water,Don't water,Don't water,Don't water
thyme_001,< 32°F,51-75%,Cloudy,Dry (0-3),Use Fogg-It 0.5 GPM for 5 sec OR Fogg-It 2 GPM for 5 sec. slowly across the thyme section,Use Fogg-It 0.5 GPM for 5 sec OR Fogg-It 2 GPM for 5 sec. slowly across the thyme section,Use Fogg-It 0.5 GPM for 5 sec OR Fogg-It 2 GPM for 5 sec. slowly across the thyme section,Use Fogg-It 0.5 GPM for 5 sec OR Fogg-It 2 GPM for 5 sec. slowly across the thyme section,Use Fogg-It 0.5 GPM for 5 sec OR Fogg-It 2 GPM for 5 sec. slowly across the thyme section,Use Fogg-It 0.5 GPM for 5 sec OR Fogg-It 2 GPM for 5 sec. slowly across the thyme section,Use Fogg-It 0.5 GPM for 5 sec OR Fogg-It 2 GPM for 5 sec. slowly across the thyme section
thyme_001,< 32°F,51-75%,Cloudy,Normal (3-7),Don't water,Don't water,Don't water,Don't water,Don't water,Don't water,Use Fogg-It 0.5 GPM for 5 sec OR Fogg-It 2 GPM for 5 sec. slowly across the thyme section
thyme_001,< 32°F,51-75%,Cloudy,Wet (7-10),Don't water,Don't water,Don't water,Don't water,Don't water,Don't water,Don't water
thyme_001,< 32°F,76-100%,Sunny,Dry (0-3),Use Fogg-It 0.5 GPM for 5 sec OR Fogg-It 2 GPM for 5 sec. slowly across the thyme section,Use Fogg-It 0.5 GPM for 5 sec OR Fogg-It 2 GPM for 5 sec. slowly across the thyme section,Use Fogg-It 0.5 GPM for 5 sec OR Fogg-It 2 GPM for 5 sec. slowly across the thyme section,Use Fogg-It 0.5 GPM for 5 sec OR Fogg-It 2 GPM for 5 sec. slowly across the thyme section,Use Fogg-It 0.5 GPM for 5 sec OR Fogg-It 2 GPM for 5 sec. slowly across the thyme section,Use Fogg-It 0.5 GPM for 5 sec OR Fogg-It 2 GPM for 5 sec. slowly across the thyme section,Use Fogg-It 0.5 GPM for 5 sec OR Fogg-It 2 GPM for 5 sec. slowly across the thyme section
thyme_001,< 32°F,76-100%,Sunny,Normal (3-7),Don't water,Don't water,Don't water,Don't water,Don't water,Use Fogg-It 0.5 GPM for 5 sec OR Fogg-It 2 GPM for 5 sec. slowly across the thyme section,Use Fogg-It 0.5 GPM for 5 sec OR Fogg-It 2 GPM for 5 sec. slowly across the thyme section
thyme_001,< 32°F,76-100%,Sunny,Wet (7-10),Don't water,Don't water,Don't water,Don't water,Don't water,Don't water,Don't water
thyme_001,< 32°F,76-100%,Partly Cloudy,Dry (0-3),Use Fogg-It 0.5 GPM for 5 sec OR Fogg-It 2 GPM for 5 sec. slowly across the thyme section,Use Fogg-It 0.5 GPM for 5 sec OR Fogg-It 2 GPM for 5 sec. slowly across the thyme section,Use Fogg-It 0.5 GPM for 5 sec OR Fogg-It 2 GPM for 5 sec. slowly across the thyme section,Use Fogg-It 0.5 GPM for 5 sec OR Fogg-It 2 GPM for 5 sec. slowly across the thyme section,Use Fogg-It 0.5 GPM for 5 sec OR Fogg-It 2 GPM for 5 sec. slowly across the thyme section,Use Fogg-It 0.5 GPM for 5 sec OR Fogg-It 2 GPM for 5 sec. slowly across the thyme section,Use Fogg-It 0.5 GPM for 5 sec OR Fogg-It 2 GPM for 5 sec. slowly across the thyme section
thyme_001,< 32°F,76-100%,Partly Cloudy,Normal (3-7),Don't water,Don't water,Don't water,Don't water,Don't water,Don't water,Use Fogg-It 0.5 GPM for 5 sec OR Fogg-It 2 GPM for 5 sec. slowly across the thyme section
thyme_001,< 32°F,76-100%,Partly Cloudy,Wet (7-10),Don't water,Don't water,Don't water,Don't water,Don't water,Don't water,Don't water
thyme_001,< 32°F,76-100%,Cloudy,Dry (0-3),Use Fogg-It 0.5 GPM for 5 sec OR Fogg-It 2 GPM for 5 sec. slowly across the thyme section,Use Fogg-It 0.5 GPM for 5 sec OR Fogg-It 2 GPM for 5 sec. slowly across the thyme section,Use Fogg-It 0.5 GPM for 5 sec OR Fogg-It 2 GPM for 5 sec. slowly across the thyme section,Use Fogg-It 0.5 GPM for 5 sec OR Fogg-It 2 GPM for 5 sec. slowly across the thyme section,Use Fogg-It 0.5 GPM for 5 sec OR Fogg-It 2 GPM for 5 sec. slowly across the thyme section,Use Fogg-It 0.5 GPM for 5 sec OR Fogg-It 2 GPM for 5 sec. slowly across the thyme section,Use Fogg-It 0.5 GPM for 5 sec OR Fogg-It 2 GPM for 5 sec. slowly across the thyme section
thyme_001,< 32°F,76-100%,Cloudy,Normal (3-7),Don't water,Don't water,Don't water,Don't water,Don't water,Don't water,Don't water
thyme_001,< 32°F,76-100%,Cloudy,Wet (7-10),Don't water,Don't water,Don't water,Don't water,Don't water,Don't water,Don't water
zucchini_001,< 40°F,0-25%,Sunny,Dry (0-3),Use Fogg-It 0.5 GPM for 5 sec OR Fogg-It 2 GPM for 5 sec. slowly around base,Use Fogg-It 0.5 GPM for 5 sec OR Fogg-It 2 GPM for 5 sec. slowly around base,Use Fogg-It 0.5 GPM for 10 sec OR Fogg-It 2 GPM for 5 sec. slowly around base,Use Fogg-It 0.5 GPM for 10 sec OR Fogg-It 2 GPM for 5 sec. s slowly around base,Use Fogg-It 0.5 GPM for 15 sec OR Fogg-It 2 GPM for 5 sec. slowly around base,Use Fogg-It 0.5 GPM for 30 sec OR Fogg-It 2 GPM for 10 sec. slowly around base,Use Fogg-It 0.5 GPM for 45 sec OR Fogg-It 2 GPM for 10 sec. s slowly around base
zucchini_001,< 40°F,0-25%,Sunny,Normal (3-7),Use Fogg-It 0.5 GPM for 5 sec OR Fogg-It 2 GPM for 5 sec. slowly around base,Use Fogg-It 0.5 GPM for 5 sec OR Fogg-It 2 GPM for 5 sec. slowly around base,Use Fogg-It 0.5 GPM for 5 sec OR Fogg-It 2 GPM for 5 sec. slowly around base,Use Fogg-It 0.5 GPM for 5 sec OR Fogg-It 2 GPM for 5 sec. slowly around base,Use Fogg-It 0.5 GPM for 10 sec OR Fogg-It 2 GPM for 5 sec. slowly around base,Use Fogg-It 0.5 GPM for 10 sec OR Fogg-It 2 GPM for 5 sec. s slowly around base,Use Fogg-It 0.5 GPM for 15 sec OR Fogg-It 2 GPM for 5 sec. slowly around base
zucchini_001,< 40°F,0-25%,Sunny,Wet (7-10),Don't water,Don't water,Don't water,Don't water,Don't water,Don't water,Don't water
zucchini_001,< 40°F,0-25%,Partly Cloudy,Dry (0-3),Use Fogg-It 0.5 GPM for 5 sec OR Fogg-It 2 GPM for 5 sec. slowly around base,Use Fogg-It 0.5 GPM for 5 sec OR Fogg-It 2 GPM for 5 sec. slowly around base,Use Fogg-It 0.5 GPM for 5 sec OR Fogg-It 2 GPM for 5 sec. slowly around base,Use Fogg-It 0.5 GPM for 10 sec OR Fogg-It 2 GPM for 5 sec. slowly around base,Use Fogg-It 0.5 GPM for 10 sec OR Fogg-It 2 GPM for 5 sec. s slowly around base,Use Fogg-It 0.5 GPM for 15 sec OR Fogg-It 2 GPM for 5 sec. slowly around base,Use Fogg-It 0.5 GPM for 30 sec OR Fogg-It 2 GPM for 10 sec. slowly around base
zucchini_001,< 40°F,0-25%,Partly Cloudy,Normal (3-7),Use Fogg-It 0.5 GPM for 5 sec OR Fogg-It 2 GPM for 5 sec. slowly around base,Use Fogg-It 0.5 GPM for 5 sec OR Fogg-It 2 GPM for 5 sec. slowly around base,Use Fogg-It 0.5 GPM for 5 sec OR Fogg-It 2 GPM for 5 sec. slowly around base,Use Fogg-It 0.5 GPM for 5 sec OR Fogg-It 2 GPM for 5 sec. slowly around base,Use Fogg-It 0.5 GPM for 5 sec OR Fogg-It 2 GPM for 5 sec. slowly around base,Use Fogg-It 0.5 GPM for 10 sec OR Fogg-It 2 GPM for 5 sec. slowly around base,Use Fogg-It 0.5 GPM for 10 sec OR Fogg-It 2 GPM for 5 sec. s slowly around base
zucchini_001,< 40°F,0-25%,Partly Cloudy,Wet (7-10),Don't water,Don't water,Don't water,Don't water,Don't water,Don't water,Don't water
zucchini_001,< 40°F,0-25%,Cloudy,Dry (0-3),Use Fogg-It 0.5 GPM for 5 sec OR Fogg-It 2 GPM for 5 sec. slowly around base,Use Fogg-It 0.5 GPM for 5 sec OR Fogg-It 2 GPM for 5 sec. slowly around base,Use Fogg-It 0.5 GPM for 5 sec OR Fogg-It 2 GPM for 5 sec. slowly around base,Use Fogg-It 0.5 GPM for 5 sec OR Fogg-It 2 GPM for 5 sec. slowly around base,Use Fogg-It 0.5 GPM for 10 sec OR Fogg-It 2 GPM for 5 sec. slowly around base,Use Fogg-It 0.5 GPM for 10 sec OR Fogg-It 2 GPM for 5 sec. s slowly around base,Use Fogg-It 0.5 GPM for 15 sec OR Fogg-It 2 GPM for 5 sec. slowly around base
zucchini_001,< 40°F,0-25%,Cloudy,Normal (3-7),Don't water,Use Fogg-It 0.5 GPM for 5 sec OR Fogg-It 2 GPM for 5 sec. slowly around base,Use Fogg-It 0.5 GPM for 5 sec OR Fogg-It 2 GPM for 5 sec. slowly around base,Use Fogg-It 0.5 GPM for 5 sec OR Fogg-It 2 GPM for 5 sec. slowly around base,Use Fogg-It 0.5 GPM for 5 sec OR Fogg-It 2 GPM for 5 sec. slowly around base,Use Fogg-It 0.5 GPM for 5 sec OR Fogg-It 2 GPM for 5 sec. slowly around base,Use Fogg-It 0.5 GPM for 10 sec OR Fogg-It 2 GPM for 5 sec. slowly around base
zucchini_001,< 40°F,0-25%,Cloudy,Wet (7-10),Don't water,Don't water,Don't water,Don't water,Don't water,Don't water,Don't water
zucchini_001,< 40°F,26-50%,Sunny,Dry (0-3),Use Fogg-It 0.5 GPM for 5 sec OR Fogg-It 2 GPM for 5 sec. slowly around base,Use Fogg-It 0.5 GPM for 5 sec OR Fogg-It 2 GPM for 5 sec. slowly around base,Use Fogg-It 0.5 GPM for 10 sec OR Fogg-It 2 GPM for 5 sec. slowly around base,Use Fogg-It 0.5 GPM for 10 sec OR Fogg-It 2 GPM for 5 sec. s slowly around base,Use Fogg-It 0.5 GPM for 15 sec OR Fogg-It 2 GPM for 5 sec. slowly around base,Use Fogg-It 0.5 GPM for 30 sec OR Fogg-It 2 GPM for 10 sec. slowly around base,Use Fogg-It 0.5 GPM for 45 sec OR Fogg-It 2 GPM for 10 sec. s slowly around base
zucchini_001,< 40°F,26-50%,Sunny,Normal (3-7),Use Fogg-It 0.5 GPM for 5 sec OR Fogg-It 2 GPM for 5 sec. slowly around base,Use Fogg-It 0.5 GPM for 5 sec OR Fogg-It 2 GPM for 5 sec. slowly around base,Use Fogg-It 0.5 GPM for 5 sec OR Fogg-It 2 GPM for 5 sec. slowly around base,Use Fogg-It 0.5 GPM for 5 sec OR Fogg-It 2 GPM for 5 sec. slowly around base,Use Fogg-It 0.5 GPM for 10 sec OR Fogg-It 2 GPM for 5 sec. slowly around base,Use Fogg-It 0.5 GPM for 10 sec OR Fogg-It 2 GPM for 5 sec. s slowly around base,Use Fogg-It 0.5 GPM for 15 sec OR Fogg-It 2 GPM for 5 sec. slowly around base
zucchini_001,< 40°F,26-50%,Sunny,Wet (7-10),Don't water,Don't water,Don't water,Don't water,Don't water,Don't water,Don't water
zucchini_001,< 40°F,26-50%,Partly Cloudy,Dry (0-3),Use Fogg-It 0.5 GPM for 5 sec OR Fogg-It 2 GPM for 5 sec. slowly around base,Use Fogg-It 0.5 GPM for 5 sec OR Fogg-It 2 GPM for 5 sec. slowly around base,Use Fogg-It 0.5 GPM for 5 sec OR Fogg-It 2 GPM for 5 sec. slowly around base,Use Fogg-It 0.5 GPM for 10 sec OR Fogg-It 2 GPM for 5 sec. slowly around base,Use Fogg-It 0.5 GPM for 10 sec OR Fogg-It 2 GPM for 5 sec. s slowly around base,Use Fogg-It 0.5 GPM for 15 sec OR Fogg-It 2 GPM for 5 sec. slowly around base,Use Fogg-It 0.5 GPM for 30 sec OR Fogg-It 2 GPM for 10 sec. slowly around base
zucchini_001,< 40°F,26-50%,Partly Cloudy,Normal (3-7),Use Fogg-It 0.5 GPM for 5 sec OR Fogg-It 2 GPM for 5 sec. slowly around base,Use Fogg-It 0.5 GPM for 5 sec OR Fogg-It 2 GPM for 5 sec. slowly around base,Use Fogg-It 0.5 GPM for 5 sec OR Fogg-It 2 GPM for 5 sec. slowly around base,Use Fogg-It 0.5 GPM for 5 sec OR Fogg-It 2 GPM for 5 sec. slowly around base,Use Fogg-It 0.5 GPM for 5 sec OR Fogg-It 2 GPM for 5 sec. slowly around base,Use Fogg-It 0.5 GPM for 10 sec OR Fogg-It 2 GPM for 5 sec. slowly around base,Use Fogg-It 0.5 GPM for 10 sec OR Fogg-It 2 GPM for 5 sec. s slowly around base
zucchini_001,< 40°F,26-50%,Partly Cloudy,Wet (7-10),Don't water,Don't water,Don't water,Don't water,Don't water,Don't water,Don't water
zucchini_001,< 40°F,26-50%,Cloudy,Dry (0-3),Use Fogg-It 0.5 GPM for 5 sec OR Fogg-It 2 GPM for 5 sec. slowly around base,Use Fogg-It 0.5 GPM for 5 sec OR Fogg-It 2 GPM for 5 sec. slowly around base,Use Fogg-It 0.5 GPM for 5 sec OR Fogg-It 2 GPM for 5 sec. slowly around base,Use Fogg-It 0.5 GPM for 5 sec OR Fogg-It 2 GPM for 5 sec. slowly around base,Use Fogg-It 0.5 GPM for 10 sec OR Fogg-It 2 GPM for 5 sec. slowly around base,Use Fogg-It 0.5 GPM for 10 sec OR Fogg-It 2 GPM for 5 sec. s slowly around base,Use Fogg-It 0.5 GPM for 15 sec OR Fogg-It 2 GPM for 5 sec. slowly around base
zucchini_001,< 40°F,26-50%,Cloudy,Normal (3-7),Don't water,Use Fogg-It 0.5 GPM for 5 sec OR Fogg-It 2 GPM for 5 sec. slowly around base,Use Fogg-It 0.5 GPM for 5 sec OR Fogg-It 2 GPM for 5 sec. slowly around base,Use Fogg-It 0.5 GPM for 5 sec OR Fogg-It 2 GPM for 5 sec. slowly around base,Use Fogg-It 0.5 GPM for 5 sec OR Fogg-It 2 GPM for 5 sec. slowly around base,Use Fogg-It 0.5 GPM for 5 sec OR Fogg-It 2 GPM for 5 sec. slowly around base,Use Fogg-It 0.5 GPM for 10 sec OR Fogg-It 2 GPM for 5 sec. slowly around base
zucchini_001,< 40°F,26-50%,Cloudy,Wet (7-10),Don't water,Don't water,Don't water,Don't water,Don't water,Don't water,Don't water
zucchini_001,< 40°F,51-75%,Sunny,Dry (0-3),Use Fogg-It 0.5 GPM for 5 sec OR Fogg-It 2 GPM for 5 sec. slowly around base,Use Fogg-It 0.5 GPM for 5 sec OR Fogg-It 2 GPM for 5 sec. slowly around base,Use Fogg-It 0.5 GPM for 10 sec OR Fogg-It 2 GPM for 5 sec. slowly around base,Use Fogg-It 0.5 GPM for 10 sec OR Fogg-It 2 GPM for 5 sec. s slowly around base,Use Fogg-It 0.5 GPM for 15 sec OR Fogg-It 2 GPM for 5 sec. slowly around base,Use Fogg-It 0.5 GPM for 30 sec OR Fogg-It 2 GPM for 10 sec. slowly around base,Use Fogg-It 0.5 GPM for 45 sec OR Fogg-It 2 GPM for 10 sec. s slowly around base
zucchini_001,< 40°F,51-75%,Sunny,Normal (3-7),Use Fogg-It 0.5 GPM for 5 sec OR Fogg-It 2 GPM for 5 sec. slowly around base,Use Fogg-It 0.5 GPM for 5 sec OR Fogg-It 2 GPM for 5 sec. slowly around base,Use Fogg-It 0.5 GPM for 5 sec OR Fogg-It 2 GPM for 5 sec. slowly around base,Use Fogg-It 0.5 GPM for 5 sec OR Fogg-It 2 GPM for 5 sec. slowly around base,Use Fogg-It 0.5 GPM for 10 sec OR Fogg-It 2 GPM for 5 sec. slowly around base,Use Fogg-It 0.5 GPM for 10 sec OR Fogg-It 2 GPM for 5 sec. s slowly around base,Use Fogg-It 0.5 GPM for 15 sec OR Fogg-It 2 GPM for 5 sec. slowly around base
zucchini_001,< 40°F,51-75%,Sunny,Wet (7-10),Don't water,Don't water,Don't water,Don't water,Don't water,Don't water,Don't water
zucchini_001,< 40°F,51-75%,Partly Cloudy,Dry (0-3),Use Fogg-It 0.5 GPM for 5 sec OR Fogg-It 2 GPM for 5 sec. slowly around base,Use Fogg-It 0.5 GPM for 5 sec OR Fogg-It 2 GPM for 5 sec. slowly around base,Use Fogg-It 0.5 GPM for 5 sec OR Fogg-It 2 GPM for 5 sec. slowly around base,Use Fogg-It 0.5 GPM for 10 sec OR Fogg-It 2 GPM for 5 sec. slowly around base,Use Fogg-It 0.5 GPM for 10 sec OR Fogg-It 2 GPM for 5 sec. s slowly around base,Use Fogg-It 0.5 GPM for 15 sec OR Fogg-It 2 GPM for 5 sec. slowly around base,Use Fogg-It 0.5 GPM for 30 sec OR Fogg-It 2 GPM for 10 sec. slowly around base
zucchini_001,< 40°F,51-75%,Partly Cloudy,Normal (3-7),Use Fogg-It 0.5 GPM for 5 sec OR Fogg-It 2 GPM for 5 sec. slowly around base,Use Fogg-It 0.5 GPM for 5 sec OR Fogg-It 2 GPM for 5 sec. slowly around base,Use Fogg-It 0.5 GPM for 5 sec OR Fogg-It 2 GPM for 5 sec. slowly around base,Use Fogg-It 0.5 GPM for 5 sec OR Fogg-It 2 GPM for 5 sec. slowly around base,Use Fogg-It 0.5 GPM for 5 sec OR Fogg-It 2 GPM for 5 sec. slowly around base,Use Fogg-It 0.5 GPM for 10 sec OR Fogg-It 2 GPM for 5 sec. slowly around base,Use Fogg-It 0.5 GPM for 10 sec OR Fogg-It 2 GPM for 5 sec. s slowly around base
zucchini_001,< 40°F,51-75%,Partly Cloudy,Wet (7-10),Don't water,Don't water,Don't water,Don't water,Don't water,Don't water,Don't water
zucchini_001,< 40°F,51-75%,Cloudy,Dry (0-3),Use Fogg-It 0.5 GPM for 5 sec OR Fogg-It 2 GPM for 5 sec. slowly around base,Use Fogg-It 0.5 GPM for 5 sec OR Fogg-It 2 GPM for 5 sec. slowly around base,Use Fogg-It 0.5 GPM for 5 sec OR Fogg-It 2 GPM for 5 sec. slowly around base,Use Fogg-It 0.5 GPM for 5 sec OR Fogg-It 2 GPM for 5 sec. slowly around base,Use Fogg-It 0.5 GPM for 10 sec OR Fogg-It 2 GPM for 5 sec. slowly around base,Use Fogg-It 0.5 GPM for 10 sec OR Fogg-It 2 GPM for 5 sec. s slowly around base,Use Fogg-It 0.5 GPM for 15 sec OR Fogg-It 2 GPM for 5 sec. slowly around base
zucchini_001,< 40°F,51-75%,Cloudy,Normal (3-7),Don't water,Use Fogg-It 0.5 GPM for 5 sec OR Fogg-It 2 GPM for 5 sec. slowly around base,Use Fogg-It 0.5 GPM for 5 sec OR Fogg-It 2 GPM for 5 sec. slowly around base,Use Fogg-It 0.5 GPM for 5 sec OR Fogg-It 2 GPM for 5 sec. slowly around base,Use Fogg-It 0.5 GPM for 5 sec OR Fogg-It 2 GPM for 5 sec. slowly around base,Use Fogg-It 0.5 GPM for 5 sec OR Fogg-It 2 GPM for 5 sec. slowly around base,Use Fogg-It 0.5 GPM for 10 sec OR Fogg-It 2 GPM for 5 sec. slowly around base
zucchini_001,< 40°F,51-75%,Cloudy,Wet (7-10),Don't water,Don't water,Don't water,Don't water,Don't water,Don't water,Don't water
zucchini_001,< 40°F,76-100%,Sunny,Dry (0-3),Use Fogg-It 0.5 GPM for 5 sec OR Fogg-It 2 GPM for 5 sec. slowly around base,Use Fogg-It 0.5 GPM for 5 sec OR Fogg-It 2 GPM for 5 sec. slowly around base,Use Fogg-It 0.5 GPM for 5 sec OR Fogg-It 2 GPM for 5 sec. slowly around base,Use Fogg-It 0.5 GPM for 10 sec OR Fogg-It 2 GPM for 5 sec. slowly around base,Use Fogg-It 0.5 GPM for 10 sec OR Fogg-It 2 GPM for 5 sec. s slowly around base,Use Fogg-It 0.5 GPM for 15 sec OR Fogg-It 2 GPM for 5 sec. slowly around base,Use Fogg-It 0.5 GPM for 30 sec OR Fogg-It 2 GPM for 10 sec. slowly around base
zucchini_001,< 40°F,76-100%,Sunny,Normal (3-7),Don't water,Use Fogg-It 0.5 GPM for 5 sec OR Fogg-It 2 GPM for 5 sec. slowly around base,Use Fogg-It 0.5 GPM for 5 sec OR Fogg-It 2 GPM for 5 sec. slowly around base,Use Fogg-It 0.5 GPM for 5 sec OR Fogg-It 2 GPM for 5 sec. slowly around base,Use Fogg-It 0.5 GPM for 5 sec OR Fogg-It 2 GPM for 5 sec. slowly around base,Use Fogg-It 0.5 GPM for 10 sec OR Fogg-It 2 GPM for 5 sec. slowly around base,Use Fogg-It 0.5 GPM for 10 sec OR Fogg-It 2 GPM for 5 sec. s slowly around base
zucchini_001,< 40°F,76-100%,Sunny,Wet (7-10),Don't water,Don't water,Don't water,Don't water,Don't water,Don't water,Don't water
zucchini_001,< 40°F,76-100%,Partly Cloudy,Dry (0-3),Use Fogg-It 0.5 GPM for 5 sec OR Fogg-It 2 GPM for 5 sec. slowly around base,Use Fogg-It 0.5 GPM for 5 sec OR Fogg-It 2 GPM for 5 sec. slowly around base,Use Fogg-It 0.5 GPM for 5 sec OR Fogg-It 2 GPM for 5 sec. slowly around base,Use Fogg-It 0.5 GPM for 5 sec OR Fogg-It 2 GPM for 5 sec. slowly around base,Use Fogg-It 0.5 GPM for 10 sec OR Fogg-It 2 GPM for 5 sec. slowly around base,Use Fogg-It 0.5 GPM for 10 sec OR Fogg-It 2 GPM for 5 sec. s slowly around base,Use Fogg-It 0.5 GPM for 15 sec OR Fogg-It 2 GPM for 5 sec. slowly around base
zucchini_001,< 40°F,76-100%,Partly Cloudy,Normal (3-7),Don't water,Use Fogg-It 0.5 GPM for 5 sec OR Fogg-It 2 GPM for 5 sec. slowly around base,Use Fogg-It 0.5 GPM for 5 sec OR Fogg-It 2 GPM for 5 sec. slowly around base,Use Fogg-It 0.5 GPM for 5 sec OR Fogg-It 2 GPM for 5 sec. slowly around base,Use Fogg-It 0.5 GPM for 5 sec OR Fogg-It 2 GPM for 5 sec. slowly around base,Use Fogg-It 0.5 GPM for 5 sec OR Fogg-It 2 GPM for 5 sec. slowly around base,Use Fogg-It 0.5 GPM for 10 sec OR Fogg-It 2 GPM for 5 sec. slowly around base
zucchini_001,< 40°F,76-100%,Partly Cloudy,Wet (7-10),Don't water,Don't water,Don't water,Don't water,Don't water,Don't water,Don't water
zucchini_001,< 40°F,76-100%,Cloudy,Dry (0-3),Use Fogg-It 0.5 GPM for 5 sec OR Fogg-It 2 GPM for 5 sec. slowly around base,Use Fogg-It 0.5 GPM for 5 sec OR Fogg-It 2 GPM for 5 sec. slowly around base,Use Fogg-It 0.5 GPM for 5 sec OR Fogg-It 2 GPM for 5 sec. slowly around base,Use Fogg-It 0.5 GPM for 5 sec OR Fogg-It 2 GPM for 5 sec. slowly around base,Use Fogg-It 0.5 GPM for 5 sec OR Fogg-It 2 GPM for 5 sec. slowly around base,Use Fogg-It 0.5 GPM for 10 sec OR Fogg-It 2 GPM for 5 sec. slowly around base,Use Fogg-It 0.5 GPM for 10 sec OR Fogg-It 2 GPM for 5 sec. s slowly around base
zucchini_001,< 40°F,76-100%,Cloudy,Normal (3-7),Don't water,Don't water,Use Fogg-It 0.5 GPM for 5 sec OR Fogg-It 2 GPM for 5 sec. slowly around base,Use Fogg-It 0.5 GPM for 5 sec OR Fogg-It 2 GPM for 5 sec. slowly around base,Use Fogg-It 0.5 GPM for 5 sec OR Fogg-It 2 GPM for 5 sec. slowly around base,Use Fogg-It 0.5 GPM for 5 sec OR Fogg-It 2 GPM for 5 sec. slowly around base,Use Fogg-It 0.5 GPM for 5 sec OR Fogg-It 2 GPM for 5 sec. slowly around base
zucchini_001,< 40°F,76-100%,Cloudy,Wet (7-10),Don't water,Don't water,Don't water,Don't water,Don't water,Don't water,Don't water
zucchini_002,< 40°F,0-25%,Sunny,Dry (0-3),Use Fogg-It 0.5 GPM for 15 sec OR Fogg-It 2 GPM for 5 sec. slowly around base,Use Fogg-It 0.5 GPM for 15 sec OR Fogg-It 2 GPM for 5 sec. slowly around base,Use Fogg-It 0.5 GPM for 30 sec OR Fogg-It 2 GPM for 10 sec. slowly around base,Use Fogg-It 0.5 GPM for 30 sec OR Fogg-It 2 GPM for 10 sec. slowly around base,Use Fogg-It 0.5 GPM for 45 sec OR Fogg-It 2 GPM for 10 sec. s slowly around base,Use Fogg-It 0.5 GPM for 45 sec OR Fogg-It 2 GPM for 10 sec. s slowly around base,Use Fogg-It 0.5 GPM for 4 min OR Fogg-It 2 GPM for 1 min. s slowly around base
zucchini_002,< 40°F,0-25%,Sunny,Normal (3-7),Use Fogg-It 0.5 GPM for 5 sec OR Fogg-It 2 GPM for 5 sec. slowly around base,Use Fogg-It 0.5 GPM for 15 sec OR Fogg-It 2 GPM for 5 sec. slowly around base,Use Fogg-It 0.5 GPM for 15 sec OR Fogg-It 2 GPM for 5 sec. slowly around base,Use Fogg-It 0.5 GPM for 30 sec OR Fogg-It 2 GPM for 10 sec. slowly around base,Use Fogg-It 0.5 GPM for 30 sec OR Fogg-It 2 GPM for 10 sec. slowly around base,Use Fogg-It 0.5 GPM for 45 sec OR Fogg-It 2 GPM for 10 sec. s slowly around base,Use Fogg-It 0.5 GPM for 45 sec OR Fogg-It 2 GPM for 10 sec. s slowly around base
zucchini_002,< 40°F,0-25%,Sunny,Wet (7-10),Don't water,Don't water,Don't water,Don't water,Don't water,Don't water,Don't water
zucchini_002,< 40°F,0-25%,Partly Cloudy,Dry (0-3),Use Fogg-It 0.5 GPM for 15 sec OR Fogg-It 2 GPM for 5 sec. slowly around base,Use Fogg-It 0.5 GPM for 15 sec OR Fogg-It 2 GPM for 5 sec. slowly around base,Use Fogg-It 0.5 GPM for 30 sec OR Fogg-It 2 GPM for 10 sec. slowly around base,Use Fogg-It 0.5 GPM for 30 sec OR Fogg-It 2 GPM for 10 sec. slowly around base,Use Fogg-It 0.5 GPM for 30 sec OR Fogg-It 2 GPM for 10 sec. slowly around base,Use Fogg-It 0.5 GPM for 45 sec OR Fogg-It 2 GPM for 10 sec. s slowly around base,Use Fogg-It 0.5 GPM for 45 sec OR Fogg-It 2 GPM for 10 sec. s slowly around base
zucchini_002,< 40°F,0-25%,Partly Cloudy,Normal (3-7),Use Fogg-It 0.5 GPM for 5 sec OR Fogg-It 2 GPM for 5 sec. slowly around base,Use Fogg-It 0.5 GPM for 5 sec OR Fogg-It 2 GPM for 5 sec. slowly around base,Use Fogg-It 0.5 GPM for 15 sec OR Fogg-It 2 GPM for 5 sec. slowly around base,Use Fogg-It 0.5 GPM for 15 sec OR Fogg-It 2 GPM for 5 sec. slowly around base,Use Fogg-It 0.5 GPM for 30 sec OR Fogg-It 2 GPM for 10 sec. slowly around base,Use Fogg-It 0.5 GPM for 30 sec OR Fogg-It 2 GPM for 10 sec. slowly around base,Use Fogg-It 0.5 GPM for 45 sec OR Fogg-It 2 GPM for 10 sec. s slowly around base
zucchini_002,< 40°F,0-25%,Partly Cloudy,Wet (7-10),Don't water,Don't water,Don't water,Don't water,Don't water,Don't water,Don't water
zucchini_002,< 40°F,0-25%,Cloudy,Dry (0-3),Use Fogg-It 0.5 GPM for 15 sec OR Fogg-It 2 GPM for 5 sec. slowly around base,Use Fogg-It 0.5 GPM for 15 sec OR Fogg-It 2 GPM for 5 sec. slowly around base,Use Fogg-It 0.5 GPM for 15 sec OR Fogg-It 2 GPM for 5 sec. slowly around base,Use Fogg-It 0.5 GPM for 30 sec OR Fogg-It 2 GPM for 10 sec. slowly around base,Use Fogg-It 0.5 GPM for 30 sec OR Fogg-It 2 GPM for 10 sec. slowly around base,Use Fogg-It 0.5 GPM for 30 sec OR Fogg-It 2 GPM for 10 sec. slowly around base,Use Fogg-It 0.5 GPM for 45 sec OR Fogg-It 2 GPM for 10 sec. s slowly around base
zucchini_002,< 40°F,0-25%,Cloudy,Normal (3-7),Use Fogg-It 0.5 GPM for 5 sec OR Fogg-It 2 GPM for 5 sec. slowly around base,Use Fogg-It 0.5 GPM for 5 sec OR Fogg-It 2 GPM for 5 sec. slowly around base,Use Fogg-It 0.5 GPM for 5 sec OR Fogg-It 2 GPM for 5 sec. slowly around base,Use Fogg-It 0.5 GPM for 15 sec OR Fogg-It 2 GPM for 5 sec. slowly around base,Use Fogg-It 0.5 GPM for 15 sec OR Fogg-It 2 GPM for 5 sec. slowly around base,Use Fogg-It 0.5 GPM for 30 sec OR Fogg-It 2 GPM for 10 sec. slowly around base,Use Fogg-It 0.5 GPM for 30 sec OR Fogg-It 2 GPM for 10 sec. slowly around base
zucchini_002,< 40°F,0-25%,Cloudy,Wet (7-10),Don't water,Don't water,Don't water,Don't water,Don't water,Don't water,Don't water
zucchini_002,< 40°F,26-50%,Sunny,Dry (0-3),Use Fogg-It 0.5 GPM for 15 sec OR Fogg-It 2 GPM for 5 sec. slowly around base,Use Fogg-It 0.5 GPM for 15 sec OR Fogg-It 2 GPM for 5 sec. slowly around base,Use Fogg-It 0.5 GPM for 15 sec OR Fogg-It 2 GPM for 5 sec. slowly around base,Use Fogg-It 0.5 GPM for 30 sec OR Fogg-It 2 GPM for 10 sec. slowly around base,Use Fogg-It 0.5 GPM for 30 sec OR Fogg-It 2 GPM for 10 sec. slowly around base,Use Fogg-It 0.5 GPM for 45 sec OR Fogg-It 2 GPM for 10 sec. s slowly around base,Use Fogg-It 0.5 GPM for 45 sec OR Fogg-It 2 GPM for 10 sec. s slowly around base
zucchini_002,< 40°F,26-50%,Sunny,Normal (3-7),Use Fogg-It 0.5 GPM for 5 sec OR Fogg-It 2 GPM for 5 sec. slowly around base,Use Fogg-It 0.5 GPM for 5 sec OR Fogg-It 2 GPM for 5 sec. slowly around base,Use Fogg-It 0.5 GPM for 15 sec OR Fogg-It 2 GPM for 5 sec. slowly around base,Use Fogg-It 0.5 GPM for 15 sec OR Fogg-It 2 GPM for 5 sec. slowly around base,Use Fogg-It 0.5 GPM for 30 sec OR Fogg-It 2 GPM for 10 sec. slowly around base,Use Fogg-It 0.5 GPM for 30 sec OR Fogg-It 2 GPM for 10 sec. slowly around base,Use Fogg-It 0.5 GPM for 45 sec OR Fogg-It 2 GPM for 10 sec. s slowly around base
zucchini_002,< 40°F,26-50%,Sunny,Wet (7-10),Don't water,Don't water,Don't water,Don't water,Don't water,Don't water,Don't water
zucchini_002,< 40°F,26-50%,Partly Cloudy,Dry (0-3),Use Fogg-It 0.5 GPM for 15 sec OR Fogg-It 2 GPM for 5 sec. slowly around base,Use Fogg-It 0.5 GPM for 15 sec OR Fogg-It 2 GPM for 5 sec. slowly around base,Use Fogg-It 0.5 GPM for 15 sec OR Fogg-It 2 GPM for 5 sec. slowly around base,Use Fogg-It 0.5 GPM for 30 sec OR Fogg-It 2 GPM for 10 sec. slowly around base,Use Fogg-It 0.5 GPM for 30 sec OR Fogg-It 2 GPM for 10 sec. slowly around base,Use Fogg-It 0.5 GPM for 30 sec OR Fogg-It 2 GPM for 10 sec. slowly around base,Use Fogg-It 0.5 GPM for 45 sec OR Fogg-It 2 GPM for 10 sec. s slowly around base
zucchini_002,< 40°F,26-50%,Partly Cloudy,Normal (3-7),Use Fogg-It 0.5 GPM for 5 sec OR Fogg-It 2 GPM for 5 sec. slowly around base,Use Fogg-It 0.5 GPM for 5 sec OR Fogg-It 2 GPM for 5 sec. slowly around base,Use Fogg-It 0.5 GPM for 5 sec OR Fogg-It 2 GPM for 5 sec. slowly around base,Use Fogg-It 0.5 GPM for 15 sec OR Fogg-It 2 GPM for 5 sec. slowly around base,Use Fogg-It 0.5 GPM for 15 sec OR Fogg-It 2 GPM for 5 sec. slowly around base,Use Fogg-It 0.5 GPM for 30 sec OR Fogg-It 2 GPM for 10 sec. slowly around base,Use Fogg-It 0.5 GPM for 30 sec OR Fogg-It 2 GPM for 10 sec. slowly around base
zucchini_002,< 40°F,26-50%,Partly Cloudy,Wet (7-10),Don't water,Don't water,Don't water,Don't water,Don't water,Don't water,Don't water
zucchini_002,< 40°F,26-50%,Cloudy,Dry (0-3),Use Fogg-It 0.5 GPM for 15 sec OR Fogg-It 2 GPM for 5 sec. slowly around base,Use Fogg-It 0.5 GPM for 15 sec OR Fogg-It 2 GPM for 5 sec. slowly around base,Use Fogg-It 0.5 GPM for 15 sec OR Fogg-It 2 GPM for 5 sec. slowly around base,Use Fogg-It 0.5 GPM for 15 sec OR Fogg-It 2 GPM for 5 sec. slowly around base,Use Fogg-It 0.5 GPM for 30 sec OR Fogg-It 2 GPM for 10 sec. slowly around base,Use Fogg-It 0.5 GPM for 30 sec OR Fogg-It 2 GPM for 10 sec. slowly around base,Use Fogg-It 0.5 GPM for 30 sec OR Fogg-It 2 GPM for 10 sec. slowly around base
zucchini_002,< 40°F,26-50%,Cloudy,Normal (3-7),Use Fogg-It 0.5 GPM for 5 sec OR Fogg-It 2 GPM for 5 sec. slowly around base,Use Fogg-It 0.5 GPM for 5 sec OR Fogg-It 2 GPM for 5 sec. slowly around base,Use Fogg-It 0.5 GPM for 5 sec OR Fogg-It 2 GPM for 5 sec. slowly around base,Use Fogg-It 0.5 GPM for 5 sec OR Fogg-It 2 GPM for 5 sec. slowly around base,Use Fogg-It 0.5 GPM for 15 sec OR Fogg-It 2 GPM for 5 sec. slowly around base,Use Fogg-It 0.5 GPM for 15 sec OR Fogg-It 2 GPM for 5 sec. slowly around base,Use Fogg-It 0.5 GPM for 30 sec OR Fogg-It 2 GPM for 10 sec. slowly around base
zucchini_002,< 40°F,26-50%,Cloudy,Wet (7-10),Don't water,Don't water,Don't water,Don't water,Don't water,Don't water,Don't water
zucchini_002,< 40°F,51-75%,Sunny,Dry (0-3),Use Fogg-It 0.5 GPM for 5 sec OR Fogg-It 2 GPM for 5 sec. slowly around base,Use Fogg-It 0.5 GPM for 15 sec OR Fogg-It 2 GPM for 5 sec. slowly around base,Use Fogg-It 0.5 GPM for 15 sec OR Fogg-It 2 GPM for 5 sec. slowly around base,Use Fogg-It 0.5 GPM for 30 sec OR Fogg-It 2 GPM for 10 sec. slowly around base,Use Fogg-It 0.5 GPM for 30 sec OR Fogg-It 2 GPM for 10 sec. slowly around base,Use Fogg-It 0.5 GPM for 30 sec OR Fogg-It 2 GPM for 10 sec. slowly around base,Use Fogg-It 0.5 GPM for 45 sec OR Fogg-It 2 GPM for 10 sec. s slowly around base
zucchini_002,< 40°F,51-75%,Sunny,Normal (3-7),Use Fogg-It 0.5 GPM for 5 sec OR Fogg-It 2 GPM for 5 sec. slowly around base,Use Fogg-It 0.5 GPM for 5 sec OR Fogg-It 2 GPM for 5 sec. slowly around base,Use Fogg-It 0.5 GPM for 5 sec OR Fogg-It 2 GPM for 5 sec. slowly around base,Use Fogg-It 0.5 GPM for 15 sec OR Fogg-It 2 GPM for 5 sec. slowly around base,Use Fogg-It 0.5 GPM for 15 sec OR Fogg-It 2 GPM for 5 sec. slowly around base,Use Fogg-It 0.5 GPM for 30 sec OR Fogg-It 2 GPM for 10 sec. slowly around base,Use Fogg-It 0.5 GPM for 30 sec OR Fogg-It 2 GPM for 10 sec. slowly around base
zucchini_002,< 40°F,51-75%,Sunny,Wet (7-10),Don't water,Don't water,Don't water,Don't water,Don't water,Don't water,Don't water
zucchini_002,< 40°F,51-75%,Partly Cloudy,Dry (0-3),Use Fogg-It 0.5 GPM for 5 sec OR Fogg-It 2 GPM for 5 sec. slowly around base,Use Fogg-It 0.5 GPM for 15 sec OR Fogg-It 2 GPM for 5 sec. slowly around base,Use Fogg-It 0.5 GPM for 15 sec OR Fogg-It 2 GPM for 5 sec. slowly around base,Use Fogg-It 0.5 GPM for 15 sec OR Fogg-It 2 GPM for 5 sec. slowly around base,Use Fogg-It 0.5 GPM for 30 sec OR Fogg-It 2 GPM for 10 sec. slowly around base,Use Fogg-It 0.5 GPM for 30 sec OR Fogg-It 2 GPM for 10 sec. slowly around base,Use Fogg-It 0.5 GPM for 30 sec OR Fogg-It 2 GPM for 10 sec. slowly around base
zucchini_002,< 40°F,51-75%,Partly Cloudy,Normal (3-7),Don't water,Use Fogg-It 0.5 GPM for 5 sec OR Fogg-It 2 GPM for 5 sec. slowly around base,Use Fogg-It 0.5 GPM for 5 sec OR Fogg-It 2 GPM for 5 sec. slowly around base,Use Fogg-It 0.5 GPM for 5 sec OR Fogg-It 2 GPM for 5 sec. slowly around base,Use Fogg-It 0.5 GPM for 15 sec OR Fogg-It 2 GPM for 5 sec. slowly around base,Use Fogg-It 0.5 GPM for 15 sec OR Fogg-It 2 GPM for 5 sec. slowly around base,Use Fogg-It 0.5 GPM for 30 sec OR Fogg-It 2 GPM for 10 sec. slowly around base
zucchini_002,< 40°F,51-75%,Partly Cloudy,Wet (7-10),Don't water,Don't water,Don't water,Don't water,Don't water,Don't water,Don't water
zucchini_002,< 40°F,51-75%,Cloudy,Dry (0-3),Use Fogg-It 0.5 GPM for 5 sec OR Fogg-It 2 GPM for 5 sec. slowly around base,Use Fogg-It 0.5 GPM for 5 sec OR Fogg-It 2 GPM for 5 sec. slowly around base,Use Fogg-It 0.5 GPM for 15 sec OR Fogg-It 2 GPM for 5 sec. slowly around base,Use Fogg-It 0.5 GPM for 15 sec OR Fogg-It 2 GPM for 5 sec. slowly around base,Use Fogg-It 0.5 GPM for 15 sec OR Fogg-It 2 GPM for 5 sec. slowly around base,Use Fogg-It 0.5 GPM for 30 sec OR Fogg-It 2 GPM for 10 sec. slowly around base,Use Fogg-It 0.5 GPM for 30 sec OR Fogg-It 2 GPM for 10 sec. slowly around base
zucchini_002,< 40°F,51-75%,Cloudy,Normal (3-7),Don't water,Use Fogg-It 0.5 GPM for 5 sec OR Fogg-It 2 GPM for 5 sec. slowly around base,Use Fogg-It 0.5 GPM for 5 sec OR Fogg-It 2 GPM for 5 sec. slowly around base,Use Fogg-It 0.5 GPM for 5 sec OR Fogg-It 2 GPM for 5 sec. slowly around base,Use Fogg-It 0.5 GPM for 5 sec OR Fogg-It 2 GPM for 5 sec. slowly around base,Use Fogg-It 0.5 GPM for 15 sec OR Fogg-It 2 GPM for 5 sec. slowly around base,Use Fogg-It 0.5 GPM for 15 sec OR Fogg-It 2 GPM for 5 sec. slowly around base
zucchini_002,< 40°F,51-75%,Cloudy,Wet (7-10),Don't water,Don't water,Don't water,Don't water,Don't water,Don't water,Don't water
zucchini_002,< 40°F,76-100%,Sunny,Dry (0-3),Use Fogg-It 0.5 GPM for 5 sec OR Fogg-It 2 GPM for 5 sec. slowly around base,Use Fogg-It 0.5 GPM for 5 sec OR Fogg-It 2 GPM for 5 sec. slowly around base,Use Fogg-It 0.5 GPM for 15 sec OR Fogg-It 2 GPM for 5 sec. slowly around base,Use Fogg-It 0.5 GPM for 15 sec OR Fogg-It 2 GPM for 5 sec. slowly around base,Use Fogg-It 0.5 GPM for 30 sec OR Fogg-It 2 GPM for 10 sec. slowly around base,Use Fogg-It 0.5 GPM for 30 sec OR Fogg-It 2 GPM for 10 sec. slowly around base,Use Fogg-It 0.5 GPM for 30 sec OR Fogg-It 2 GPM for 10 sec. slowly around base
zucchini_002,< 40°F,76-100%,Sunny,Normal (3-7),Don't water,Use Fogg-It 0.5 GPM for 5 sec OR Fogg-It 2 GPM for 5 sec. slowly around base,Use Fogg-It 0.5 GPM for 5 sec OR Fogg-It 2 GPM for 5 sec. slowly around base,Use Fogg-It 0.5 GPM for 5 sec OR Fogg-It 2 GPM for 5 sec. slowly around base,Use Fogg-It 0.5 GPM for 15 sec OR Fogg-It 2 GPM for 5 sec. slowly around base,Use Fogg-It 0.5 GPM for 15 sec OR Fogg-It 2 GPM for 5 sec. slowly around base,Use Fogg-It 0.5 GPM for 30 sec OR Fogg-It 2 GPM for 10 sec. slowly around base
zucchini_002,< 40°F,76-100%,Sunny,Wet (7-10),Don't water,Don't water,Don't water,Don't water,Don't water,Don't water,Don't water
zucchini_002,< 40°F,76-100%,Partly Cloudy,Dry (0-3),Use Fogg-It 0.5 GPM for 5 sec OR Fogg-It 2 GPM for 5 sec. slowly around base,Use Fogg-It 0.5 GPM for 5 sec OR Fogg-It 2 GPM for 5 sec. slowly around base,Use Fogg-It 0.5 GPM for 15 sec OR Fogg-It 2 GPM for 5 sec. slowly around base,Use Fogg-It 0.5 GPM for 15 sec OR Fogg-It 2 GPM for 5 sec. slowly around base,Use Fogg-It 0.5 GPM for 15 sec OR Fogg-It 2 GPM for 5 sec. slowly around base,Use Fogg-It 0.5 GPM for 30 sec OR Fogg-It 2 GPM for 10 sec. slowly around base,Use Fogg-It 0.5 GPM for 30 sec OR Fogg-It 2 GPM for 10 sec. slowly around base
zucchini_002,< 40°F,76-100%,Partly Cloudy,Normal (3-7),Don't water,Don't water,Use Fogg-It 0.5 GPM for 5 sec OR Fogg-It 2 GPM for 5 sec. slowly around base,Use Fogg-It 0.5 GPM for 5 sec OR Fogg-It 2 GPM for 5 sec. slowly around base,Use Fogg-It 0.5 GPM for 5 sec OR Fogg-It 2 GPM for 5 sec. slowly around base,Use Fogg-It 0.5 GPM for 15 sec OR Fogg-It 2 GPM for 5 sec. slowly around base,Use Fogg-It 0.5 GPM for 15 sec OR Fogg-It 2 GPM for 5 sec. slowly around base
zucchini_002,< 40°F,76-100%,Partly Cloudy,Wet (7-10),Don't water,Don't water,Don't water,Don't water,Don't water,Don't water,Don't water
zucchini_002,< 40°F,76-100%,Cloudy,Dry (0-3),Use Fogg-It 0.5 GPM for 5 sec OR Fogg-It 2 GPM for 5 sec. slowly around base,Use Fogg-It 0.5 GPM for 5 sec OR Fogg-It 2 GPM for 5 sec. slowly around base,Use Fogg-It 0.5 GPM for 5 sec OR Fogg-It 2 GPM for 5 sec. slowly around base,Use Fogg-It 0.5 GPM for 15 sec OR Fogg-It 2 GPM for 5 sec. slowly around base,Use Fogg-It 0.5 GPM for 15 sec OR Fogg-It 2 GPM for 5 sec. slowly around base,Use Fogg-It 0.5 GPM for 15 sec OR Fogg-It 2 GPM for 5 sec. slowly around base,Use Fogg-It 0.5 GPM for 30 sec OR Fogg-It 2 GPM for 10 sec. slowly around base
zucchini_002,< 40°F,76-100%,Cloudy,Normal (3-7),Don't water,Don't water,Use Fogg-It 0.5 GPM for 5 sec OR Fogg-It 2 GPM for 5 sec. slowly around base,Use Fogg-It 0.5 GPM for 5 sec OR Fogg-It 2 GPM for 5 sec. slowly around base,Use Fogg-It 0.5 GPM for 5 sec OR Fogg-It 2 GPM for 5 sec. slowly around base,Use Fogg-It 0.5 GPM for 5 sec OR Fogg-It 2 GPM for 5 sec. slowly around base,Use Fogg-It 0.5 GPM for 15 sec OR Fogg-It 2 GPM for 5 sec. slowly around base
zucchini_002,< 40°F,76-100%,Cloudy,Wet (7-10),Don't water,Don't water,Don't water,Don't water,Don't water,Don't water,Don't water
tomato_001,< 40°F,0-25%,Sunny,Dry (0-3),Use Fogg-It 0.5 GPM for 30 sec OR Fogg-It 2 GPM for 10 sec. slowly around base,Use Fogg-It 0.5 GPM for 45 sec OR Fogg-It 2 GPM for 10 sec. s slowly around base,Use Fogg-It 0.5 GPM for 4 min OR Fogg-It 2 GPM for 1 min. s slowly around base,Use Fogg-It 0.5 GPM for 4 min OR Fogg-It 2 GPM for 1 min. s slowly around base,Use Fogg-It 0.5 GPM for 4 min OR Fogg-It 2 GPM for 1 min. s slowly around base,Use Fogg-It 0.5 GPM for 4 min OR Fogg-It 2 GPM for 1 min. s slowly around base,Use Fogg-It 0.5 GPM for 4 min OR Fogg-It 2 GPM for 1 min. s slowly around base
tomato_001,< 40°F,0-25%,Sunny,Normal (3-7),Use Fogg-It 0.5 GPM for 15 sec OR Fogg-It 2 GPM for 5 sec. slowly around base,Use Fogg-It 0.5 GPM for 30 sec OR Fogg-It 2 GPM for 10 sec. slowly around base,Use Fogg-It 0.5 GPM for 45 sec OR Fogg-It 2 GPM for 10 sec. s slowly around base,Use Fogg-It 0.5 GPM for 45 sec OR Fogg-It 2 GPM for 10 sec. s slowly around base,Use Fogg-It 0.5 GPM for 4 min OR Fogg-It 2 GPM for 1 min. s slowly around base,Use Fogg-It 0.5 GPM for 4 min OR Fogg-It 2 GPM for 1 min. s slowly around base,Use Fogg-It 0.5 GPM for 4 min OR Fogg-It 2 GPM for 1 min. s slowly around base
tomato_001,< 40°F,0-25%,Sunny,Wet (7-10),Don't water,Don't water,Don't water,Don't water,Don't water,Don't water,Don't water
tomato_001,< 40°F,0-25%,Partly Cloudy,Dry (0-3),Use Fogg-It 0.5 GPM for 30 sec OR Fogg-It 2 GPM for 10 sec. slowly around base,Use Fogg-It 0.5 GPM for 30 sec OR Fogg-It 2 GPM for 10 sec. slowly around base,Use Fogg-It 0.5 GPM for 45 sec OR Fogg-It 2 GPM for 10 sec. s slowly around base,Use Fogg-It 0.5 GPM for 4 min OR Fogg-It 2 GPM for 1 min. s slowly around base,Use Fogg-It 0.5 GPM for 4 min OR Fogg-It 2 GPM for 1 min. s slowly around base,Use Fogg-It 0.5 GPM for 4 min OR Fogg-It 2 GPM for 1 min. s slowly around base,Use Fogg-It 0.5 GPM for 4 min OR Fogg-It 2 GPM for 1 min. s slowly around base
tomato_001,< 40°F,0-25%,Partly Cloudy,Normal (3-7),Use Fogg-It 0.5 GPM for 15 sec OR Fogg-It 2 GPM for 5 sec. slowly around base,Use Fogg-It 0.5 GPM for 15 sec OR Fogg-It 2 GPM for 5 sec. slowly around base,Use Fogg-It 0.5 GPM for 30 sec OR Fogg-It 2 GPM for 10 sec. slowly around base,Use Fogg-It 0.5 GPM for 45 sec OR Fogg-It 2 GPM for 10 sec. s slowly around base,Use Fogg-It 0.5 GPM for 45 sec OR Fogg-It 2 GPM for 10 sec. s slowly around base,Use Fogg-It 0.5 GPM for 4 min OR Fogg-It 2 GPM for 1 min. s slowly around base,Use Fogg-It 0.5 GPM for 4 min OR Fogg-It 2 GPM for 1 min. s slowly around base
tomato_001,< 40°F,0-25%,Partly Cloudy,Wet (7-10),Don't water,Don't water,Don't water,Don't water,Don't water,Don't water,Don't water
tomato_001,< 40°F,0-25%,Cloudy,Dry (0-3),Use Fogg-It 0.5 GPM for 15 sec OR Fogg-It 2 GPM for 5 sec. slowly around base,Use Fogg-It 0.5 GPM for 30 sec OR Fogg-It 2 GPM for 10 sec. slowly around base,Use Fogg-It 0.5 GPM for 30 sec OR Fogg-It 2 GPM for 10 sec. slowly around base,Use Fogg-It 0.5 GPM for 45 sec OR Fogg-It 2 GPM for 10 sec. s slowly around base,Use Fogg-It 0.5 GPM for 4 min OR Fogg-It 2 GPM for 1 min. s slowly around base,Use Fogg-It 0.5 GPM for 4 min OR Fogg-It 2 GPM for 1 min. s slowly around base,Use Fogg-It 0.5 GPM for 4 min OR Fogg-It 2 GPM for 1 min. s slowly around base
tomato_001,< 40°F,0-25%,Cloudy,Normal (3-7),Use Fogg-It 0.5 GPM for 5 sec OR Fogg-It 2 GPM for 5 sec. slowly around base,Use Fogg-It 0.5 GPM for 15 sec OR Fogg-It 2 GPM for 5 sec. slowly around base,Use Fogg-It 0.5 GPM for 15 sec OR Fogg-It 2 GPM for 5 sec. slowly around base,Use Fogg-It 0.5 GPM for 30 sec OR Fogg-It 2 GPM for 10 sec. slowly around base,Use Fogg-It 0.5 GPM for 45 sec OR Fogg-It 2 GPM for 10 sec. s slowly around base,Use Fogg-It 0.5 GPM for 45 sec OR Fogg-It 2 GPM for 10 sec. s slowly around base,Use Fogg-It 0.5 GPM for 4 min OR Fogg-It 2 GPM for 1 min. s slowly around base
tomato_001,< 40°F,0-25%,Cloudy,Wet (7-10),Don't water,Don't water,Don't water,Don't water,Don't water,Don't water,Don't water
tomato_001,< 40°F,26-50%,Sunny,Dry (0-3),Use Fogg-It 0.5 GPM for 30 sec OR Fogg-It 2 GPM for 10 sec. slowly around base,Use Fogg-It 0.5 GPM for 45 sec OR Fogg-It 2 GPM for 10 sec. s slowly around base,Use Fogg-It 0.5 GPM for 45 sec OR Fogg-It 2 GPM for 10 sec. s slowly around base,Use Fogg-It 0.5 GPM for 4 min OR Fogg-It 2 GPM for 1 min. s slowly around base,Use Fogg-It 0.5 GPM for 4 min OR Fogg-It 2 GPM for 1 min. s slowly around base,Use Fogg-It 0.5 GPM for 4 min OR Fogg-It 2 GPM for 1 min. s slowly around base,Use Fogg-It 0.5 GPM for 4 min OR Fogg-It 2 GPM for 1 min. s slowly around base
tomato_001,< 40°F,26-50%,Sunny,Normal (3-7),Use Fogg-It 0.5 GPM for 15 sec OR Fogg-It 2 GPM for 5 sec. slowly around base,Use Fogg-It 0.5 GPM for 30 sec OR Fogg-It 2 GPM for 10 sec. slowly around base,Use Fogg-It 0.5 GPM for 30 sec OR Fogg-It 2 GPM for 10 sec. slowly around base,Use Fogg-It 0.5 GPM for 45 sec OR Fogg-It 2 GPM for 10 sec. s slowly around base,Use Fogg-It 0.5 GPM for 45 sec OR Fogg-It 2 GPM for 10 sec. s slowly around base,Use Fogg-It 0.5 GPM for 4 min OR Fogg-It 2 GPM for 1 min. s slowly around base,Use Fogg-It 0.5 GPM for 4 min OR Fogg-It 2 GPM for 1 min. s slowly around base
tomato_001,< 40°F,26-50%,Sunny,Wet (7-10),Don't water,Don't water,Don't water,Don't water,Don't water,Don't water,Don't water
tomato_001,< 40°F,26-50%,Partly Cloudy,Dry (0-3),Use Fogg-It 0.5 GPM for 30 sec OR Fogg-It 2 GPM for 10 sec. slowly around base,Use Fogg-It 0.5 GPM for 30 sec OR Fogg-It 2 GPM for 10 sec. slowly around base,Use Fogg-It 0.5 GPM for 45 sec OR Fogg-It 2 GPM for 10 sec. s slowly around base,Use Fogg-It 0.5 GPM for 45 sec OR Fogg-It 2 GPM for 10 sec. s slowly around base,Use Fogg-It 0.5 GPM for 4 min OR Fogg-It 2 GPM for 1 min. s slowly around base,Use Fogg-It 0.5 GPM for 4 min OR Fogg-It 2 GPM for 1 min. s slowly around base,Use Fogg-It 0.5 GPM for 4 min OR Fogg-It 2 GPM for 1 min. s slowly around base
tomato_001,< 40°F,26-50%,Partly Cloudy,Normal (3-7),Use Fogg-It 0.5 GPM for 15 sec OR Fogg-It 2 GPM for 5 sec. slowly around base,Use Fogg-It 0.5 GPM for 15 sec OR Fogg-It 2 GPM for 5 sec. slowly around base,Use Fogg-It 0.5 GPM for 30 sec OR Fogg-It 2 GPM for 10 sec. slowly around base,Use Fogg-It 0.5 GPM for 30 sec OR Fogg-It 2 GPM for 10 sec. slowly around base,Use Fogg-It 0.5 GPM for 45 sec OR Fogg-It 2 GPM for 10 sec. s slowly around base,Use Fogg-It 0.5 GPM for 45 sec OR Fogg-It 2 GPM for 10 sec. s slowly around base,Use Fogg-It 0.5 GPM for 4 min OR Fogg-It 2 GPM for 1 min. s slowly around base
tomato_001,< 40°F,26-50%,Partly Cloudy,Wet (7-10),Don't water,Don't water,Don't water,Don't water,Don't water,Don't water,Don't water
tomato_001,< 40°F,26-50%,Cloudy,Dry (0-3),Use Fogg-It 0.5 GPM for 15 sec OR Fogg-It 2 GPM for 5 sec. slowly around base,Use Fogg-It 0.5 GPM for 30 sec OR Fogg-It 2 GPM for 10 sec. slowly around base,Use Fogg-It 0.5 GPM for 30 sec OR Fogg-It 2 GPM for 10 sec. slowly around base,Use Fogg-It 0.5 GPM for 45 sec OR Fogg-It 2 GPM for 10 sec. s slowly around base,Use Fogg-It 0.5 GPM for 45 sec OR Fogg-It 2 GPM for 10 sec. s slowly around base,Use Fogg-It 0.5 GPM for 4 min OR Fogg-It 2 GPM for 1 min. s slowly around base,Use Fogg-It 0.5 GPM for 4 min OR Fogg-It 2 GPM for 1 min. s slowly around base
tomato_001,< 40°F,26-50%,Cloudy,Normal (3-7),Use Fogg-It 0.5 GPM for 5 sec OR Fogg-It 2 GPM for 5 sec. slowly around base,Use Fogg-It 0.5 GPM for 15 sec OR Fogg-It 2 GPM for 5 sec. slowly around base,Use Fogg-It 0.5 GPM for 15 sec OR Fogg-It 2 GPM for 5 sec. slowly around base,Use Fogg-It 0.5 GPM for 30 sec OR Fogg-It 2 GPM for 10 sec. slowly around base,Use Fogg-It 0.5 GPM for 30 sec OR Fogg-It 2 GPM for 10 sec. slowly around base,Use Fogg-It 0.5 GPM for 45 sec OR Fogg-It 2 GPM for 10 sec. s slowly around base,Use Fogg-It 0.5 GPM for 45 sec OR Fogg-It 2 GPM for 10 sec. s slowly around base
tomato_001,< 40°F,26-50%,Cloudy,Wet (7-10),Don't water,Don't water,Don't water,Don't water,Don't water,Don't water,Don't water
tomato_001,< 40°F,51-75%,Sunny,Dry (0-3),Use Fogg-It 0.5 GPM for 30 sec OR Fogg-It 2 GPM for 10 sec. slowly around base,Use Fogg-It 0.5 GPM for 30 sec OR Fogg-It 2 GPM for 10 sec. slowly around base,Use Fogg-It 0.5 GPM for 45 sec OR Fogg-It 2 GPM for 10 sec. s slowly around base,Use Fogg-It 0.5 GPM for 45 sec OR Fogg-It 2 GPM for 10 sec. s slowly around base,Use Fogg-It 0.5 GPM for 4 min OR Fogg-It 2 GPM for 1 min. s slowly around base,Use Fogg-It 0.5 GPM for 4 min OR Fogg-It 2 GPM for 1 min. s slowly around base,Use Fogg-It 0.5 GPM for 4 min OR Fogg-It 2 GPM for 1 min. s slowly around base
tomato_001,< 40°F,51-75%,Sunny,Normal (3-7),Use Fogg-It 0.5 GPM for 15 sec OR Fogg-It 2 GPM for 5 sec. slowly around base,Use Fogg-It 0.5 GPM for 15 sec OR Fogg-It 2 GPM for 5 sec. slowly around base,Use Fogg-It 0.5 GPM for 30 sec OR Fogg-It 2 GPM for 10 sec. slowly around base,Use Fogg-It 0.5 GPM for 30 sec OR Fogg-It 2 GPM for 10 sec. slowly around base,Use Fogg-It 0.5 GPM for 45 sec OR Fogg-It 2 GPM for 10 sec. s slowly around base,Use Fogg-It 0.5 GPM for 45 sec OR Fogg-It 2 GPM for 10 sec. s slowly around base,Use Fogg-It 0.5 GPM for 4 min OR Fogg-It 2 GPM for 1 min. s slowly around base
tomato_001,< 40°F,51-75%,Sunny,Wet (7-10),Don't water,Don't water,Don't water,Don't water,Don't water,Don't water,Don't water
tomato_001,< 40°F,51-75%,Partly Cloudy,Dry (0-3),Use Fogg-It 0.5 GPM for 15 sec OR Fogg-It 2 GPM for 5 sec. slowly around base,Use Fogg-It 0.5 GPM for 30 sec OR Fogg-It 2 GPM for 10 sec. slowly around base,Use Fogg-It 0.5 GPM for 30 sec OR Fogg-It 2 GPM for 10 sec. slowly around base,Use Fogg-It 0.5 GPM for 45 sec OR Fogg-It 2 GPM for 10 sec. s slowly around base,Use Fogg-It 0.5 GPM for 45 sec OR Fogg-It 2 GPM for 10 sec. s slowly around base,Use Fogg-It 0.5 GPM for 4 min OR Fogg-It 2 GPM for 1 min. s slowly around base,Use Fogg-It 0.5 GPM for 4 min OR Fogg-It 2 GPM for 1 min. s slowly around base
tomato_001,< 40°F,51-75%,Partly Cloudy,Normal (3-7),Use Fogg-It 0.5 GPM for 5 sec OR Fogg-It 2 GPM for 5 sec. slowly around base,Use Fogg-It 0.5 GPM for 15 sec OR Fogg-It 2 GPM for 5 sec. slowly around base,Use Fogg-It 0.5 GPM for 15 sec OR Fogg-It 2 GPM for 5 sec. slowly around base,Use Fogg-It 0.5 GPM for 30 sec OR Fogg-It 2 GPM for 10 sec. slowly around base,Use Fogg-It 0.5 GPM for 30 sec OR Fogg-It 2 GPM for 10 sec. slowly around base,Use Fogg-It 0.5 GPM for 45 sec OR Fogg-It 2 GPM for 10 sec. s slowly around base,Use Fogg-It 0.5 GPM for 45 sec OR Fogg-It 2 GPM for 10 sec. s slowly around base
tomato_001,< 40°F,51-75%,Partly Cloudy,Wet (7-10),Don't water,Don't water,Don't water,Don't water,Don't water,Don't water,Don't water
tomato_001,< 40°F,51-75%,Cloudy,Dry (0-3),Use Fogg-It 0.5 GPM for 15 sec OR Fogg-It 2 GPM for 5 sec. slowly around base,Use Fogg-It 0.5 GPM for 15 sec OR Fogg-It 2 GPM for 5 sec. slowly around base,Use Fogg-It 0.5 GPM for 30 sec OR Fogg-It 2 GPM for 10 sec. slowly around base,Use Fogg-It 0.5 GPM for 30 sec OR Fogg-It 2 GPM for 10 sec. slowly around base,Use Fogg-It 0.5 GPM for 45 sec OR Fogg-It 2 GPM for 10 sec. s slowly around base,Use Fogg-It 0.5 GPM for 45 sec OR Fogg-It 2 GPM for 10 sec. s slowly around base,Use Fogg-It 0.5 GPM for 4 min OR Fogg-It 2 GPM for 1 min. s slowly around base
tomato_001,< 40°F,51-75%,Cloudy,Normal (3-7),Use Fogg-It 0.5 GPM for 5 sec OR Fogg-It 2 GPM for 5 sec. slowly around base,Use Fogg-It 0.5 GPM for 5 sec OR Fogg-It 2 GPM for 5 sec. slowly around base,Use Fogg-It 0.5 GPM for 15 sec OR Fogg-It 2 GPM for 5 sec. slowly around base,Use Fogg-It 0.5 GPM for 15 sec OR Fogg-It 2 GPM for 5 sec. slowly around base,Use Fogg-It 0.5 GPM for 30 sec OR Fogg-It 2 GPM for 10 sec. slowly around base,Use Fogg-It 0.5 GPM for 30 sec OR Fogg-It 2 GPM for 10 sec. slowly around base,Use Fogg-It 0.5 GPM for 45 sec OR Fogg-It 2 GPM for 10 sec. s slowly around base
tomato_001,< 40°F,51-75%,Cloudy,Wet (7-10),Don't water,Don't water,Don't water,Don't water,Don't water,Don't water,Don't water
tomato_001,< 40°F,76-100%,Sunny,Dry (0-3),Use Fogg-It 0.5 GPM for 15 sec OR Fogg-It 2 GPM for 5 sec. slowly around base,Use Fogg-It 0.5 GPM for 15 sec OR Fogg-It 2 GPM for 5 sec. slowly around base,Use Fogg-It 0.5 GPM for 30 sec OR Fogg-It 2 GPM for 10 sec. slowly around base,Use Fogg-It 0.5 GPM for 45 sec OR Fogg-It 2 GPM for 10 sec. s slowly around base,Use Fogg-It 0.5 GPM for 45 sec OR Fogg-It 2 GPM for 10 sec. s slowly around base,Use Fogg-It 0.5 GPM for 4 min OR Fogg-It 2 GPM for 1 min. s slowly around base,Use Fogg-It 0.5 GPM for 4 min OR Fogg-It 2 GPM for 1 min. s slowly around base
tomato_001,< 40°F,76-100%,Sunny,Normal (3-7),Don't water,Use Fogg-It 0.5 GPM for 5 sec OR Fogg-It 2 GPM for 5 sec. slowly around base,Use Fogg-It 0.5 GPM for 15 sec OR Fogg-It 2 GPM for 5 sec. slowly around base,Use Fogg-It 0.5 GPM for 30 sec OR Fogg-It 2 GPM for 10 sec. slowly around base,Use Fogg-It 0.5 GPM for 30 sec OR Fogg-It 2 GPM for 10 sec. slowly around base,Use Fogg-It 0.5 GPM for 45 sec OR Fogg-It 2 GPM for 10 sec. s slowly around base,Use Fogg-It 0.5 GPM for 45 sec OR Fogg-It 2 GPM for 10 sec. s slowly around base
tomato_001,< 40°F,76-100%,Sunny,Wet (7-10),Don't water,Don't water,Don't water,Don't water,Don't water,Don't water,Don't water
tomato_001,< 40°F,76-100%,Partly Cloudy,Dry (0-3),Use Fogg-It 0.5 GPM for 15 sec OR Fogg-It 2 GPM for 5 sec. slowly around base,Use Fogg-It 0.5 GPM for 15 sec OR Fogg-It 2 GPM for 5 sec. slowly around base,Use Fogg-It 0.5 GPM for 30 sec OR Fogg-It 2 GPM for 10 sec. slowly around base,Use Fogg-It 0.5 GPM for 30 sec OR Fogg-It 2 GPM for 10 sec. slowly around base,Use Fogg-It 0.5 GPM for 45 sec OR Fogg-It 2 GPM for 10 sec. s slowly around base,Use Fogg-It 0.5 GPM for 45 sec OR Fogg-It 2 GPM for 10 sec. s slowly around base,Use Fogg-It 0.5 GPM for 4 min OR Fogg-It 2 GPM for 1 min. s slowly around base
tomato_001,< 40°F,76-100%,Partly Cloudy,Normal (3-7),Don't water,Use Fogg-It 0.5 GPM for 5 sec OR Fogg-It 2 GPM for 5 sec. slowly around base,Use Fogg-It 0.5 GPM for 15 sec OR Fogg-It 2 GPM for 5 sec. slowly around base,Use Fogg-It 0.5 GPM for 15 sec OR Fogg-It 2 GPM for 5 sec. slowly around base,Use Fogg-It 0.5 GPM for 30 sec OR Fogg-It 2 GPM for 10 sec. slowly around base,Use Fogg-It 0.5 GPM for 30 sec OR Fogg-It 2 GPM for 10 sec. slowly around base,Use Fogg-It 0.5 GPM for 45 sec OR Fogg-It 2 GPM for 10 sec. s slowly around base
tomato_001,< 40°F,76-100%,Partly Cloudy,Wet (7-10),Don't water,Don't water,Don't water,Don't water,Don't water,Don't water,Don't water
tomato_001,< 40°F,76-100%,Cloudy,Dry (0-3),Use Fogg-It 0.5 GPM for 15 sec OR Fogg-It 2 GPM for 5 sec. slowly around base,Use Fogg-It 0.5 GPM for 15 sec OR Fogg-It 2 GPM for 5 sec. slowly around base,Use Fogg-It 0.5 GPM for 15 sec OR Fogg-It 2 GPM for 5 sec. slowly around base,Use Fogg-It 0.5 GPM for 30 sec OR Fogg-It 2 GPM for 10 sec. slowly around base,Use Fogg-It 0.5 GPM for 30 sec OR Fogg-It 2 GPM for 10 sec. slowly around base,Use Fogg-It 0.5 GPM for 45 sec OR Fogg-It 2 GPM for 10 sec. s slowly around base,Use Fogg-It 0.5 GPM for 45 sec OR Fogg-It 2 GPM for 10 sec. s slowly around base
tomato_001,< 40°F,76-100%,Cloudy,Normal (3-7),Don't water,Don't water,Use Fogg-It 0.5 GPM for 5 sec OR Fogg-It 2 GPM for 5 sec. slowly around base,Use Fogg-It 0.5 GPM for 15 sec OR Fogg-It 2 GPM for 5 sec. slowly around base,Use Fogg-It 0.5 GPM for 15 sec OR Fogg-It 2 GPM for 5 sec. slowly around base,Use Fogg-It 0.5 GPM for 30 sec OR Fogg-It 2 GPM for 10 sec. slowly around base,Use Fogg-It 0.5 GPM for 30 sec OR Fogg-It 2 GPM for 10 sec. slowly around base
tomato_001,< 40°F,76-100%,Cloudy,Wet (7-10),Don't water,Don't water,Don't water,Don't water,Don't water,Don't water,Don't water
